Price,Close,High,Low,Open,Volume
Ticker,GOOGL,GOOGL,GOOGL,GOOGL,GOOGL
Date,,,,,
2019-01-02,52.270503997802734,52.57331888412528,50.813423120307995,50.908580008978696,31868000
2019-01-03,50.82284164428711,52.84441709717071,50.66920519192251,52.071769274946,41960000
2019-01-04,53.42972183227539,53.52537405136797,51.387331238986945,51.66982611745576,46022000
2019-01-07,53.32316589355469,53.65918319543551,52.66500061510642,53.57344520430114,47446000
2019-01-08,53.7915153503418,54.187006667540984,52.94799337990936,53.82273645848381,35414000
2019-01-09,53.60715103149414,54.10226102894677,53.246348142659265,53.92136614202723,26998000
2019-01-10,53.46739196777344,53.51596107886595,52.7661099648934,53.27460152267623,26598000
2019-01-11,52.75570297241211,53.196791439584736,52.357235840144156,53.024816319452164,30864000
2019-01-14,52.11339569091797,52.45734590533918,51.966697695349396,52.20409079934666,28490000
2019-01-15,53.8480224609375,53.93525025101272,52.25861559013519,52.43554783604918,37518000
2019-01-16,53.99669647216797,54.63355115915483,53.922358694920945,54.02098291892573,38280000
2019-01-17,54.47297668457031,54.55128090841665,53.68694354161793,53.921368442386935,24896000
2019-01-18,54.87838363647461,55.40868122487252,54.48090716644396,54.94231563947383,44892000
2019-01-22,53.457481384277344,54.46554479169045,53.07388180032208,54.31834766794679,39632000
2019-01-23,53.74394226074219,54.167187396746016,52.90934376478967,53.86536315507689,25194000
2019-01-24,53.7236213684082,53.92186426712231,53.03076377971732,53.64977514185636,29114000
2019-01-25,54.591426849365234,54.68311263158913,54.11019370892404,54.23062393672968,23260000
2019-01-28,53.518436431884766,54.1879981946818,53.258242881114185,54.024451311803865,29334000
2019-01-29,53.03274917602539,53.75980371100518,52.83252492952006,53.57692368708818,19704000
2019-01-30,54.416969299316406,54.49279685136186,53.358850902146436,53.39453378878516,29452000
2019-01-31,55.79970169067383,55.88792012682342,54.77677468504091,55.12320153779431,40232000
2019-02-01,55.43940734863281,56.2214740701124,55.22282955760962,55.62129291519569,33116000
2019-02-04,56.56938552856445,56.6149826428997,55.38439370064637,55.45873526005803,78408000
2019-02-05,57.08729934692383,57.13190580060981,55.686224891655264,55.98507338479125,82296000
2019-02-06,55.65102767944336,57.19285589279355,55.42651701277045,56.95843478322537,48256000
2019-02-07,54.80949020385742,55.1108153073411,54.198903324088725,55.10239086379588,38298000
2019-02-08,54.63454055786133,54.769346782323446,54.23112011299676,54.26283655557469,21766000
2019-02-11,54.62165832519531,55.182190149293774,54.51659098443572,54.70244299915539,18498000
2019-02-12,55.88347244262695,56.14515201996512,55.06225170507033,55.06225170507033,35036000
2019-02-13,55.93551254272461,56.640265760763526,55.80516807867311,56.15407546496783,28042000
2019-02-14,55.9637565612793,56.30721147033604,55.363579193970516,55.755603216750615,21106000
2019-02-15,55.48946762084961,56.464324890565734,55.34524626407795,56.464324890565734,27826000
2019-02-19,55.830440521240234,55.98556297395831,55.341278267413735,55.341278267413735,21980000
2019-02-20,55.53703689575195,56.04949489564427,55.09892423297482,55.94789489522291,24090000
2019-02-21,54.725242614746094,55.46567871474324,54.416479906503056,55.44734004449686,33272000
2019-02-22,55.33730697631836,55.37150386454631,54.54136721859264,54.9973232075196,29436000
2019-02-25,55.3754768371582,55.775429986057915,55.21589260034126,55.60345485849227,26208000
2019-02-26,55.607418060302734,55.826971639267626,54.84864709251726,55.22877557612181,35026000
2019-02-27,55.65102767944336,55.7917778993341,54.940825906361525,55.210929903988735,22092000
2019-02-28,55.832427978515625,56.20116004441718,55.429007465634214,55.45824724768078,27422000
2019-03-01,56.9212646484375,56.99461554133449,56.05296461528738,56.05296461528738,34086000
2019-03-04,57.16411209106445,57.76379409393072,56.412275862107286,57.22061031288976,35490000
2019-03-05,57.94568634033203,58.307479941132485,57.14429402263244,57.29198270561337,40094000
2019-03-06,57.73505401611328,58.22074516470668,57.64138311830009,58.07305648761124,23602000
2019-03-07,57.036739349365234,57.66764623960241,56.58375534858364,57.51500046237742,30086000
2019-03-08,56.99312973022461,57.16560018173033,56.01331546458372,56.19669080684739,23694000
2019-03-11,58.44476318359375,58.47697496314685,57.07242945202631,57.093740121067434,30032000
2019-03-12,59.33634948730469,59.755631944132176,58.5954219125641,58.5954219125641,42220000
2019-03-13,59.42605972290039,59.82551755099398,59.36906616109986,59.76654265658658,25888000
2019-03-14,59.102420806884766,59.705573907102305,59.03799347607195,59.42406969020674,27302000
2019-03-15,58.991905212402344,59.55788568478085,58.82884986974462,59.373523455870405,51886000
2019-03-18,58.90517044067383,59.22235753473291,58.554777125552505,58.96166865920172,24442000
2019-03-19,59.594566345214844,59.6416494618808,58.950277830825264,59.06228361960449,29788000
2019-03-20,60.782527923583984,60.95896482575789,59.45232405589569,59.5420285063516,41508000
2019-03-21,61.26325988769531,61.27862277537939,60.294350579918934,60.4638490210251,28150000
2019-03-22,59.85177993774414,61.13936242847157,59.77000460105238,60.902464643554005,34422000
2019-03-25,59.34279251098633,59.94049319456507,58.977036279224706,59.45083562608239,27576000
2019-03-26,58.96910858154297,59.851780848264944,58.56866011714988,59.729860841033144,30752000
2019-03-27,58.382808685302734,59.072195171422834,57.69986152973623,59.072195171422834,29428000
2019-03-28,58.09832763671875,58.34513964794122,57.66021495319524,58.25841097953711,22402000
2019-03-29,58.327301025390625,58.678189713004706,57.80641854885906,58.49035258830934,30890000
2019-04-01,59.42209243774414,59.48255332690599,58.79663796251399,58.855117519223015,27706000
2019-04-02,59.74721145629883,59.760593013316004,59.038495611031834,59.47512231772895,18288000
2019-04-03,60.00838851928711,60.4935842834333,59.72440763827623,60.10205562602446,22180000
2019-04-04,60.43659591674805,60.49111280924098,59.920670551711964,60.0321810022952,21022000
2019-04-05,60.04011154174805,60.48318513707382,59.96973642542001,60.42916357641518,20012000
2019-04-08,59.88300704956055,60.164012178438526,59.70557948026321,60.02326194743682,21750000
2019-04-09,59.60595703125,59.826996588606484,59.39235125147336,59.566311477880355,19668000
2019-04-10,59.79230499267578,59.915710995430445,59.50535210028214,59.72490566065685,15510000
2019-04-11,59.947933197021484,60.10405010747455,59.697653832077705,59.91373630353821,16998000
2019-04-12,60.599159240722656,60.61501746375043,60.13130763088175,60.246780752733265,24312000
2019-04-15,60.78748321533203,60.924766109664986,60.194244304362236,60.66655387590557,23796000
2019-04-16,61.05411911010742,61.255829336431965,60.713636210736404,60.95945755130198,22622000
2019-04-17,61.46200180053711,61.70782314293728,61.10318401138425,61.30638023853066,30366000
2019-04-18,61.52791976928711,61.749454667918044,61.425824430606916,61.70286688717368,24750000
2019-04-22,62.13701629638672,62.165760741296786,61.12647625838535,61.29002693191078,19084000
2019-04-23,62.97111892700195,63.1614327114639,62.04830201170659,62.279751130770016,31868000
2019-04-24,62.44874572753906,63.14011725246785,62.436853952789264,62.97111414778841,23396000
2019-04-25,62.81005096435547,63.080650314186634,62.34715649072058,62.95674897281491,31344000
2019-04-26,63.30961990356445,63.38346613255993,62.694079634009796,63.10939566577657,27228000
2019-04-29,64.24036407470703,64.27853119264928,63.026627793364206,63.46275914712026,72368000
2019-04-30,59.42110061645508,59.52121083974043,58.6301141487377,59.008261271049264,133178000
2019-05-01,58.15037155151367,59.43547746773501,58.06909154217159,59.348745012660174,74340000
2019-05-02,57.8128662109375,58.45071163354432,57.40746059901246,58.11469047537964,45098000
2019-05-03,58.954734802246094,59.04642058122197,58.16176700539989,58.3530676741448,41588000
2019-05-06,59.14851760864258,59.246151168796715,58.04331599247697,58.08494666120773,31774000
2019-05-07,58.4249382019043,59.213444295720755,57.73802834006211,58.769383799124,36604000
2019-05-08,58.02448654174805,58.69305769705968,57.86836964135155,58.347122338108534,25520000
2019-05-09,57.88521957397461,58.18753915543784,57.22457751787143,57.61908199810237,29556000
2019-05-10,57.86886978149414,58.297072067168,56.814717624040306,57.92834379162575,31650000
2019-05-13,56.33000946044922,57.09225152322604,55.78038630759309,56.75871083102753,45626000
2019-05-14,55.74866485595703,56.74037091442283,55.68274773950584,56.61399290816184,40392000
2019-05-15,58.02547836303711,58.397182395251555,55.57718659421055,55.634180153756134,59302000
2019-05-16,58.70446014404297,59.18321667093368,57.909015567038495,58.07702426072124,35308000
2019-05-17,57.925357818603516,58.7931624623442,57.80839493274456,58.274760476951634,25362000
2019-05-20,56.7299690246582,57.14330374395183,56.406834094309716,57.14330374395183,30602000
2019-05-21,57.21466827392578,57.39110518272423,56.66305999382111,57.21664960649212,20562000
2019-05-22,57.284549713134766,57.67756443239656,57.04418079160819,57.05657168284372,18826000
2019-05-23,56.76365661621094,56.997087048872494,56.16001198314616,56.79983861686111,25214000
2019-05-24,56.43012237548828,57.21069931124929,56.33595614636287,57.09373641510665,18554000
2019-05-28,56.47720718383789,57.3162674834186,56.43309606667105,56.572364082056716,20948000
2019-05-29,55.50482940673828,56.2512094600293,55.108838931642744,56.137218561285856,36230000
2019-05-30,55.57767868041992,55.84481068861626,55.30459889381665,55.51523267890024,18088000
2019-05-31,54.8387336730957,55.18069879925866,54.682616775197495,54.79611233825002,31582000
2019-06-03,51.48051834106445,52.88109749154792,50.90016556639657,52.877630159271995,96890000
2019-06-04,52.26109313964844,52.45685939218316,51.34620522878491,51.76548773438265,60512000
2019-06-05,51.772918701171875,52.37607186834259,51.19603709595773,52.28636741585876,46988000
2019-06-06,51.92755126953125,52.038566393848484,51.32043541783683,51.8507330384131,29020000
2019-06-07,52.9489860534668,53.19976450009471,52.09555360809189,52.250679832046735,43828000
2019-06-10,53.662166595458984,54.26085796278407,53.29145324063986,53.37669591083266,28510000
2019-06-11,53.57691955566406,54.71532738750787,53.50406777654028,54.367410703409845,33508000
2019-06-12,53.480777740478516,53.65027241899154,53.00995036632593,53.522903743541775,23670000
2019-06-13,54.07103729248047,54.347584407336804,53.65274928851718,53.75880728879891,20814000
2019-06-14,53.837608337402344,54.256890800358164,53.59872921830184,54.00809745670591,24582000
2019-06-17,54.213775634765625,54.580027215672686,53.92186561538128,53.976382508420016,19770000
2019-06-18,54.77629089355469,55.44733874322779,54.55574664729539,55.08653959398195,34526000
2019-06-19,54.7401008605957,54.98394085352092,54.319827765234635,54.87540241230832,26714000
2019-06-20,55.17079544067383,55.64261352675828,54.86351871773,55.59205929325359,24018000
2019-06-21,55.7739372253418,55.83340744385582,54.99831368876088,55.005252132998756,50774000
2019-06-24,55.3442497253418,55.684732634870436,55.1762410507709,55.50780040186352,24236000
2019-06-25,53.90105056762695,55.29469111706797,53.75335811004404,55.263965338513984,31644000
2019-06-26,53.54124450683594,54.27474220479346,53.21266089065285,54.07055149776102,34698000
2019-06-27,53.35836410522461,53.9446646161465,53.31970543283321,53.8599172741758,24078000
2019-06-28,53.66414260864258,53.66414260864258,53.21809707135729,53.388090842944386,33672000
2019-07-01,54.5165901184082,54.94231570143417,54.28514099136783,54.568131231127936,29196000
2019-07-02,55.141048431396484,55.15542065279538,54.50023112179419,54.75596288971609,20630000
2019-07-03,55.65598678588867,55.903789460004994,55.25256255020916,55.43345744358683,20154000
2019-07-05,56.1357307434082,56.2338596354491,55.38389826892284,55.47657471559063,29794000
2019-07-08,55.34871292114258,55.86513362949331,55.099424235047145,55.798721178484186,29888000
2019-07-09,55.72040939331055,55.89734160684681,54.870939660046375,55.02804720759477,29472000
2019-07-10,56.54410934448242,56.614979787378196,56.036113125488434,56.11838379168522,30710000
2019-07-11,56.70121383666992,57.15518850576028,56.475716282568364,56.8042998372647,26004000
2019-07-12,56.76365661621094,56.870709056633935,56.42763930303524,56.6442170680306,21878000
2019-07-15,57.01988983154297,57.02831427513715,56.499007391595406,56.76365894278199,21164000
2019-07-16,57.16608810424805,57.41983852692772,56.832543687174045,56.832543687174045,25352000
2019-07-17,56.83305740356445,57.412914834277814,56.82710962431831,57.04022010498681,19538000
2019-07-18,56.857826232910156,56.90391867875473,56.145147784572956,56.59812800768483,25450000
2019-07-19,56.080223083496094,57.07291978828749,56.06535552790111,56.96091400704778,23184000
2019-07-22,56.45985412597656,56.49999879330321,55.76600968268364,56.2744974586487,28914000
2019-07-23,56.897972106933594,56.938116775342806,56.14465364197187,56.6699941006798,20648000
2019-07-24,56.485626220703125,56.76960710760005,55.92955622217144,56.13325155608208,27192000
2019-07-25,56.29779815673828,56.6769359682193,55.69167299150224,56.446972834493835,54762000
2019-07-26,61.71377182006836,62.86208631623326,60.86033933505423,60.86033933505423,121216000
2019-07-29,61.546260833740234,61.900620665426864,60.96937541486463,61.578971728283605,41382000
2019-07-30,60.8603401184082,61.301923922317876,60.72751521911687,60.81077655714907,28616000
2019-07-31,60.37464141845703,61.20279674885371,59.878045420071864,60.7052100842924,39960000
2019-08-01,60.05646514892578,61.27168739703548,59.819563585983744,60.34639382180189,35426000
2019-08-02,59.29026412963867,59.94346862631582,58.97703965700888,59.62132815732613,34910000
2019-08-05,57.23002624511719,58.32680338022532,56.63530134579319,58.13301848461888,47840000
2019-08-06,58.03934860229492,58.55081214253759,57.56604461469763,57.763792165653605,36014000
2019-08-07,58.27873229980469,58.474990088824434,57.03624777151568,57.38118868283496,30686000
2019-08-08,59.779422760009766,59.78388075791878,58.184068276743524,58.80010384530423,30116000
2019-08-09,58.92251968383789,59.693681486456704,58.72378145475183,59.47214659102437,20418000
2019-08-12,58.20884704589844,58.75946462189785,57.92238948180988,58.48143150180657,22064000
2019-08-13,59.31058120727539,59.74175925120991,58.13401753831253,58.2014168756371,28434000
2019-08-14,57.70085525512695,58.61970574265345,57.54325235821209,58.286660394406965,35430000
2019-08-15,57.952125549316406,58.30400490109744,57.638904867575555,57.90801821500315,28506000
2019-08-16,58.44227981567383,58.67174761330674,58.13451157225545,58.520587823797115,24916000
2019-08-19,59.49444580078125,59.938014690087954,58.99685913675256,59.06772957995668,24450000
2019-08-20,58.656375885009766,59.373519880954184,58.632588553448954,59.24218477136379,20206000
2019-08-21,59.05534362792969,59.50039855370916,58.87395339234102,59.26548209084223,14152000
2019-08-22,59.05237579345703,59.4121842912339,58.427416587404394,59.16537225352937,17352000
2019-08-23,57.17204666137695,59.25804953847052,56.99461908714988,58.737662373468076,36254000
2019-08-26,58.044307708740234,58.07800926706083,57.23498631942803,57.46296433534002,21166000
2019-08-27,58.02647018432617,58.729238258896096,57.7162214848398,58.6301186941335,23460000
2019-08-28,58.17167663574219,58.40708841541455,57.50261018466387,57.731578852937695,16810000
2019-08-29,59.18717956542969,59.43250181222735,58.74311529313986,58.79961352081635,19636000
2019-08-30,59.0033073425293,59.489992939484985,58.76491976593899,59.489992939484985,18064000
2019-09-03,57.963523864746094,58.93143877153899,57.67409052559713,58.573116319883106,25908000
2019-09-04,58.593936920166016,58.723290712947666,58.06165797355199,58.45417735019245,21312000
2019-09-05,60.07678985595703,60.16649430936751,59.110357089491124,59.158430872186315,26394000
2019-09-06,59.78586959838867,60.11445317976544,59.63421069314769,59.92562916495769,18972000
2019-09-09,59.73382568359375,60.491110590952744,59.13414366933151,59.823530130124,31854000
2019-09-10,59.7551383972168,59.968248854309444,59.27489592378872,59.27886236990376,27922000
2019-09-11,60.46385192871094,60.586267265331834,59.58563768674742,59.6654316897964,23522000
2019-09-12,61.205772399902344,61.57499595167409,60.59072373372645,60.63582551282621,31644000
2019-09-13,61.45655059814453,61.50710482527738,60.814742564855344,61.06403124403574,23676000
2019-09-16,61.04024124145508,61.40649279974879,60.721069014089025,60.981262572769054,28218000
2019-09-17,60.95351028442383,61.20726073791632,60.629880051304234,61.04024273315963,20806000
2019-09-18,61.09079360961914,61.26871650630097,60.288906022946065,60.97135405037176,17440000
2019-09-19,61.39311981201172,61.6701622968845,61.07395132127059,61.074446654433565,16554000
2019-09-20,60.95153045654297,61.59383382640864,60.64128177196339,61.13985913301072,37692000
2019-09-23,61.19189453125,61.43920185978645,60.65118742964138,60.78946098208002,20798000
2019-09-24,60.381080627441406,61.80743186462385,59.99996154307381,61.455057222181,35804000
2019-09-25,61.749454498291016,61.852540502912774,59.92859863871399,60.266105764581944,26798000
2019-09-26,61.56855773925781,61.68651508439093,61.04966036820678,61.5611239611923,23166000
2019-09-27,60.75873947143555,61.702371740362565,60.22596144286288,61.595319289066644,34122000
2019-09-30,60.52035140991211,60.83109542237174,60.137746284839075,60.493588297306076,24470000
2019-10-01,59.7700080871582,61.10120643713175,59.74770675253301,60.58726238746662,24504000
2019-10-02,58.37834930419922,59.41119074300899,58.116174388793425,59.299184954697544,33030000
2019-10-03,58.948787689208984,59.02659657988289,57.64584230969986,58.64696345554862,28368000
2019-10-04,60.01582717895508,60.09016873940147,59.025111789237364,59.18965313222018,24282000
2019-10-07,59.88151931762695,60.40983559742086,59.688728852507744,59.819568644308006,17040000
2019-10-08,58.98347854614258,59.81311988849005,58.95126298908241,59.41168077323603,20086000
2019-10-09,59.591590881347656,59.891929138384114,59.37947107923903,59.53856376669728,15948000
2019-10-10,59.941978454589844,60.24677468043726,59.36658289240566,59.40325644739945,12842000
2019-10-11,60.25123596191406,60.89750574443439,60.14864529422932,60.663579965023196,22330000
2019-10-14,60.35333251953125,60.755266973504796,60.06142251302873,60.16103740300825,13296000
2019-10-15,61.56608200073242,61.80843224412297,60.509453240407424,60.53819768684944,27584000
2019-10-16,61.60374450683594,62.158324727681624,61.38220583718285,61.54476583864599,22986000
2019-10-17,62.089447021484375,62.63213556669326,61.94423499499263,62.02006256449751,20958000
2019-10-18,61.67362594604492,62.352602851732314,61.46200149482025,62.18310818244635,31624000
2019-10-21,61.66718673706055,62.12462877724251,61.45457160617475,61.886244979862205,18094000
2019-10-22,61.51453399658203,61.887723987732535,61.447626219310095,61.67709021317982,22862000
2019-10-23,62.32882308959961,62.34914309279807,61.465480073169445,61.465480073169445,21282000
2019-10-24,62.40216064453125,62.589993964777044,62.067130220576445,62.40216064453125,20224000
2019-10-25,62.659385681152344,62.84276102517835,61.908543864862274,62.049789425950415,27104000
2019-10-28,63.882537841796875,64.3910294301529,63.056367570459585,63.18968402214204,65428000
2019-10-29,62.47898483276367,63.47713397488909,62.22870171169887,63.23924174377669,52654000
2019-10-30,62.48096466064453,62.843748886416854,61.982882658369164,62.205903547467116,29204000
2019-10-31,62.38680648803711,62.76941543039994,61.924902647758614,62.44628049735071,31904000
2019-11-01,63.05339431762695,63.090566990184044,62.43190625413657,62.733730508182425,28812000
2019-11-04,63.91376495361328,64.0569956350215,63.24469844402674,63.24469844402674,30632000
2019-11-05,64.00445556640625,64.29190757525862,63.9023640108169,63.99256000959573,25148000
2019-11-06,63.9831428527832,64.08127174040926,63.549987302116946,63.937549521749176,24626000
2019-11-07,64.77265167236328,65.55124732510535,64.11894803478323,64.14521203530747,45140000
2019-11-08,64.8747329711914,65.27667118223397,64.50401964958242,64.50401964958242,30392000
2019-11-11,64.34344482421875,64.67153679556036,64.22400528070442,64.62692657223562,17234000
2019-11-12,64.29042053222656,64.8920876877892,64.14322718981167,64.35782364879786,28852000
2019-11-13,64.23937225341797,64.5535873756661,64.03964335826284,64.09068913624539,20538000
2019-11-14,64.88217163085938,65.20779076149725,64.12835782292629,64.18089338195229,28948000
2019-11-15,66.09095764160156,66.09095764160156,65.01796782618717,65.17458383535813,39286000
2019-11-18,65.4119644165039,66.10977901389909,65.22958354795469,66.03147101979422,27984000
2019-11-19,65.05267333984375,65.74849923759137,65.01203333229586,65.74849923759137,21864000
2019-11-20,64.52088165283203,65.08339101361491,63.893941175344125,64.99170523205015,28892000
2019-11-21,64.43563079833984,64.97980142122182,63.97025216133584,64.39151968848033,25546000
2019-11-22,64.11498260498047,64.7706675468929,63.90137680975466,64.57738175349998,27776000
2019-11-25,64.70822143554688,64.9446276928493,64.21113381502923,64.24334937614718,23590000
2019-11-26,65.072998046875,65.12305316957719,64.62893749315501,64.91985311715116,21910000
2019-11-27,65.02985382080078,65.30293734931635,64.89802717326724,65.19291291752623,18808000
2019-11-29,64.63139343261719,64.92181742842484,64.5887721004546,64.75579387869145,12802000
2019-12-02,63.8765869140625,64.69830287933014,63.45631004081915,64.55556377033386,26538000
2019-12-03,64.16800689697266,64.29141668310302,63.29128242026133,63.37107264352633,25270000
2019-12-04,65.36736297607422,65.63152295609659,64.57984392882136,64.73100747526055,35506000
2019-12-05,65.76485443115234,65.8154086629345,65.13841301033878,65.7668357637966,24408000
2019-12-06,66.38087463378906,66.53352039761293,65.97646356061546,66.05179199526741,32968000
2019-12-09,66.5593032836914,67.2809091155048,66.21634370373974,66.35462104976114,30842000
2019-12-10,66.55435180664062,66.80760694308702,66.11375487153835,66.40814912656901,17606000
2019-12-11,66.62175750732422,66.90127665439235,66.4656405961161,66.82247708963801,20480000
2019-12-12,66.8318862915039,67.1337067474379,66.32191249314344,66.57020672354811,29114000
2019-12-13,66.75159454345703,66.97362476736325,66.49338609778081,66.80264032041094,33170000
2019-12-16,67.4370346069336,67.5772857409777,66.93696739622504,67.15453588142127,28128000
2019-12-17,67.14908599853516,67.61693766412334,66.94489528275352,67.52178075228007,32948000
2019-12-18,67.00138092041016,67.3740756040836,66.9295235885865,67.25364537789,23330000
2019-12-19,67.22589111328125,67.27991645266661,66.84477198828064,67.00138043639537,28922000
2019-12-20,66.9671859741211,67.60056957774427,66.9429033073999,67.55596690931648,50090000
2019-12-23,66.93793487548828,67.49400101185579,66.8075904503284,67.33937392545269,19936000
2019-12-24,66.63066864013672,67.00634289086061,66.61778997900616,66.91712999282349,13468000
2019-12-26,67.52473449707031,67.5609202794814,66.68418830496807,66.7357331937693,23662000
2019-12-27,67.13668060302734,67.7517254677275,67.05540060541519,67.60056191429713,23212000
2019-12-30,66.39673614501953,67.25363966980721,66.30405970566383,67.24422456030106,19994000
2019-12-31,66.38087463378906,66.44381596112649,66.02106622175161,66.20245642690789,19514000
2020-01-02,67.83251190185547,67.83251190185547,66.73276652225083,66.82792341596551,27278000
2020-01-03,67.4776611328125,68.08379009099887,66.77390239021686,66.80760773096915,23408000
2020-01-06,69.27620697021484,69.30148029943362,66.95627869440405,66.98749602026135,46768000
2020-01-07,69.14241027832031,69.55822547463004,68.96647246724191,69.4075609996627,34330000
2020-01-08,69.63453674316406,69.97204388362319,69.01949180178964,69.12802647532469,35314000
2020-01-09,70.36554718017578,70.80613648268411,69.8907534284605,70.47160139102655,33200000
2020-01-10,70.82001495361328,71.11639050055818,70.35613364348731,70.84529584599768,26258000
2020-01-13,71.36865997314453,71.44051730380278,70.64210083819175,71.1317546271615,30730000
2020-01-14,70.90081024169922,71.49751649539529,70.76104311691866,71.36717204334909,26076000
2020-01-15,71.32752990722656,71.40583792168397,70.95384451597616,71.02124763841545,21550000
2020-01-16,71.87071990966797,71.89748302625469,71.36718158869391,71.63728563930937,26080000
2020-01-17,73.32579803466797,73.37684381090587,72.18739403885324,72.48426114877846,52424000
2020-01-21,73.46111297607422,73.83926013588128,72.8643991173482,73.30003517222072,48930000
2020-01-22,73.54139709472656,74.36955634065013,73.4814353131619,73.83182870287273,28458000
2020-01-23,73.58201599121094,74.0186501633295,73.365438242496,73.72376442243804,26650000
2020-01-24,72.66416931152344,74.05334797496889,72.51597775102503,73.98495419699645,29786000
2020-01-27,70.95731353759766,71.19768245755475,70.35118456784836,70.94789842652807,34132000
2020-01-28,71.88755798339844,72.10066465532061,70.88940505128319,71.45340418513541,29724000
2020-01-29,72.19483184814453,72.56356386926777,71.63430381972567,72.2820558505161,21566000
2020-01-30,72.07340240478516,72.12295839747925,71.11936068796703,71.2729971212912,27110000
2020-01-31,71.00935363769531,72.83763974165787,70.72586425069801,72.74793528121658,43822000
2020-02-03,73.47845458984375,73.66183373200143,72.19037662681714,72.4401606618482,71636000
2020-02-04,71.63529205322266,72.7221511823301,70.47656803193662,72.08530406404785,95880000
2020-02-05,71.6670150756836,72.58537028746804,70.85571232176258,72.53729650429216,36376000
2020-02-06,73.14986419677734,73.42691043576079,71.88656813376596,71.96090591264428,37822000
2020-02-07,73.30547332763672,73.60977419551057,72.62649648623446,72.72462536770595,28360000
2020-02-10,74.76998138427734,74.7808862728991,73.11168964249923,73.21229896165582,38302000
2020-02-11,74.83938598632812,75.82168077098233,74.61091262722508,74.99847489323436,34852000
2020-02-12,75.26411437988281,75.34687659684808,74.7704903895511,75.12682771259597,31042000
2020-02-13,75.00442504882812,75.62690377435739,74.5390463323393,74.8364125860934,22914000
2020-02-14,75.2690658569336,75.33448763337121,74.61585388336378,75.06091253402924,23198000
2020-02-18,75.30426025390625,75.85537316720415,74.8864637897621,75.05150424505347,25642000
2020-02-19,75.57337951660156,75.8643026659883,75.38059282964247,75.68885642045224,22746000
2020-02-20,75.1828384399414,75.68240645418584,74.55192774826135,75.2829486635649,25962000
2020-02-21,73.52107238769531,74.8834956332235,73.27475947782071,74.56779071017739,42520000
2020-02-24,70.3690185546875,71.1877625983734,69.72126652670165,70.52711678476247,49560000
2020-02-25,68.70675659179688,71.21104711521028,68.41435127649457,70.92112224638342,51580000
2020-02-26,68.91244506835938,70.0622532674359,68.22256317384887,69.13596510821695,49776000
2020-02-27,65.16962432861328,67.86819914105875,65.13443677157909,67.3597075582135,62290000
2020-02-28,66.37394714355469,66.53253692106605,62.85316484722115,63.15548440926263,80198000
2020-03-02,68.70675659179688,68.76374636203735,65.67761720638778,66.97560913503754,55430000
2020-03-03,66.29812622070312,69.79065597401333,65.87784927791827,69.26977724679543,56602000
2020-03-04,68.47284698486328,68.53132654925601,66.2624434731714,67.35079255744755,47598000
2020-03-05,65.16020202636719,67.08662414156048,64.50996962092215,66.68616815842502,54380000
2020-03-06,64.21756744384766,64.56498121361302,62.307997902917315,62.93940012057122,64640000
2020-03-09,60.25520706176758,62.085973437860574,59.37550676498299,59.718466349939796,69252000
2020-03-10,63.19810485839844,63.231806414527796,60.19176194894064,62.16823929817354,54872000
2020-03-11,60.012855529785156,62.2941293736132,59.03354029669556,61.86493643205561,54732000
2020-03-12,55.08901596069336,58.91509013760297,54.93637016761017,55.637652241074605,94326000
2020-03-13,60.17987823486328,60.186321347096765,55.12569152214793,58.233139516247576,79400000
2020-03-16,53.17845916748047,56.77010841763743,52.88505935869878,54.00165747110648,96520000
2020-03-17,55.41164779663086,55.805157781992705,51.99395547610947,54.05269962443052,83194000
2020-03-18,54.07996368408203,54.763897729434355,51.394275053932354,52.53119691195089,93044000
2020-03-19,55.09496307373047,57.12397237248402,52.313625928919365,53.9327678550478,74064000
2020-03-20,52.941062927246094,56.4236822135708,52.638248003789414,56.048011724837686,82878000
2020-03-23,52.243247985839844,52.8766315654061,50.00013767795823,52.35426310073486,83672000
2020-03-24,56.00389862060547,56.1684399560884,53.84404970701331,54.71383949660357,72468000
2020-03-25,54.59688186645508,56.80480098996258,53.67456021178784,55.734790654308775,90324000
2020-03-26,57.63493728637695,58.05917685755691,54.121592502034,55.246119650005106,76562000
2020-03-27,55.025081634521484,57.04665709426184,54.71483294886179,55.878018798817905,62794000
2020-03-30,56.811737060546875,57.04417685436686,54.44175335047493,56.134246128630494,58736000
2020-03-31,57.58686828613281,58.15433479541037,56.336454583263325,56.93167865462306,65228000
2020-04-01,54.620662689208984,55.97465756314441,54.19394647198858,55.70603956639152,51970000
2020-04-02,55.3606071472168,55.64508338449243,54.17611063573357,54.516589764619354,56410000
2020-04-03,54.15479278564453,55.4478276673134,53.28153946046502,55.24562211424247,51374000
2020-04-06,58.6395263671875,59.01420235812891,55.75559886997343,56.152084641071774,63320000
2020-04-07,58.60831069946289,60.502517628561925,58.34514510861822,60.31567115560126,61620000
2020-04-08,59.81956100463867,60.211089663751835,58.677190583284805,59.62627523106197,40334000
2020-04-09,59.79825973510742,60.56248317290745,59.09697763876301,60.3736591485406,54028000
2020-04-13,59.98856735229492,60.192262693866695,58.59690819494701,59.54698356017191,38702000
2020-04-14,62.705482482910156,63.22685654351929,60.88710314879472,61.45358277533107,63358000
2020-04-15,62.31246566772461,63.195137966275986,61.15770423269023,61.77770628661338,42236000
2020-04-16,62.31890106201172,63.10840152659315,61.36585370716055,62.80013418506722,57896000
2020-04-17,63.3879280090332,63.9330931634959,62.743639511197074,63.5217397961262,51050000
2020-04-20,62.503273010253906,63.27988732571067,62.26984253766652,62.93643239550042,35292000
2020-04-21,60.07530212402344,61.95067114702243,59.72044698572963,61.58937667810342,49648000
2020-04-22,62.36747360229492,63.43153606448749,61.31629358182884,61.51007469601736,46296000
2020-04-23,62.9998664855957,63.84140722065894,62.472544668602076,62.73075313152235,34202000
2020-04-24,63.26898193359375,63.32399415868227,61.65330740481523,62.198472543384035,37402000
2020-04-27,62.984500885009766,64.1362902612002,62.697048874068805,64.03220981010499,44186000
2020-04-28,61.08781814575195,63.673388769392936,60.97828903607546,63.5960789970159,80700000
2020-04-29,66.5191650390625,67.4097664682987,65.75345562296938,66.65892460884133,108358000
2020-04-30,66.74317169189453,66.90672236515653,65.49424409029045,65.98291477764961,55842000
2020-05-01,65.28707885742188,66.97759396680019,64.90744952945606,65.62260463477621,48872000
2020-05-04,65.56362915039062,65.64144560406487,64.23094864842768,64.83162512222222,30806000
2020-05-05,66.85814666748047,67.94798532924645,66.16480134457395,66.28721289666468,39666000
2020-05-06,66.68023681640625,67.83301697062188,66.66536925942738,67.30321467823855,31732000
2020-05-07,67.86225128173828,68.19530421185752,67.0326098611395,67.4672552406405,30652000
2020-05-08,68.60862731933594,69.21821972421975,67.99754513410797,68.48373532754027,33326000
2020-05-11,69.56267547607422,70.15442844759716,68.17052461949073,68.2344566274301,32718000
2020-05-12,68.1546630859375,70.09495481486462,68.12145686010034,69.79214367959435,33918000
2020-05-13,66.82395935058594,68.65770538437538,65.81689032510918,68.20323154118306,40368000
2020-05-14,67.24671173095703,67.27198506358019,65.5834587375986,66.08996899266552,36660000
2020-05-15,68.04959869384766,68.1249271493889,66.36156370417874,66.82049935134577,41544000
2020-05-18,68.65027618408203,69.02594292518434,67.11488697978334,67.48064705708735,47094000
2020-05-19,68.11601257324219,69.01255809121812,68.0842961241777,68.66514424524233,31586000
2020-05-20,69.83873748779297,69.98097752183362,68.76129324036127,68.84752659185075,38262000
2020-05-21,69.71929168701172,70.20052108564059,69.10671959654051,69.92942638175046,30894000
2020-05-22,70.04093170166016,70.22727525632826,69.18402813173392,69.57803347006285,28544000
2020-05-26,70.44386291503906,71.62043421213984,70.34623312614458,71.4643172979696,44590000
2020-05-27,70.38983154296875,70.64110531286433,69.11712048333816,70.37595465466231,31684000
2020-05-28,70.28873443603516,71.5882086759432,69.339154421006,69.38474775293726,35170000
2020-05-29,71.04601287841797,71.20510175495606,70.17672227813974,70.3972627024626,37044000
2020-06-01,71.11292266845703,71.4454764506555,70.4889542189017,70.65845644685386,25162000
2020-06-02,71.48165130615234,71.5158481937541,70.45574467809989,71.1193624308014,23442000
2020-06-03,71.33000183105469,71.8137116263457,70.9518547053143,71.50098628255836,27732000
2020-06-04,70.09346771240234,71.43259900133093,69.68261343947218,71.20758919005584,26982000
2020-06-05,71.36815643310547,71.67939953713636,69.7623924809076,70.15986891378326,42642000
2020-06-08,71.76563262939453,71.81320729132332,70.59798511297558,70.68719800230541,33878000
2020-06-09,71.96585083007812,72.74494544839004,71.4841224171889,71.62686152321996,33624000
2020-06-10,72.59131622314453,72.99126556620439,72.07886198518231,72.43321799548916,31762000
2020-06-11,69.47891998291016,71.94207934602183,69.30595418790874,71.41822106728198,47144000
2020-06-12,70.02508544921875,71.0950958685893,68.68100075272422,70.66639445321813,36676000
2020-06-15,70.41263580322266,70.62376113767836,68.75037355248693,68.8638691116069,30468000
2020-06-16,71.68783569335938,72.21812953766074,70.82151691176658,71.81321926135442,30648000
2020-06-17,71.98866271972656,72.46741921038576,71.12581508481102,72.00849116981989,30610000
2020-06-18,71.07575225830078,72.0099655750476,70.68521048215024,71.85533846785108,34862000
2020-06-19,70.60591888427734,71.59018730358088,70.32639221907522,71.36716642098271,52784000
2020-06-22,71.89549255371094,71.90986855922523,70.33582829633444,70.62427101191889,29442000
2020-06-23,72.55561828613281,73.11169200041536,71.61496195829645,71.96188413697665,37752000
2020-06-24,71.00537109375,73.14092954173177,70.87155554973336,72.52093138540484,31592000
2020-06-25,71.42168426513672,71.48214515083893,70.35315627186846,70.93202293315196,23958000
2020-06-26,67.52820587158203,71.21947330997806,67.15452055099803,71.00190487444962,97640000
2020-06-29,69.24449920654297,69.28563832778552,66.98850239605058,67.41918513389703,45074000
2020-06-30,70.2793197631836,70.57420557968574,68.73699600814484,69.23012852105167,40286000
2020-07-01,71.46630096435547,71.78745836250906,70.08752781778017,70.3348389789325,42182000
2020-07-02,72.85051727294922,73.77185199898827,71.91580477152797,71.95397188987388,57218000
2020-07-06,74.3234634399414,74.83641685386787,73.19992682329604,73.75352024380426,44712000
2020-07-07,73.84123992919922,75.39744054043872,73.83033503772904,74.14901196321672,42364000
2020-07-08,74.51921844482422,74.89439355873654,73.95918199653875,74.38044955606385,31766000
2020-07-09,75.2656021118164,75.7849985849552,74.12224472312172,74.83293808896195,41836000
2020-07-10,76.27416229248047,76.38963919030913,74.37649193816277,74.9974808669184,35918000
2020-07-13,74.94693756103516,78.12525214839029,74.6659286390458,76.81586355325133,42954000
2020-07-14,75.3746337890625,75.4707813470095,73.643486194084,73.98347375977394,38108000
2020-07-15,75.17738342285156,76.14133186204778,74.23325586952488,75.49209008651471,31026000
2020-07-16,75.08024597167969,75.12931041610598,73.75945351224223,74.41513840582077,26484000
2020-07-17,75.17588806152344,75.50199870551376,74.24662813216946,75.17886005983264,34264000
2020-07-20,77.50474548339844,77.76097259277284,74.47461527343725,75.08420771365807,30166000
2020-07-21,77.11222839355469,78.65505117777408,76.94867771392333,78.55494094995885,27486000
2020-07-22,77.55480194091797,77.6603646078769,76.48330192524752,77.10181793412379,24482000
2020-07-23,75.17095184326172,77.82739713519356,74.76653311104509,77.60833887916083,33910000
2020-07-24,74.74769592285156,75.10552305492557,73.72575942026643,74.30066345548695,29902000
2020-07-27,75.79935455322266,76.20228339820963,74.9518737637797,74.99796620405289,27124000
2020-07-28,74.52171325683594,75.6298832481758,74.3665870026742,75.57982812818864,30910000
2020-07-29,75.5059814453125,75.9926633131017,74.4899888066213,74.58861682762489,22676000
2020-07-30,76.24244689941406,76.36733890949552,74.10142804829563,74.24019694838614,36042000
2020-07-31,73.74359130859375,74.58958993707091,72.06100916107408,74.19459395635562,91468000
2020-08-03,73.48638153076172,74.22829979718547,72.93923127224508,73.89476289216728,45482000
2020-08-04,73.01754760742188,73.99934333821604,72.55812041402446,73.68215617116527,37212000
2020-08-05,73.30448150634766,73.84518857436902,72.91443887072055,73.19198418685275,29134000
2020-08-06,74.58612823486328,74.65155001959869,72.94815610602834,73.15878990214848,33306000
2020-08-07,74.26001739501953,75.33647070213861,73.66033162813625,74.78882893893368,27718000
2020-08-10,74.1832046508789,74.6951597832656,73.22519259615039,73.88484774464752,20546000
2020-08-11,73.37635803222656,74.8582208141743,73.25989046753106,74.04343941326381,31098000
2020-08-12,74.69963073730469,74.91918811247346,73.59740476873101,73.70247590056702,22512000
2020-08-13,75.1659927368164,76.1730693636547,74.74770466605213,74.74770466605213,22388000
2020-08-14,74.57026672363281,75.32160764285088,74.29123915630834,75.01531784878155,21942000
2020-08-17,75.14566802978516,75.51936096663643,74.58861108119994,75.13229025369915,19990000
2020-08-18,77.10530090332031,77.18410047054229,75.41479306689972,75.6353335447207,28378000
2020-08-19,76.55169677734375,77.75354125629191,76.32322343836007,76.94223100784141,30472000
2020-08-20,78.1197738647461,78.31405026664622,76.04863919871272,76.32171513770118,26382000
2020-08-21,78.08609008789062,78.89442072406565,77.42891544303244,77.89923986608471,34838000
2020-08-24,78.56087493896484,79.73199354637043,78.0598171870898,78.92365536175714,25638000
2020-08-25,79.5867919921875,79.7369573344737,78.20057765629728,78.31060210938294,25150000
2020-08-26,81.48396301269531,81.91316349499694,79.34543219094165,79.60909309862284,52188000
2020-08-27,80.71031951904297,81.67525859379464,80.22908264259587,81.6068648180924,31350000
2020-08-28,81.25102996826172,81.34618686734322,80.56610901540381,80.75741347984508,22418000
2020-08-31,80.7603759765625,81.50229418365015,80.55222264754329,81.45620173894997,26422000
2020-09-01,82.02664947509766,82.23183081944713,80.76038141438515,80.89072586563118,22652000
2020-09-02,85.1147689819336,85.54644234376782,82.27990568952355,82.66746793542667,49522000
2020-09-03,80.7593765258789,84.25289608533707,79.67895310248736,84.22910497536927,63726000
2020-09-04,78.3656005859375,81.03096108245632,76.22260089581656,79.74288349273898,55850000
2020-09-08,75.51043701171875,77.09389228963359,75.15855385977208,75.57982146335551,54032000
2020-09-09,76.68154907226562,77.2509930776457,75.58823926894804,76.76431129264915,39242000
2020-09-10,75.6318588256836,77.99143688650432,75.3320196805938,76.82775941751073,33024000
2020-09-11,75.12188720703125,76.25880159487603,73.99487948244801,75.73594152014101,30706000
2020-09-14,74.77841186523438,77.16574324687778,74.59404965914706,75.90938200375422,42660000
2020-09-15,76.08136749267578,76.86789598953742,75.43609590207801,75.7230488068471,23042000
2020-09-16,74.93998718261719,77.03540497341557,74.9152054033124,76.44613252697442,22128000
2020-09-17,73.698486328125,74.27438094468211,72.48029221761938,73.63752633306156,40008000
2020-09-18,71.91680145263672,74.10292221630368,70.951862206745,73.76095327714144,63056000
2020-09-21,70.87850952148438,71.3701446598767,69.51757609828891,70.95185663516155,56908000
2020-09-22,72.34944915771484,72.55512958903905,70.84677506012393,71.8786256422426,33950000
2020-09-23,69.85012817382812,72.01542983095999,69.51758190655079,71.96636537964568,37726000
2020-09-24,70.5177001953125,71.26755132764286,69.49130194472214,69.51757350502828,34552000
2020-09-25,71.32059478759766,71.66156550061707,69.76538477442634,70.62625112661047,30326000
2020-09-28,72.2919692993164,73.00217110673873,71.6784141659313,72.95261510869759,30784000
2020-09-29,72.65673065185547,72.95309862826339,72.06100757603167,72.55215865956741,31816000
2020-09-30,72.63591766357422,73.65686345741786,72.14824521381277,72.40496388039755,40924000
2020-10-01,73.74113464355469,74.09648896886632,73.19101226869205,73.5309999204767,32884000
2020-10-02,72.14032745361328,73.30153216216262,71.73145447344945,72.34005638769705,31222000
2020-10-05,73.48985290527344,73.58252935432779,72.36284527360293,72.48971861393626,21602000
2020-10-06,71.913330078125,73.5736034655769,71.61547229083051,73.12657100866626,26096000
2020-10-07,72.31576538085938,72.80294632471846,71.03165012534033,72.3241898254817,36108000
2020-10-08,73.51958465576172,73.74755887897275,72.62848419076307,72.62848419076307,26076000
2020-10-09,74.85871124267578,74.92809569109109,73.69651605996611,73.98694007707145,32966000
2020-10-12,77.54191589355469,78.72294124362386,75.79292119611887,76.22410298533136,55344000
2020-10-13,77.66483306884766,78.5613860495805,77.24654502979156,78.15746645271066,39072000
2020-10-14,77.48491668701172,78.4964473454377,76.61562602854337,78.03801846578263,33174000
2020-10-15,77.08992004394531,77.8794204762289,76.37922672671863,76.54624094186421,31210000
2020-10-16,77.69603729248047,78.19213409516458,77.19845070960811,77.4051142272946,34194000
2020-10-19,75.82513427734375,78.50041690354607,75.47672984424212,78.10393113108431,29734000
2020-10-20,76.87235260009766,78.00035081850514,75.35679216195857,75.48614593995441,41670000
2020-10-21,78.60252380371094,80.04721784308745,77.66831030611162,77.8026174394533,60322000
2020-10-22,79.6269302368164,79.96195691622499,78.18075417230419,78.55344885519195,30512000
2020-10-23,80.93135833740234,80.98785655651626,79.88711304408893,80.04273837552317,30548000
2020-10-26,78.51825714111328,80.76284956365737,77.70001225842906,80.04026068394055,35826000
2020-10-27,79.24134826660156,79.39597538099545,78.15647045681439,78.74822336439603,25902000
2020-10-28,74.87605285644531,77.00764880260952,74.76107508383566,76.81932392288722,45174000
2020-10-29,77.15980529785156,78.73879863480163,75.16102661851583,75.18431861733673,55406000
2020-10-30,80.09527587890625,83.32712413026837,79.37466827076221,82.63922363317832,99878000
2020-11-02,80.5021743774414,82.18326693567796,80.00259878301561,80.46351570683841,44228000
2020-11-03,81.55978393554688,82.22092126461291,79.89703016999084,80.82133683336055,31432000
2020-11-04,86.5252685546875,87.72364199998071,84.40159768740916,84.52946169743666,71342000
2020-11-05,87.35045623779297,88.80357473317719,86.28638981635821,87.74446164355514,39758000
2020-11-06,87.21317291259766,87.64781830534946,86.0707985293966,86.79735774216776,28622000
2020-11-09,87.29692077636719,90.04604232881928,87.10512476391894,89.00973736210345,53440000
2020-11-10,86.12232971191406,87.1958110224123,85.05182039988732,85.72832438783556,43022000
2020-11-11,86.59366607666016,87.37027284342858,86.38699493395451,86.65164652421126,31838000
2020-11-12,86.37508392333984,87.47334698979937,86.13471504428473,86.33444392472282,26474000
2020-11-13,87.83415222167969,88.07551178373636,86.03610062019943,86.63181619049185,29744000
2020-11-16,87.921875,88.92845236010726,87.29245409409869,87.43172210004694,25468000
2020-11-17,87.30880737304688,88.07600646877577,87.20126337757758,87.61608025286607,21314000
2020-11-18,86.26705169677734,87.47434868925225,86.16446102115808,87.06002332172838,20108000
2020-11-19,87.1556625366211,87.39950253324328,85.74071145834314,85.89980034337418,20106000
2020-11-20,86.0559310913086,87.64087619997211,85.98753730379259,87.32567037760874,27694000
2020-11-23,85.61880493164062,86.53220683419836,84.7574470410167,86.24624457507814,22530000
2020-11-24,87.41981506347656,87.54767904780283,85.28028640357579,85.61581214621759,27984000
2020-11-25,87.43121337890625,87.74096668564188,86.64964589230644,87.61360181278931,19600000
2020-11-27,88.56565856933594,89.06077233033807,87.451537281443,87.451537281443,14790000
2020-11-30,86.94901275634766,88.23461026252885,86.62389270937271,88.0021742334113,32418000
2020-12-01,88.97900390625,90.28542045446022,87.3767108902,87.55661890732226,37350000
2020-12-02,90.4465103149414,90.83159976579886,88.47400262208765,88.97902321471385,29424000
2020-12-03,90.29136657714844,91.3811977041033,90.05148923543042,90.22693546266429,24728000
2020-12-04,90.38652801513672,90.67100047469899,89.88249064101637,90.21108177907736,20544000
2020-12-07,90.05298614501953,90.66059731465431,89.35963318737376,89.97963146661887,22288000
2020-12-08,89.77049255371094,90.00045570240857,88.77680884902743,89.63123209189808,19936000
2020-12-09,88.1116943359375,90.61500208868797,87.32566494275066,89.72241179325566,31728000
2020-12-10,87.60567474365234,87.96944584482684,85.91466810867063,87.35539163522937,28688000
2020-12-11,87.96004486083984,88.08444532599398,86.86674248708519,87.22655098140548,18628000
2020-12-14,86.84294891357422,88.70345045595626,86.687822672267,87.75784057609782,33050000
2020-12-15,87.28006744384766,87.42478033349926,86.31810030713507,87.21959899351037,21352000
2020-12-16,87.08728790283203,87.67805024259137,86.68436649494947,87.67805024259137,24676000
2020-12-17,86.26060485839844,87.55909602721862,85.79672351081625,87.42131779941667,34880000
2020-12-18,85.55237579345703,86.64964817459027,84.99630960699481,86.54111351698864,85256000
2020-12-21,85.9657211303711,86.08665047301542,83.95554588894409,84.70539704892414,33974000
2020-12-22,85.25502014160156,85.86907434812254,84.53936593674798,85.70651435079037,20370000
2020-12-23,85.65200805664062,86.43902813362216,85.30359602075463,85.43890137207586,22974000
2020-12-24,85.94588470458984,86.35475754472874,85.45969453747551,85.6901491758019,9312000
2020-12-28,87.91840362548828,88.56467341724073,86.32553337453282,86.47867070685578,27650000
2020-12-29,87.11552429199219,88.63752786002674,86.98418918004275,88.5760763070987,19726000
2020-12-30,86.04947662353516,87.61112952417417,85.64060373303981,87.4743419671934,21026000
2020-12-31,86.86177825927734,87.10263870414872,86.04154446235164,86.10003157948303,21070000
2021-01-04,85.54792785644531,87.34994209759138,84.60677228691033,87.22653987680384,37324000
2021-01-05,86.23780822753906,86.57382555725187,85.09048067381308,85.49638156177933,20360000
2021-01-06,85.38685607910156,86.43209217105506,84.05962797006715,84.26579998759716,46588000
2021-01-07,87.93724060058594,88.10970726571644,85.57914501224703,85.57914501224703,41936000
2021-01-08,89.10142517089844,89.1772527342026,87.2870085349712,88.07700817599742,35484000
2021-01-11,87.04266357421875,88.43482172822067,86.83699069876916,88.07005241001238,34796000
2021-01-12,86.10795593261719,87.61806393795727,85.06470881881626,86.500970600687,29528000
2021-01-13,86.59465026855469,87.04763429733303,85.6069030910112,85.6069030910112,23432000
2021-01-14,85.78533172607422,87.60073917431467,85.54496279284396,86.67494255503152,29212000
2021-01-15,85.62176513671875,86.6129758011432,84.83326292154278,85.69114958073497,31444000
2021-01-19,88.43928527832031,89.39927102495157,85.8799786898442,86.38400845133536,41660000
2021-01-20,93.17727661132812,94.15113930596509,90.17589074243995,90.51587074805265,64152000
2021-01-21,93.37947845458984,95.75491452808738,93.14456200327876,93.85030958575864,58634000
2021-01-22,93.7962875366211,94.38258801925332,93.00034392716495,93.74177064385457,32744000
2021-01-25,93.88153839111328,95.24644216174046,92.14097546051389,94.7964300906289,50586000
2021-01-26,94.55902862548828,94.94560022121779,92.98201646312953,93.47067962234644,31462000
2021-01-27,90.14764404296875,93.19710390065373,89.07416260309691,92.92154742901175,82512000
2021-01-28,91.84558868408203,93.56979410024235,90.7453441830221,90.7453441830221,55278000
2021-01-29,90.56494140625,91.56507572986428,89.28628617453063,90.89501477242058,44530000
2021-02-01,93.82156372070312,94.9351859580172,91.41886545698281,91.41886545698281,40252000
2021-02-02,95.11261749267578,96.61182068763402,94.48071611878922,94.81575036485842,66332000
2021-02-03,102.03919982910156,104.40522092105503,99.79261830171446,102.37274430388717,97882000
2021-02-04,101.77899932861328,102.55560597377604,100.86063667469075,102.12542242838796,48596000
2021-02-05,103.52352905273438,103.87590372687838,101.59909567696245,102.07289124062606,29866000
2021-02-08,103.30992126464844,104.82052838312552,102.26073015453102,104.07712038040832,28828000
2021-02-09,102.85745239257812,104.00329035138957,102.59032034935547,102.82820882981224,21892000
2021-02-10,103.40705108642578,104.02160437452264,101.71010055320123,103.24151909943075,25102000
2021-02-11,103.51956939697266,103.7797591856027,102.5338111240634,103.63108362772132,20480000
2021-02-12,103.83081817626953,104.05234930696858,102.7672433912403,103.07452387303502,18990000
2021-02-16,104.60742950439453,106.3142945266649,103.66825520694219,103.66825520694219,31004000
2021-02-17,104.99995422363281,105.18927736768207,103.49976020138155,103.77878024223801,20294000
2021-02-18,104.36506652832031,105.16696166739435,103.74655051019732,104.32492564110814,22546000
2021-02-19,103.52253723144531,104.99795680679689,103.2559043418766,104.46320124720552,37938000
2021-02-22,101.81022644042969,103.10227454350802,101.49998153147995,101.77751932937039,29466000
2021-02-23,102.10064697265625,102.71420966814658,98.6368619382917,99.81442376891242,34658000
2021-02-24,103.27473449707031,103.49825450138255,100.48547224750138,100.60986513415875,22608000
2021-02-25,99.91156005859375,103.23459480191558,99.44271782605095,101.89299077097074,41548000
2021-02-26,100.20693969726562,101.92222910849493,99.17112631812763,100.60540682700322,40042000
2021-03-01,102.57345581054688,102.8990673672871,100.82694157551894,101.49997446974675,26060000
2021-03-02,102.31673431396484,103.81643661615159,101.92967118650496,102.33457386845907,25564000
2021-03-03,99.68656921386719,102.88718520454555,98.82371397897086,101.69575393391699,33892000
2021-03-04,100.80265808105469,102.81778652007944,99.39017985813133,99.85803141312911,49216000
2021-03-05,103.9319076538086,104.3843925386932,100.49785788710042,102.15169566185985,53100000
2021-03-08,99.49276733398438,104.75807471002265,99.37828111434924,103.28712454282332,36868000
2021-03-09,101.12132263183594,102.28897013180834,100.88541553312906,101.58670128057204,33920000
2021-03-10,100.91466522216797,102.16408434665642,100.07907232110979,102.16408434665642,27100000
2021-03-11,104.10389709472656,104.63568072084324,101.91877458051778,102.00649770427991,27702000
2021-03-12,101.59909057617188,102.967457650854,100.72781860176927,102.9079874324158,33818000
2021-03-15,101.81913757324219,101.84639223540918,100.49835274764462,101.3502953728072,26168000
2021-03-16,103.27871704101562,104.75511989536767,102.05952443443275,102.39157914363233,31900000
2021-03-17,103.19593811035156,104.02756080916568,101.30768292105009,102.51448074840832,26382000
2021-03-18,100.1786880493164,102.52835156310981,100.0716356052012,101.5088880221178,31700000
2021-03-19,100.45721435546875,100.95678233428838,99.26627484580405,100.59450102043229,46072000
2021-03-22,100.64208221435547,101.51682534830367,99.8149137452383,100.49042709934655,33536000
2021-03-23,101.1694107055664,102.29839969901126,100.50877242544003,101.10101692123436,28510000
2021-03-24,100.7332763671875,102.47135862894248,100.55832169065704,101.6863199422794,25218000
2021-03-25,100.72980499267578,101.38300944915922,98.92728405832933,100.56080187614467,35616000
2021-03-26,100.34671783447266,101.07326949778158,99.31188744563899,100.69661210830016,27978000
2021-03-29,101.39045715332031,101.55995940740273,99.39118661186053,100.2193458581718,26492000
2021-03-30,101.42415618896484,102.22703448790296,100.91269258418674,101.74679577665506,27312000
2021-03-31,102.21958923339844,103.3961603316529,101.4504087988673,101.81715946283474,42570000
2021-04-01,105.55303192138672,105.84890836816066,103.6523896883466,103.69302968898464,39880000
2021-04-05,109.97284698486328,110.4699421342313,106.31775738977792,106.4139049523274,48510000
2021-04-06,109.49209594726562,110.42086434967698,109.12188174590547,109.57436661004975,35240000
2021-04-07,110.967529296875,111.23862398278051,109.68242342069358,109.68242342069358,24134000
2021-04-08,111.53250885009766,112.5911226113418,111.16476752079966,112.20504261453645,28664000
2021-04-09,112.53562927246094,112.69917995793787,110.87980997763093,111.2852193593174,26146000
2021-04-12,111.24457550048828,111.85267820844336,110.41195454530049,111.71539909018354,25024000
2021-04-13,111.73075866699219,112.17878937240846,111.16675951077738,111.5602733226947,25682000
2021-04-14,111.11026000976562,112.37504587455774,110.81835377243557,112.37504587455774,21002000
2021-04-15,113.25821685791016,113.79099869324847,111.56919891951989,112.1034629731022,29174000
2021-04-16,113.13431549072266,113.70376710281464,112.54801498961537,113.45596441194692,26282000
2021-04-19,113.48172760009766,114.19192938868903,112.51133603226087,112.51133603226087,30290000
2021-04-20,112.9489517211914,113.9396632750493,111.8640739438885,113.86482638561692,22288000
2021-04-21,112.91624450683594,112.99801605945058,111.2544738339239,112.60401072672376,23204000
2021-04-22,111.63610076904297,113.43812268908319,111.03146160989212,112.77004307784593,24146000
2021-04-23,113.98575592041016,114.29253725619483,112.06875636037209,112.35372791548767,29066000
2021-04-26,114.48136138916016,115.20494850642784,113.85640227460357,114.21323872115512,32038000
2021-04-27,113.54219055175781,114.90361539393929,113.3033038884258,114.86297539492868,44386000
2021-04-28,116.91529083251953,120.50049681684617,116.6268481486784,118.57358292629367,81106000
2021-04-29,118.58647918701172,119.1514690453427,117.64928616117751,118.41153205228419,41234000
2021-04-30,116.64071655273438,118.04575341768243,116.29676633533462,117.36033342946197,44856000
2021-05-03,116.12429809570312,118.03089194443908,115.748631417019,117.20620391311888,28242000
2021-05-04,114.32772827148438,115.22774474351102,111.84226774409919,114.66077361466583,44818000
2021-05-05,114.72124481201172,115.7238519784705,114.39959590373067,115.40815462993878,26636000
2021-05-06,115.84031677246094,115.84031677246094,113.64428958784119,114.30294649647725,25190000
2021-05-07,116.56290435791016,117.52041727105686,116.2769421311953,117.15565548855925,28898000
2021-05-10,113.58036041259766,115.52561297200754,113.2230248324833,115.38386451451022,30914000
2021-05-11,112.5053939819336,113.01190425651544,110.7142769135845,111.16776007410847,34186000
2021-05-12,109.0455551147461,111.41108433707822,108.71697157773784,110.3311599450094,46376000
2021-05-13,110.47242736816406,110.98785364664872,109.3662312366163,110.32770690377507,33204000
2021-05-14,112.91773986816406,113.23195501720761,111.51121303818194,111.93446197829431,31996000
2021-05-17,113.44010162353516,113.48272295866457,111.78428241583579,112.18374021644,21598000
2021-05-18,112.12923431396484,114.36987200059582,112.11535742297339,114.10571195742276,22204000
2021-05-19,112.57674407958984,112.74970985023148,110.29399217357614,110.44217616604392,23684000
2021-05-20,114.33367919921875,114.5839547571587,113.1724747212844,113.54318806546854,32352000
2021-05-21,113.69831848144531,114.9254439817574,113.45894022703361,114.8520893009021,40632000
2021-05-24,117.01441192626953,117.23792438170847,114.58197841685045,114.72719042691061,31832000
2021-05-25,117.10508728027344,118.15229695236646,116.71504465039597,117.55757212266614,22440000
2021-05-26,117.96944427490234,118.39962785894154,117.28302600020656,117.28599799895012,21572000
2021-05-27,117.09569549560547,118.40260362591235,116.77751768614968,118.40260362591235,35224000
2021-05-28,116.80674743652344,117.75929948137693,116.60850831851938,117.6775279248431,21482000
2021-06-01,118.01255798339844,118.23706866867205,116.67937832399878,117.67852195944192,23354000
2021-06-02,117.48771667480469,118.63008342686042,116.5842214876714,118.40755407398083,21158000
2021-06-03,116.3473129272461,116.81516447592351,115.45224982960987,116.25562715192257,18696000
2021-06-04,118.62661743164062,118.89722057775712,117.08231235748671,117.42229995615384,24458000
2021-06-07,119.05927276611328,119.16880566389568,118.00363849834592,118.42192651561601,24120000
2021-06-08,118.86796569824219,119.9127026145582,118.68657547258344,119.54050705313709,24240000
2021-06-09,119.33879852294922,119.58362163847241,118.79164827724793,119.51176430716637,17942000
2021-06-10,120.68634033203125,120.72946077845472,119.13262035308804,119.2882381269397,25904000
2021-06-11,120.44202423095703,121.01295807193074,119.88495971809364,120.92771539665284,21958000
2021-06-14,121.36929321289062,121.3697847648287,119.83737537905269,120.54410606860253,22098000
2021-06-15,120.35231018066406,121.6963871144153,119.99200260970889,121.37374754662788,21562000
2021-06-16,119.71099090576172,120.8147064780467,118.41994111291582,120.5034633601868,26472000
2021-06-17,120.67346954345703,121.44562207681038,119.44089917857585,119.6366654253896,25842000
2021-06-18,119.05531311035156,120.53419632623287,118.96015621393956,120.30027053137374,46116000
2021-06-21,120.74185180664062,120.92770381044767,118.84467309980958,119.44138689425938,27414000
2021-06-22,121.25530242919922,121.32419532611587,119.99993923776582,120.67990683669676,22390000
2021-06-23,121.0535888671875,122.01357468199771,120.76366397043704,121.0203826430331,19148000
2021-06-24,121.4233169555664,121.97393077663716,121.22507783037003,121.62155608076279,21362000
2021-06-25,121.43173217773438,121.55514196023191,120.49652817244363,120.92770239628572,34594000
2021-06-28,121.45899963378906,121.70581164707463,120.33843513053769,121.6002414137362,28526000
2021-06-29,121.19782257080078,121.93974845822787,120.6214362690933,121.59232707368952,23108000
2021-06-30,121.01641845703125,121.18244957571629,120.28787799190353,120.92225223112071,24474000
2021-07-01,121.36830139160156,121.5095431679097,120.46332403287062,120.65512003494412,18110000
2021-07-02,124.15657806396484,124.30179007333106,121.97789880918043,122.06760325950343,25982000
2021-07-06,125.08087921142578,125.31678632682912,123.48750228216251,124.5441347516448,26404000
2021-07-07,125.36238861083984,126.16526690597024,125.04421080406834,126.04434512220173,24060000
2021-07-08,123.94495391845703,124.49160506602671,122.93194096335237,122.93590362834043,23790000
2021-07-09,124.41527557373047,124.62937290029038,123.45677202918988,123.92611335864795,18632000
2021-07-12,125.85948181152344,125.95265737591463,124.50697281548125,125.06899063825736,17668000
2021-07-13,126.22225952148438,126.93196222420258,125.56112215124197,125.92192128117352,19240000
2021-07-14,127.10987854003906,128.1898105196962,126.7902109907261,126.83333143656799,23742000
2021-07-15,125.88871002197266,127.56881182649684,125.41788646020213,127.51826516357463,24218000
2021-07-16,125.8540267944336,126.68812995291671,125.04470541650979,126.54093661242045,20424000
2021-07-19,123.4830551147461,125.09575390814824,122.41948035880777,124.98126767561185,27968000
2021-07-20,125.1002197265625,125.92639003741259,123.25755774233703,124.42420720068091,26312000
2021-07-21,126.42794036865234,126.474524368803,124.91584338583961,125.02487717060785,20746000
2021-07-22,127.29276275634766,127.35373032326339,126.37837781235324,126.72034672526937,14302000
2021-07-23,131.8459014892578,132.2265290912767,128.65966157114187,129.28411407867398,41506000
2021-07-26,132.85691833496094,133.0571387651644,131.13864953195989,132.15663081880655,30572000
2021-07-27,130.74070739746094,133.21775146262686,128.9605026008915,133.07055810074505,54710000
2021-07-28,134.89781188964844,137.08145178263484,134.0884905988958,135.11389810308486,95130000
2021-07-29,134.58412170410156,135.45985560501686,134.35168567382115,134.95334530972397,31716000
2021-07-30,133.5423583984375,134.11528112375458,133.07500591131242,133.84814909697133,25576000
2021-08-02,133.66925048828125,134.14700879243682,132.6180702965275,133.92944031056783,21634000
2021-08-03,134.4379119873047,134.53900531485272,132.14771857757245,133.94725240636728,20762000
2021-08-04,133.93785095214844,134.45724743917305,133.30495889893086,134.1598811909161,19676000
2021-08-05,135.05392456054688,135.1515694510379,133.66077578297282,134.48794416292228,17870000
2021-08-06,134.54547119140625,135.27302867961484,134.02162798493478,134.8463161522818,20488000
2021-08-09,135.70962524414062,135.9782545970757,134.14995363195558,134.74766566385927,17760000
2021-08-10,135.60458374023438,136.5615976540386,135.1659681179456,136.1348700275815,19414000
2021-08-11,135.08119201660156,136.47234431331293,135.07375067749174,135.97575592511646,15352000
2021-08-12,135.98814392089844,136.09321502482874,134.2351943102001,134.78034802692147,16506000
2021-08-13,136.51695251464844,136.64483162994733,135.82856812035942,136.04365610364334,15948000
2021-08-16,137.0938720703125,137.14641519953213,134.1098337218616,136.31626703215204,22384000
2021-08-17,135.46034240722656,137.0502482689052,134.8859374907993,136.53927624045247,21716000
2021-08-18,134.25851440429688,135.89946615420885,134.13213260953893,135.30027185515118,19258000
2021-08-19,134.4874267578125,135.15401639122558,133.0700030724509,133.25387370012325,21782000
2021-08-20,136.2216033935547,136.34500562415587,134.06125518787377,134.80466325730745,31194000
2021-08-23,138.81063842773438,139.63630956779562,136.39802587425726,136.75684366705852,28454000
2021-08-24,140.01991271972656,140.83121539533298,139.10502114709683,139.37561670216243,19268000
2021-08-25,140.83021545410156,140.9397483469501,140.13340657445173,140.38021101321203,15848000
2021-08-26,140.1973419189453,141.1657446019955,140.1145645733413,140.50411569948363,20610000
2021-08-27,142.73829650878906,143.2423262781944,140.25332765406952,140.40746320935864,28780000
2021-08-30,143.31964111328125,144.6875166286591,142.89589312218945,143.13080955855443,24434000
2021-08-31,143.4257049560547,143.89553786032653,143.01287695186656,143.8712627569478,22448000
2021-09-01,143.9391632080078,144.96853350536102,143.61008051608152,143.72555741436526,21936000
2021-09-02,142.02761840820312,144.2404946102544,141.9265099500036,143.9396648071746,32342000
2021-09-03,142.47613525390625,142.88798016222196,141.14889962263817,141.82293077721366,19850000
2021-09-07,143.0124053955078,143.29440501526614,142.35672035845968,142.57032618467832,20124000
2021-09-08,142.4280548095703,143.13082285164162,141.74313388446112,142.8334717334425,18344000
2021-09-09,142.2793731689453,143.04211051634226,141.9190731671668,142.57624028484273,15314000
2021-09-10,139.6378173828125,143.44654360921768,139.50102981067184,142.94497909491773,36840000
2021-09-13,141.0814971923828,141.6935625224341,140.00850740514775,140.7018527362788,22094000
2021-09-14,141.29159545898438,142.1029130860885,140.50408406477726,141.738635373684,19674000
2021-09-15,143.1600799560547,143.1808915102632,140.10516764345076,141.51664778400357,27408000
2021-09-16,142.3477783203125,143.03171616692714,141.14990398479992,142.68528546421356,26190000
2021-09-17,139.56246948242188,142.18917178562248,139.23536813670114,141.7733642211635,53384000
2021-09-20,137.50027465820312,137.77831160755642,135.12385505551097,136.9471803209948,46518000
2021-09-21,137.81100463867188,138.78090469038185,137.06263570579478,138.5211988911411,25332000
2021-09-22,139.0504913330078,139.64868731901853,137.33371982330885,138.07960825207437,25056000
2021-09-23,139.97482299804688,140.45109904539308,139.16748291766282,139.74833097489636,20952000
2021-09-24,140.96502685546875,141.07952064576384,139.00837789075337,139.30326368063228,22984000
2021-09-27,139.83206176757812,140.69094656158367,138.83638943281525,139.56691112881026,21882000
2021-09-28,134.6361846923828,137.8739700465801,134.17031433750392,137.43635259160752,45772000
2021-09-29,133.17262268066406,135.94553512593572,132.68842135183831,135.7760328990303,30848000
2021-09-30,132.5010528564453,134.35114814552503,132.3821124335214,133.08141678172973,37996000
2021-10-01,135.34291076660156,135.7071886414203,132.89461860515644,133.26582358259782,35360000
2021-10-04,132.48472595214844,134.7654966784679,129.89816454860028,134.7654966784679,51202000
2021-10-05,134.8274688720703,136.01841621357198,132.86289428566997,132.86289428566997,32404000
2021-10-06,136.35589599609375,136.53926754708024,133.3673964801773,133.5656355859823,24364000
2021-10-07,138.00131225585938,138.81113270818318,137.4323522466048,137.67123135730094,25110000
2021-10-08,138.55690002441406,139.0975920679396,137.9938839590629,138.35022132641475,26526000
2021-10-11,137.69302368164062,139.47522436298866,137.63849923660558,138.06770719810476,17954000
2021-10-12,135.2497100830078,138.28083098740217,134.5667554031385,138.25406031342655,36332000
2021-10-13,136.37274169921875,136.78706701680704,135.31908129001275,136.19481503512776,19654000
2021-10-14,139.91036987304688,140.09522363408612,137.6048099997412,138.24810774301423,31894000
2021-10-15,140.12547302246094,140.47240282360914,139.51786944318084,140.3698121513104,30274000
2021-10-18,141.52308654785156,141.54093366501112,139.82960687486855,139.8365491009501,20396000
2021-10-19,141.97805786132812,142.39982458163402,141.3466631289933,142.12723254261542,20164000
2021-10-20,140.52294921875,142.28433864697428,140.1338971977449,142.0781590742051,23288000
2021-10-21,140.63893127441406,140.90656241415812,139.26511158996246,140.52295525974566,26292000
2021-10-22,136.3573760986328,139.34735778624022,134.86015436540723,137.92695427249757,50588000
2021-10-25,136.23892211914062,136.7870553803418,134.2336930203285,136.34101365947086,34412000
2021-10-26,138.08407592773438,138.85175904468622,137.08890257767035,138.03947326185792,49236000
2021-10-27,144.932373046875,147.34348862949798,138.17974904752617,138.17974904752617,85782000
2021-10-28,144.56707763671875,145.8645780331488,143.35581813063857,145.84128603540435,36206000
2021-10-29,146.74478149414062,146.93905794038585,143.37813478343114,143.80286589775253,43320000
2021-11-01,142.2357635498047,146.74479239872048,141.96665019325252,146.74479239872048,46924000
2021-11-02,144.15426635742188,145.32042434345115,143.06690793959632,143.30876665267616,33482000
2021-11-03,145.3094940185547,145.3798691219165,143.32013065722106,144.6181149674315,27494000
2021-11-04,146.96434020996094,148.41745854274853,145.02205961897133,145.83138101023934,38412000
2021-11-05,147.54371643066406,149.00624241473633,146.89447456017774,147.85841557801552,38354000
2021-11-08,147.7211151123047,149.29119236496442,147.12588357863783,148.50812750855306,23052000
2021-11-09,147.60960388183594,148.51755318741476,145.9508052596348,147.92133853788505,19530000
2021-11-10,144.61119079589844,146.76857441866247,143.2671214393326,146.20357706440018,29970000
2021-11-11,144.48532104492188,146.23878525750848,144.32077969235291,145.20197357813035,16518000
2021-11-12,147.37120056152344,147.5417010021572,144.13291728800866,145.32682873862055,22360000
2021-11-15,147.14720153808594,148.2350588729297,146.27791087379003,147.59176109433906,23508000
2021-11-16,146.5762939453125,147.45499226873417,146.0177396467435,146.84738864467752,18904000
2021-11-17,146.74575805664062,147.2537504824228,145.9458594225756,146.72642872326313,19594000
2021-11-18,148.52151489257812,149.25699753565374,146.58469452521086,146.9385513960959,35608000
2021-11-19,147.6175537109375,149.63963221382073,147.59029904384553,148.65732984777023,33682000
2021-11-22,145.01612854003906,148.51262110699628,144.86299118596366,148.0199952541973,30594000
2021-11-23,144.5006561279297,145.37094493190813,142.84831586173624,144.86839742509054,27218000
2021-11-24,144.83570861816406,144.96407174008007,143.1040693827115,144.19489123717437,18040000
2021-11-26,140.9333038330078,143.28693003446975,140.59579672453097,143.07976736967893,30470000
2021-11-29,144.2513885498047,145.0116454494308,142.6287680714975,142.73433830106399,32596000
2021-11-30,140.65032958984375,144.71676490782465,140.3569260142656,143.73397863340372,42068000
2021-12-01,139.811767578125,144.66771130937158,139.67349778643103,142.73435417388086,34020000
2021-12-02,141.70944213867188,142.60004356233455,138.98211518195825,140.0085210717419,29194000
2021-12-03,140.75338745117188,143.13080462386353,139.06783334148506,142.41813001017016,41230000
2021-12-06,141.89675903320312,142.5881230149532,138.9181661975633,141.78326347810582,30618000
2021-12-07,145.97508239746094,146.2342890374271,143.95102307936855,144.3167830381911,32240000
2021-12-08,146.884033203125,147.0887305485921,145.11919542765767,146.29922253666786,24270000
2021-12-09,146.34088134765625,147.78953800523445,145.8219839399429,146.29379822913546,23270000
2021-12-10,146.70068359375,147.66810329721565,145.41458694967773,147.39304592455917,24458000
2021-12-13,144.5447998046875,146.66945372410888,144.23851000057718,146.48260348264037,27070000
2021-12-14,142.64215087890625,143.21011265403155,139.9738104375734,142.7026193273764,38446000
2021-12-15,145.15386962890625,145.43140739427682,140.432732932182,142.14852130912658,36370000
2021-12-16,143.1754150390625,146.37900221019268,142.34476801510507,145.87695382502804,33650000
2021-12-17,140.47933959960938,142.5702956240414,140.05807203589413,141.2475218263389,50416000
2021-12-20,140.36236572265625,140.52840440165772,138.0964625804988,138.7694954805613,27192000
2021-12-21,142.21148681640625,142.60450151263055,139.26758970259098,140.80495248159482,28756000
2021-12-22,145.12811279296875,145.2123723601168,141.81004635956177,141.81004635956177,26322000
2021-12-23,145.625244140625,146.9405769278541,145.1648186788488,145.212400917294,26384000
2021-12-27,146.60650634765625,147.0401610488901,145.87598451208166,145.96172629853862,15976000
2021-12-28,145.39772033691406,146.9955515001699,144.77078743444807,146.93310171719043,18200000
2021-12-29,145.3660125732422,146.12132376201117,144.3673755989165,145.35560679623677,17788000
2021-12-30,144.91549682617188,146.0053355046696,144.71131371891346,145.40465905246458,15688000
2021-12-31,143.578857421875,145.40912459334086,143.578857421875,144.76632590571236,18136000
2022-01-03,143.71713256835938,144.56907529374837,142.44986625187568,143.78006634339744,28646000
2022-01-04,143.1303253173828,145.1974901309125,142.45332978624396,144.1180572750369,28400000
2022-01-05,136.5640411376953,143.22943968889484,136.4778153700128,143.1506401362504,54618000
2022-01-06,136.5368194580078,138.71005417116862,135.35827430935993,135.79440952029407,37348000
2022-01-07,135.81268310546875,137.23160415844174,134.57317090534832,136.931258432599,29760000
2022-01-10,137.45069885253906,137.59938954533916,131.9940937569273,133.89077354018556,44408000
2022-01-11,138.50779724121094,138.98358922014876,135.49106011440765,136.79400536234317,28730000
2022-01-12,140.1874237060547,141.35457977142337,139.45790011942026,139.9093868006954,26108000
2022-01-13,137.36892700195312,141.59445882785775,137.1924825382084,140.29596006685344,31436000
2022-01-14,138.25454711914062,139.5049643525977,135.79436777383097,135.8741504250452,29662000
2022-01-18,134.8026580810547,135.92619443094736,134.24808168822284,134.97810429036687,34872000
2022-01-19,133.92889404296875,136.74690778653292,133.82878383966874,135.32352491411075,28648000
2022-01-20,132.13583374023438,136.41638959519287,131.79584612438092,135.05247646638676,29908000
2022-01-21,129.205810546875,133.6801282847316,128.943140301046,131.42810942176132,55652000
2022-01-24,129.6543426513672,130.04983783070446,123.40574871292903,124.87075517822278,76622000
2022-01-25,125.81932830810547,128.26167595997225,125.38865318603597,127.60847149388137,46960000
2022-01-26,128.09713745117188,131.8310265621683,126.02451243511305,129.96656245343323,49130000
2022-01-27,127.87113189697266,131.4865641925573,127.7992594466559,130.14992113768704,31950000
2022-01-28,132.17892456054688,132.18438456774498,127.35569637367115,128.51937364185733,34362000
2022-01-31,134.11424255371094,134.28226252839633,131.04744318139925,132.98278101025602,39986000
2022-02-01,136.4342041015625,136.58189655421876,133.1874959638718,136.38513965543686,68644000
2022-02-02,146.69920349121094,150.21452630254774,144.24348530384265,149.92063870301118,123200000
2022-02-03,141.8323516845703,148.35948154682154,141.41158317819725,144.42487252128518,71518000
2022-02-04,142.03355407714844,143.6016501301799,139.27997087416557,142.18372697506842,57998000
2022-02-07,137.97752380371094,142.9821426046324,137.67915934204296,142.9821426046324,54974000
2022-02-08,138.17379760742188,138.7695132466174,135.80976527306845,137.80457400105325,54284000
2022-02-09,140.3474884033203,141.27180258476253,138.95483870196645,139.72451821989904,40144000
2022-02-10,137.40162658691406,140.24095165966446,136.744459438641,138.475614665895,39330000
2022-02-11,133.10226440429688,137.93341878729322,132.22751362039665,137.38182183921865,39958000
2022-02-14,134.3348388671875,135.10203810058192,132.08528518005716,132.08528518005716,34302000
2022-02-15,135.40782165527344,136.8946378100411,134.62773623845976,136.36135685706915,26680000
2022-02-16,136.52737426757812,136.87230757588372,133.73809706927898,135.44546098409901,25022000
2022-02-17,131.3740692138672,135.90835577846806,131.3140998808297,135.04550824241358,38950000
2022-02-18,129.25686645507812,132.89164396954067,129.05218420049687,132.293931857016,45620000
2022-02-22,128.67254638671875,131.01873151195204,127.09650976671601,128.6968214918031,44990000
2022-02-23,126.46658325195312,130.89035389025435,126.40661391799688,130.49139522919555,32786000
2022-02-24,131.52474975585938,131.83103958734307,123.85526054283336,123.85526054283336,54456000
2022-02-25,133.27769470214844,134.0825542601225,130.59348845442182,132.3781698059547,36406000
2022-02-28,133.86997985839844,134.55836446786094,131.4271325627811,131.88061579311713,38864000
2022-03-01,132.8831787109375,135.0578951055112,132.04760096390638,133.69299913792386,26496000
2022-03-02,133.3887176513672,134.07363858013736,131.90190155372292,133.4447243246417,23520000
2022-03-03,132.7226104736328,135.2402787650286,131.8562842947509,134.8145494526599,24604000
2022-03-04,130.7471160888672,132.67502797880198,129.19190640491172,131.75915337109652,30430000
2022-03-07,125.2677230834961,130.57714191731998,125.18495329978524,130.3323188037654,45112000
2022-03-08,125.98735046386719,130.0964149357728,124.56991874531153,125.14036103345764,40428000
2022-03-09,132.24732971191406,132.56006261647792,128.75876292905036,130.0964043089668,37026000
2022-03-10,131.26553344726562,132.10062719921083,129.76186860445603,130.1122619277312,27102000
2022-03-11,128.72903442382812,132.61953964393146,128.49213662745805,132.31523116771578,31526000
2022-03-14,124.8439712524414,129.26278859105312,124.17391792288964,129.10518948279775,38812000
2022-03-15,128.06243896484375,128.71317811067638,124.61550282436785,125.85996865327388,30920000
2022-03-16,132.10910034179688,132.1611292396427,127.60304992071856,129.58398970747945,35576000
2022-03-17,132.6626434326172,132.90202164574634,131.02317416057818,131.9787056808196,28264000
2022-03-18,134.92904663085938,135.0465048489617,131.0960307543159,132.2517827162383,44566000
2022-03-21,134.9052734375,135.84543842143734,132.9139283478914,134.96672499602926,26832000
2022-03-22,138.63865661621094,139.81027445788428,134.90526665885673,134.90526665885673,35496000
2022-03-23,137.06016540527344,138.36162868482575,136.62354624695533,137.48341434965386,25154000
2022-03-24,140.32769775390625,140.37428175630868,136.53978312219112,137.97653660408002,26396000
2022-03-25,140.42779541015625,140.78661319393285,138.50930604145182,140.6686558555551,24126000
2022-03-28,140.2122344970703,140.75442393883623,138.58267148561245,139.6621045995767,35050000
2022-03-29,141.25299072265625,142.52967985366587,140.79009997554334,141.3937560937845,34318000
2022-03-30,140.69097900390625,141.4661035387116,140.35545318525374,141.20789506521558,19884000
2022-03-31,137.84521484375,140.85898818058075,137.80259350469294,140.80446372092825,37524000
2022-04-01,138.91867065429688,139.23634932313234,137.0918670617453,138.27389064424523,25942000
2022-04-04,141.7148895263672,142.4488900673313,139.07728210128434,139.12486433293225,25942000
2022-04-05,139.3553009033203,141.73370131663094,139.14863735319742,141.61327865957014,21418000
2022-04-06,135.34783935546875,138.13561937873442,134.3258953417317,137.53048114777272,32468000
2022-04-07,134.69415283203125,135.95893878121728,133.0477410449295,134.81457550647184,26234000
2022-04-08,132.11599731445312,134.4775488545769,131.7968213100517,134.39180707525873,25142000
2022-04-11,127.69123077392578,130.9314957081175,127.53759432830005,130.66486281779106,36884000
2022-04-12,126.59197235107422,130.44332693880528,125.67460792755578,130.44332693880528,32710000
2022-04-13,128.7523193359375,129.18845446203287,126.61824282890016,126.87496906105243,27928000
2022-04-14,125.61613464355469,129.33268319605867,125.48826307957773,129.33268319605867,31598000
2022-04-18,126.55431365966797,127.0855981275949,125.07295002814799,125.88376118192888,20808000
2022-04-19,128.8663330078125,129.1874752778057,125.88327780821626,126.56919704178952,26490000
2022-04-20,126.91461181640625,130.24409728114765,126.37936469139383,129.74154970357304,31696000
2022-04-21,123.71747589111328,128.9550302257485,123.43200519213937,128.11399236207833,36446000
2022-04-22,118.583984375,124.2998031690539,117.8797341417918,123.90133604882998,56884000
2022-04-25,121.99224853515625,122.19395873886434,117.46935870859244,118.05416932131517,46128000
2022-04-26,117.60716247558594,121.43323675370941,117.46938423541988,121.21963094813664,73054000
2022-04-27,113.2899398803711,116.2115281359682,111.74563485499026,113.46339722510035,91820000
2022-04-28,117.48077392578125,118.59786733984906,113.11201138291597,115.39179910794181,48884000
2022-04-29,113.10655975341797,116.88356939125211,112.81415439821426,115.70848796251151,42676000
2022-05-02,115.55831909179688,115.71938932068893,111.61032511577044,112.4082500446914,35534000
2022-05-03,116.3027114868164,117.40097459460361,115.01463371515267,115.40714926550513,24968000
2022-05-04,121.1864242553711,121.77470610616302,114.10421890918515,116.00288759831987,49916000
2022-05-05,115.48150634765625,119.97516100768799,113.99469020299561,119.14750092797412,45840000
2022-05-06,114.72917938232422,116.53814363596445,113.01339826100602,114.17212241972844,39710000
2022-05-09,111.52210998535156,114.06555854767906,111.0160988528587,112.25461312851758,40802000
2022-05-10,113.38953399658203,115.22823299896139,111.90817053173647,114.49225882118422,39900000
2022-05-11,112.60401916503906,115.34174426145016,112.24123869560488,112.24123869560488,37534000
2022-05-12,111.85218048095703,113.29042361789074,108.85921908657511,110.3985706744424,53836000
2022-05-13,115.0304946899414,116.83895961506994,112.60649331317624,113.52633065893913,35038000
2022-05-16,113.4391098022461,115.14894677053942,112.88849600182488,113.94512093552153,25990000
2022-05-17,115.44928741455078,115.87253633398905,113.86037975364924,115.81355766184248,23054000
2022-05-18,110.9159927368164,114.38572970803413,110.57501446156296,113.98924386906536,35126000
2022-05-19,109.41381072998047,112.01672963021842,109.03318313781098,110.4521046016662,34144000
2022-05-20,107.95076751708984,111.19748304933411,104.86661954709218,110.96702082393216,48962000
2022-05-23,110.50808715820312,111.16179067471498,107.78522998648482,108.62429393997432,37184000
2022-05-24,105.03860473632812,105.5228136697581,100.98901060230938,104.8423469431348,76780000
2022-05-25,104.87505340576172,105.56394457254443,102.94367769195411,104.0627524475445,40258000
2022-05-26,106.84508514404297,107.69454740943145,104.3001467738534,104.74817746889774,37948000
2022-05-27,111.32931518554688,111.33080496604357,108.17924616749293,108.52072351941294,37914000
2022-05-31,112.76211547851562,114.71777381462744,111.0934100457265,111.75553808376368,50012000
2022-06-01,112.8909683227539,116.07226223773644,112.25461274183665,113.84550925646737,36606000
2022-06-02,116.58867645263672,116.863242236052,111.95378036843927,112.99801816382626,37992000
2022-06-03,113.53426361083984,115.2991165371884,112.52075159132542,115.04239030742981,26136000
2022-06-06,115.79373168945312,118.29802241385896,115.14300011660191,115.6787463489471,33542000
2022-06-07,116.11984252929688,116.65658702589174,114.0407818998257,114.46551304706918,31590000
2022-06-08,116.1639404296875,117.52834484529313,115.57515955281724,115.73523910380932,26108000
2022-06-09,113.82617950439453,117.25923874880715,113.76720083398786,115.3050626696795,25798000
2022-06-10,110.18446350097656,112.28335238911357,109.39595372206405,111.45668305650874,41452000
2022-06-13,105.45738220214844,107.83529107558937,105.18628753798215,105.84791642014875,47252000
2022-06-14,105.77754211425781,106.97591545107889,104.87009189196922,105.59863233927445,33706000
2022-06-15,108.79975128173828,110.44416645951732,106.7231636370719,107.59096455911155,39698000
2022-06-16,105.10153198242188,107.69354563728278,104.21390269036812,106.27859459413291,51684000
2022-06-17,106.20177459716797,107.74409805466348,104.12270672580617,105.10153022197909,51376000
2022-06-21,110.56360626220703,111.50079919576064,107.64548168742688,107.97208392269314,47416000
2022-06-22,110.50760650634766,112.35026079420923,109.41231534981758,109.58478958192295,30774000
2022-06-23,111.25546264648438,111.75156708607098,109.52927601369151,111.2450568706106,28362000
2022-06-24,116.9380874633789,117.04117725395231,111.95973234728507,112.00186213185698,41164000
2022-06-27,114.8154067993164,117.53726596134602,114.16714811318771,117.233464181198,36420000
2022-06-28,111.02303314208984,116.27843425509606,110.86493491306922,114.78467596630205,35792000
2022-06-29,110.71971893310547,112.16589494206592,109.8980029257133,110.57153493394433,24716000
2022-06-30,108.00528717041016,109.9133707611735,105.81174046866552,109.03317519019397,43170000
2022-07-01,107.78177642822266,108.28976888662308,105.79241280402681,106.98434306481707,35476000
2022-07-05,112.26750946044922,112.38050591881981,104.80220355673937,106.15917441051404,39342000
2022-07-06,113.56498718261719,114.57354585155757,110.49619829116553,112.30615296257244,37432000
2022-07-07,117.7389907836914,118.14191973236039,113.82421022402528,114.06854181319488,40936000
2022-07-08,118.3044662475586,118.63304981056329,115.87401417090683,116.21945418412874,38238000
2022-07-11,114.6597900390625,116.9608884830124,114.31683045021927,116.9608884830124,31196000
2022-07-12,113.01834106445312,115.94588075015933,112.69074816289236,115.19354915850505,29960000
2022-07-13,110.37478637695312,113.19230171782554,110.22412191978457,110.71922817942544,43722000
2022-07-14,109.39744567871094,110.11657102778943,107.42047675216378,109.241827899975,37004000
2022-07-15,110.79505157470703,112.14607830712104,109.92526931854086,111.01609870201857,46770000
2022-07-18,108.07169342041016,112.68082434708725,107.41749833919559,111.64996438782659,43164600
2022-07-19,112.8096923828125,113.01784573162385,108.59704671976239,109.87570948732167,36530900
2022-07-20,112.8989028930664,114.38571897797333,111.49138548098223,112.1753157376498,35600400
2022-07-21,113.33503723144531,113.54319815061008,110.13343063915318,113.27556700444859,32676200
2022-07-22,106.9516372680664,111.35260768410927,105.56394075969678,110.02438896081073,48901200
2022-07-25,106.5650634765625,108.90432131164432,105.36569944827403,107.45715461067633,34690900
2022-07-26,104.09695434570312,106.25779418092783,103.15530711554915,105.66306921649698,47991000
2022-07-27,112.06627655029297,112.90881167432437,107.06066717650027,108.29968052085549,59858500
2022-07-28,113.2160873413086,113.33502778538879,110.48034369240179,111.3823490591432,32816600
2022-07-29,115.2976303100586,115.68420188473884,112.06628125487264,112.08610970412361,37223400
2022-08-01,113.8504638671875,115.69411641077537,113.33503005804593,114.28659900379381,26034300
2022-08-02,114.11809539794922,115.32737377032129,112.72049211808546,112.99802992898957,20236000
2022-08-03,117.04216766357422,117.57742237828928,114.46502121528304,114.69299545382555,28499000
2022-08-04,117.15119171142578,117.73600237782314,115.86261481324507,116.4474330419797,21602900
2022-08-05,116.43753051757812,117.07190480623939,114.98044947375558,115.20843127858919,19159500
2022-08-08,116.2690200805664,119.09396911037126,115.85270583222336,117.34943613172396,19138300
2022-08-09,115.60489654541016,116.28883432071103,114.69298455323379,116.11041609942981,19086500
2022-08-10,118.64791870117188,119.85719697468683,117.36926354294056,117.73600666493809,30930400
2022-08-11,117.79547882080078,120.42218875210386,117.51794102802992,120.21403540752571,24293700
2022-08-12,120.61051177978516,120.61051177978516,118.4100229343774,119.20299447658569,19096300
2022-08-15,121.00701141357422,121.2250789907804,119.54993038618566,120.06535665403284,19494800
2022-08-16,120.63033294677734,121.35392004790616,119.57965207888614,120.451914727481,19041200
2022-08-17,118.4992446899414,120.2239492265823,118.33073312003822,119.06423449827227,22847000
2022-08-18,119.11378479003906,119.75807324012199,117.67653233875487,118.38029100928513,17987700
2022-08-19,116.17981719970703,118.10276857561419,115.73377536372404,118.01355567101463,21809500
2022-08-22,113.23590850830078,114.61369077944998,112.84933693940785,114.18746987498629,21456600
2022-08-23,112.85926055908203,113.999154474037,112.43303961913671,112.48260318331054,15870400
2022-08-24,112.69074249267578,113.77115848347056,111.87795005297879,112.50241004709838,17734600
2022-08-25,115.62474060058594,115.69412505365322,113.10706427704174,113.23591895778435,16956800
2022-08-26,109.37019348144531,114.10818734688105,109.22151791479679,113.71170152369614,37245700
2022-08-29,108.45828247070312,109.97483376444924,107.84373662281749,109.02327231665438,21191200
2022-08-30,107.98250579833984,109.52879220958579,106.8525261036081,109.2016908341797,27513300
2022-08-31,107.26881408691406,109.87569528487893,107.17960119904774,109.67745618658887,28627000
2022-09-01,108.77546691894531,109.47922565257869,106.41638802751207,107.32830011371269,28360900
2022-09-02,106.9020767211914,109.76667515278551,106.3172660149257,109.61799202942274,24160700
2022-09-06,105.8712158203125,107.08049412281643,104.8502699767572,106.3569145236708,25068300
2022-09-07,108.48799896240234,109.01334694156556,105.96041642746357,106.11900619370509,23167000
2022-09-08,107.42742156982422,108.63669993090151,106.21815077108502,107.09041353468496,24238300
2022-09-09,109.6774673461914,110.0144753600422,108.06178903761959,108.11135259840358,23197700
2022-09-12,109.88560485839844,110.63892701222821,108.96377872191911,110.01445951060047,22966800
2022-09-13,103.4030990600586,107.34812094062124,103.17511727352941,106.85251559475012,38172900
2022-09-14,104.0771255493164,104.35466334080722,102.74890681508529,103.65090463743046,26395100
2022-09-15,102.00550079345703,104.34475118044541,101.45041763715635,103.11565198138281,34188300
2022-09-16,101.8964614868164,102.22355526563086,100.05280900693545,101.17287435902635,42797200
2022-09-19,102.1640853881836,102.42180228471612,100.65744846869414,100.85568758151153,23036800
2022-09-20,100.25106048583984,101.47025310674029,99.63650706262375,101.18280106502655,26517100
2022-09-21,98.40739440917969,101.97575131964689,98.39748018499488,100.7763873127521,31487300
2022-09-22,99.25982666015625,100.35015678331564,97.92169389253625,97.95142899989769,34298600
2022-09-23,97.87213897705078,98.78405853652902,96.61330475951237,98.75431586420589,31625400
2022-09-26,97.30715942382812,99.00212893213987,96.94041627902087,97.23777497245881,27072700
2022-09-27,96.64305114746094,99.12107809995993,96.01859107787291,98.55608825728369,30072800
2022-09-28,99.17063903808594,99.81491997880579,96.25647699916067,96.79173171420844,32466300
2022-09-29,96.5637435913086,97.77302184291314,95.11657689159186,97.77302184291314,31047200
2022-09-30,94.8093032836914,98.03073800147999,94.72009038986029,96.19699975151396,32941500
2022-10-03,97.77301788330078,98.4173063180856,95.67164858345502,95.90954458427032,27982000
2022-10-04,100.74666595458984,100.94490509132231,99.49773821862796,99.55721600951836,28850800
2022-10-05,100.53849792480469,101.03410325667056,97.93161660163159,98.95256237530134,22176900
2022-10-06,100.52859497070312,102.0253253581869,99.7058882126134,99.79510111476603,22324000
2022-10-07,97.81266784667969,99.64640604800172,97.43601051980215,98.97238249935859,27502800
2022-10-10,96.99988555908203,98.22898478378026,96.15735792571904,98.12986522026777,18225100
2022-10-11,96.32585144042969,98.37765718707726,95.46349545095802,96.57365410336944,26507100
2022-10-12,96.7025146484375,97.88205781573463,95.88972216704339,96.44480530818547,21876400
2022-10-13,98.18933868408203,98.90301166464873,93.55047187273668,94.31370841786314,34574500
2022-10-14,95.7113037109375,99.80500878199092,95.52297881847961,99.11115674778205,25410700
2022-10-17,99.0913314819336,100.04289281373572,97.96135192777248,97.99108703777611,28419200
2022-10-18,99.88430786132812,102.56058152852803,99.09134376768007,102.22356592791553,24060700
2022-10-19,98.75431823730469,100.13210049023245,98.0505595554906,99.1309831390766,23811100
2022-10-20,99.0913314819336,101.42067503437667,98.51642748073942,99.12106659193721,25323200
2022-10-21,100.24113464355469,100.41955287075776,96.86111011341654,96.98996478104308,32458700
2022-10-24,101.61891174316406,101.8468935183707,99.1012433660337,100.90524643291671,27176400
2022-10-25,103.56169891357422,103.89870692702209,101.81716593632244,101.99558416765885,40611400
2022-10-26,94.09563446044922,97.44592398970775,93.85774600381856,95.58245054848182,88114100
2022-10-27,91.40946197509766,94.59124776308492,90.99315525046492,93.68924229737569,60710900
2022-10-28,95.44367980957031,95.70139671064247,91.32023964176592,91.45900853564996,43697300
2022-10-31,93.67932891845703,95.18596591202643,93.15398843755676,94.58132675716521,31675000
2022-11-01,89.67483520507812,95.18596439796062,89.57571564537245,94.61106036439496,47161400
2022-11-02,86.20559692382812,90.37859311828306,86.11638402723818,90.14070466460588,57038300
2022-11-03,82.69670867919922,85.75954610026633,82.60749578413358,85.56130698597873,61288000
2022-11-04,85.81903076171875,85.87850098830332,82.97425311346052,84.64940174408115,51124900
2022-11-07,87.71222686767578,88.11862685745632,86.08664203322763,86.51286290825593,34078900
2022-11-08,88.11863708496094,89.52615453336252,86.8201458615817,88.11863708496094,30429000
2022-11-09,86.55252075195312,88.6538902246859,86.51287141522182,87.67258615584599,31769100
2022-11-10,93.11434173583984,93.56038355540274,90.80481883714413,91.43919312210994,51620100
2022-11-11,95.56262969970703,96.07805594966968,93.09450954770053,93.85774604143894,33090500
2022-11-14,94.85887145996094,95.93929517491121,93.6793357388502,94.2542322610785,30179500
2022-11-15,97.57479858398438,99.25985400560378,95.86000048447306,97.39638032832619,41640800
2022-11-16,97.98118591308594,98.7642433513322,96.78182175445707,97.03953867950554,29105200
2022-11-17,97.4954833984375,98.40739541196346,95.93928292840438,96.11770115386271,26052600
2022-11-18,96.57365417480469,98.0307350439421,95.52297330311087,97.90187281922236,28342300
2022-11-21,94.7597427368164,97.53513576068444,94.52185428293382,96.43489126326328,21647400
2022-11-22,96.19700622558594,96.36551023797273,93.22337397827062,95.10666835170002,23438500
2022-11-23,97.59461975097656,97.89198603203164,96.23665815892174,96.23665815892174,18868100
2022-11-25,96.60340118408203,97.77303020059202,96.5439309575548,97.37654437828832,9701400
2022-11-28,95.20580291748047,96.72235427216631,94.76966773383909,96.18709951833512,26237500
2022-11-29,94.35335540771484,95.27518172427101,93.28284596351969,94.88861012981242,20061700
2022-11-30,100.10237121582031,100.15193477810236,93.59011691093076,93.98660272217356,43647500
2022-12-01,100.10237121582031,101.35129887441687,99.36887738054075,100.1321063282544,28687100
2022-12-02,99.55720520019531,99.88429898405619,98.03073981360708,98.17942293118247,21480700
2022-12-05,98.60565948486328,100.48895406526097,98.12987494557692,98.5263608012591,24405100
2022-12-06,96.12760925292969,98.90299445146697,95.57252616335273,98.42721758878601,24910700
2022-12-07,94.10552978515625,96.02847306375465,93.88746225940044,95.5626104687645,31045400
2022-12-08,92.8863525390625,94.73991924555087,92.62863564307744,94.54167257081721,32213300
2022-12-09,92.01409149169922,93.43152310128887,91.93479282039716,92.94582441131696,28225400
2022-12-12,92.48987579345703,92.73767848934548,90.80482048635082,91.89515083579238,29420000
2022-12-13,94.78948211669922,98.6552055874712,94.19475717404306,96.90076587228482,40593700
2022-12-14,94.23440551757812,96.01858788905928,92.77732450792483,94.36326019238705,28733600
2022-12-15,90.06140899658203,92.81697366079501,89.21888137485573,92.31145406282408,40107000
2022-12-16,89.46669006347656,90.52728533047387,88.73318861726283,89.9622954697807,58011800
2022-12-19,87.66268157958984,89.76404353999254,87.43469977854382,89.4666848509379,29493000
2022-12-20,88.23757934570312,88.39617669869548,86.6714720777627,87.33558147815765,23453800
2022-12-21,88.79265594482422,89.42703018514993,87.54372835066033,88.29705059692365,24745600
2022-12-22,86.9886474609375,87.76179054640475,85.56130172632905,87.3851332274773,27658300
2022-12-23,88.44572448730469,88.7629115743793,86.30470597779849,86.3443553089749,23003000
2022-12-27,86.62189483642578,88.15827431100223,86.24523752605165,88.01950543021509,20097300
2022-12-28,85.2639389038086,87.26618870145985,85.18464779721495,86.21550780630535,19523200
2022-12-29,87.67259216308594,88.06907799522807,85.84876792250566,85.85868214795222,23333500
2022-12-30,87.45452117919922,87.52390562395297,85.80910782884277,86.21550783549851,23986300
2023-01-03,88.3366928100586,90.24972960120895,87.74196039065848,88.80255544716131,28131200
2023-01-04,87.30583953857422,89.85325071371112,86.50295373591993,89.55588448127065,34854800
2023-01-05,85.4423599243164,86.80032131544093,85.14500124959856,86.70120175720164,27194400
2023-01-06,86.57233428955078,86.9192640659125,84.11413611960162,86.02717297103696,41381500
2023-01-09,87.2463607788086,89.25852481278592,87.08777100232832,87.58337634262733,29003900
2023-01-10,87.64285278320312,87.89065547093827,85.07562056818927,85.22430369329793,30467800
2023-01-11,90.7155990600586,90.7948977302534,88.22766567198052,88.3961696743914,26862000
2023-01-12,90.32902526855469,91.06252660626463,88.96115727194007,90.67595505151839,30258100
2023-01-13,91.31034088134766,91.37972533429402,89.33782596038705,90.05149894060011,26329200
2023-01-17,90.48762512207031,91.43918648040213,89.25852597951722,91.2508540286788,32602400
2023-01-18,90.31913757324219,91.98437214427553,89.84335302623032,91.33016933742654,29116700
2023-01-19,92.2321548461914,92.78723039529136,89.83341930400117,89.92263219572776,37000400
2023-01-20,97.15845489501953,97.43600020170042,94.18482324160857,94.26412190066026,63191100
2023-01-23,98.91292572021484,99.16072841791184,96.64305210182975,97.08909393274908,40005100
2023-01-24,96.84127807617188,98.73449405924738,96.34567274812117,97.23776385107986,33078500
2023-01-25,94.38308715820312,95.31482766669704,92.9359203962401,94.73000940210903,42330000
2023-01-26,96.66287231445312,96.7124358785813,94.54168184198296,95.65184064234623,30114000
2023-01-27,98.4966049194336,99.4382520111048,96.45470583998284,96.45470583998284,33879800
2023-01-30,96.08796691894531,97.42609984090785,95.5527122376928,96.62322160019781,27226200
2023-01-31,97.97126007080078,98.0109094055175,95.96901782279963,96.01858138177985,29870700
2023-02-01,99.54730224609375,100.30062458138316,96.7223529416814,97.8424184378622,35531100
2023-02-02,106.79303741455078,106.9020711952248,104.68176137141613,104.87009382209624,69883800
2023-02-03,103.85905456542969,106.86242173682118,101.67839407914221,102.02531630709647,65309300
2023-02-06,101.9955825805664,103.44274929562647,100.98454343127975,101.49997723038128,31999600
2023-02-07,106.69392395019531,107.22917865979215,102.2136547117616,102.31277427376001,49010200
2023-02-08,98.4966049194336,102.23346573895768,97.17829294122423,101.15304976140519,94743500
2023-02-09,94.1749267578125,99.15080093480049,92.80705120953134,99.12106582502693,119455000
2023-02-10,93.7387924194336,95.89963197469012,93.42160530867747,94.61105508342865,54980700
2023-02-13,93.77845001220703,94.36326072696573,93.01521349695155,93.90730468774592,50076100
2023-02-14,93.84783172607422,94.01633573432831,91.44910358703162,93.6000290448755,54726100
2023-02-15,96.08796691894531,96.26638514602948,93.32248818030943,93.6594961857254,50169000
2023-02-16,94.67053985595703,96.8214653459122,93.90730335156145,94.53177095740106,42462600
2023-02-17,93.5207290649414,94.72009311770113,92.39074945945416,94.01633442041258,34284100
2023-02-21,90.98323059082031,92.28171418116946,90.91384614467198,92.18259462414863,33629300
2023-02-22,90.84446716308594,91.30042320267887,89.81360707091751,90.89402316340856,30884000
2023-02-23,90.09113311767578,91.13190729905016,88.97106783366301,91.11207885163788,41206400
2023-02-24,88.34660339355469,89.09992561252551,87.8014420680175,88.65388384050988,36585100
2023-02-27,89.08010864257812,89.36756065406263,88.55476061737971,89.08010864257812,27502300
2023-02-28,89.26842498779297,90.42814714719488,88.53493125490608,88.54484547844608,30142000
2023-03-01,89.5657958984375,90.2299052260907,88.88185812266312,89.18913856984402,31111200
2023-03-02,91.1913833618164,91.46892114468274,88.80256197209034,88.87195398014434,32204400
2023-03-03,92.82688903808594,92.90618771372029,91.63743159058448,91.66717426570082,35160100
2023-03-06,94.29386138916016,95.12648222322294,93.17379613676579,93.19361702128163,32639300
2023-03-07,93.03504180908203,94.8291308506661,92.70794044588578,94.14520057401873,27835500
2023-03-08,93.4216079711914,95.11657735157019,93.17380529752776,93.2927533033278,34103300
2023-03-09,91.5085678100586,94.69035312052974,91.09226114790435,93.2233655789375,28813500
2023-03-10,89.83342742919922,91.97444627624094,89.60545319191515,91.35989288962611,35941000
2023-03-13,90.3092041015625,91.75637076191212,88.6340556613181,89.29816499049838,37335600
2023-03-14,93.14407348632812,93.53064506595086,91.62752227975622,91.74646272743232,36050200
2023-03-15,95.2652587890625,96.07805124185921,91.82575652926289,92.40066053699009,50622100
2023-03-16,99.4382553100586,100.30061132579071,94.66062012558537,95.35446457801073,65492000
2023-03-17,100.72684478759766,101.9361156180665,99.22020012817495,99.37879748699346,61028500
2023-03-20,100.33035278320312,100.85569326789229,98.99221979039645,99.24002247655834,32960400
2023-03-21,103.9978256225586,104.17624385241345,100.33034902951017,100.36008414076306,42110300
2023-03-22,102.46145629882812,105.65314851003183,102.4218069619865,103.35353990958235,43427400
2023-03-23,104.67184448242188,105.36569648380548,103.54186493178221,104.136589817013,40797800
2023-03-24,104.51326751708984,104.56282351890222,102.92732421233099,104.06721812674961,30393300
2023-03-27,101.5594482421875,103.83923589570183,101.03410777688019,103.70046700155793,31120900
2023-03-28,100.14201354980469,101.54953089706174,98.86335086819658,101.53962423516843,32057900
2023-03-29,100.49885559082031,101.58918588440255,99.7653617660232,101.38103253800085,28779600
2023-03-30,100.00325012207031,100.27088125455408,98.90300560483199,100.0230785716146,33086200
2023-03-31,102.81828308105469,102.97687285114189,100.15192403778421,100.40964092180509,36863400
2023-04-03,103.44275665283203,103.61126066891856,101.03411417712786,101.49007022424684,25035400
2023-04-04,103.79959106445312,104.6520329153803,103.12556745121624,103.41301947651381,24420100
2023-04-05,103.55178833007812,105.16745913119128,102.74891004200208,104.85027199347772,28290500
2023-04-06,107.46705627441406,108.21046425787682,103.41300836785234,104.33483456983963,48711500
2023-04-10,105.50447082519531,106.6443570965018,104.19607298512094,106.03972551827178,27067400
2023-04-11,104.4240493774414,105.79192503108294,103.75994000022175,105.61350679636178,26311800
2023-04-12,103.72027587890625,105.81173083577598,103.42290967597877,105.64322684987418,24370300
2023-04-13,106.48575592041016,106.54522613694265,104.90972712126796,104.90972712126796,24843600
2023-04-14,107.91311645507812,107.98250090468606,105.90095229177238,105.95051585392284,26578000
2023-04-17,105.03860473632812,105.22693719940173,103.60134460665196,103.74012106946371,37571200
2023-04-18,103.58151245117188,105.60358307540247,103.15529157112812,105.55401951819435,26596400
2023-04-19,103.26432800292969,104.05729956463124,102.16408355317898,102.66960311282216,20905700
2023-04-20,104.36457061767578,105.31613193758433,102.95705330462381,102.99670263824548,27820800
2023-04-21,104.4835205078125,105.06833117404804,103.85905294490108,104.54299072815176,25800100
2023-04-24,105.03860473632812,105.69279990108514,103.77976284473804,104.56282024731928,23542800
2023-04-25,102.9372329711914,105.75227538154243,102.92731874642017,104.89983354732145,46664100
2023-04-26,102.79846954345703,105.4152654093067,101.72796008133541,103.99783368510995,53347600
2023-04-27,106.64436340332031,107.41751415837903,102.62996431134651,103.53196218207461,50089200
2023-04-28,106.39656066894531,106.40647489412298,104.16633643126642,106.09920197465762,36139800
2023-05-01,106.25778198242188,107.040839327923,105.88112464606859,105.90094553226093,26681700
2023-05-02,104.39431762695312,106.2577911455612,102.79846768787561,106.19832091951841,30997200
2023-05-03,104.4835205078125,106.545232957059,104.03747116825616,104.60246094849104,21795400
2023-05-04,103.76985168457031,104.67184949855658,103.05617876315749,104.5628157154331,23419500
2023-05-05,104.6421127319336,104.94938562732777,103.19494602522195,103.89870471094449,26639300
2023-05-08,106.8227767944336,107.0111092526405,104.2357237525446,104.25554463966958,26511400
2023-05-09,106.40645599365234,109.18184868805265,106.24786623066939,107.43731592121998,36360100
2023-05-10,110.76778411865234,111.94732714800676,106.98135994389075,107.02100927521677,63153400
2023-05-11,115.54544067382812,116.88357371843381,113.40442931492669,114.3857258726591,78900000
2023-05-12,116.4771728515625,116.99259909422787,115.08947634268829,115.65446614587465,41102300
2023-05-15,115.4859619140625,117.43864822230549,114.9903565591719,115.08947611768251,36266800
2023-05-16,118.45960235595703,119.6887016048796,115.40667134063953,115.46614156745153,45035600
2023-05-17,119.77789306640625,120.60059973288946,117.84503529559602,118.55870818399895,33323600
2023-05-18,121.75041198730469,122.22618888797108,119.7679905890739,119.88693103307176,35234200
2023-05-19,121.68102264404297,124.8628079526781,121.07638353692812,122.464079972312,41353400
2023-05-22,123.95091247558594,125.31878064512259,121.6612104053191,121.85945710097975,35253000
2023-05-23,121.4827880859375,123.53459405259528,121.13586583308965,123.06873134867843,34046300
2023-05-24,119.83737182617188,120.83849672292195,118.80651181921867,120.05543938411122,34182600
2023-05-25,122.39469909667969,124.21852313290142,120.88805461582595,123.4255515574692,42317000
2023-05-26,123.51476287841797,124.15905132995717,121.37374418942687,122.08741708575724,35635900
2023-05-30,122.58302307128906,124.55553777083063,120.92770304942592,124.53570932230704,35076700
2023-05-31,121.7900619506836,122.96959754632296,121.42331126767849,121.67111394373497,37325800
2023-06-01,122.63258361816406,123.32642805270005,121.54225340860589,121.7404925149484,30772700
2023-06-02,123.5742416381836,125.04123686671639,122.67224379356901,122.90021802977736,26980100
2023-06-05,124.90245819091797,126.30997552224953,122.75152529744679,122.92003685811163,32305500
2023-06-06,126.19103240966797,127.16241466547471,124.25817456021957,124.90246303081489,26638300
2023-06-07,121.4233169555664,127.90582861001033,121.04665959275812,125.85403022098032,52539000
2023-06-08,121.06648254394531,122.14690621299393,120.17439134067995,121.15569544544086,29389200
2023-06-09,121.15568542480469,122.67223656375475,120.83849830791537,121.17550631108766,23778300
2023-06-12,122.55328369140625,122.9596836862708,120.59069084683541,121.71075615460212,28306400
2023-06-13,122.74163055419922,124.05994268348793,122.09734204600761,123.881524443717,22278300
2023-06-14,122.58302307128906,122.95968796986351,120.38253415008784,122.01803328576474,30592300
2023-06-15,123.99053955078125,124.35729022251407,121.32418798075481,122.05768176188316,35246300
2023-06-16,122.44424438476562,125.00156955141776,122.19644173440794,124.82315134066675,45535600
2023-06-20,122.01803588867188,123.47511683040602,121.06647452234982,121.84953188431368,26097500
2023-06-21,119.4904556274414,121.58191085699323,119.04440626489465,121.32419395167761,30306300
2023-06-22,122.06759643554688,122.1568017665919,117.78556661162784,118.94528128923695,26952200
2023-06-23,121.26471710205078,121.71076646804086,119.99596857737609,120.31315570854476,34913600
2023-06-26,117.29987335205078,120.927708228838,117.23048890392118,119.69860904954042,33969900
2023-06-27,117.28997039794922,118.03337846384325,115.07956708792895,116.0509569547925,39535900
2023-06-28,119.12371063232422,119.33186398652833,115.82297695350607,116.06086542083392,27091400
2023-06-29,118.05319213867188,119.00475349739705,117.26022812090297,118.19196103083988,24090900
2023-06-30,118.64791870117188,120.01579431786013,118.63801203897671,119.1137889438215,29532200
2023-07-03,118.84617614746094,119.1336281862522,117.77566667106697,118.19197339110744,14467900
2023-07-05,120.6799087524414,121.5323506020042,118.18206099111318,118.19196765372497,27584800
2023-07-06,119.05431365966797,119.24264610609485,117.35934432883768,118.74704077325545,24745200
2023-07-07,118.42984771728516,119.9860480817826,118.35054905305088,119.0443934592586,21709500
2023-07-10,115.42648315429688,117.27013566390707,115.11921025680768,117.26022900177597,35315200
2023-07-11,116.11042022705078,116.67541002080333,114.33615217521867,115.26789264862505,23078800
2023-07-12,117.88468933105469,119.27238582914387,117.36926309239514,117.75583466197419,30404400
2023-07-13,123.44537353515625,123.73282552712381,119.39131810083644,119.86710253362271,44297900
2023-07-14,124.3176498413086,125.6656970596948,122.4046128006824,123.703104019214,33283100
2023-07-17,123.5544204711914,125.98288376353565,123.10837110000271,124.83308323552517,25716200
2023-07-18,122.67223358154297,123.58414557513862,121.87926202742847,123.50484690725973,26193600
2023-07-19,120.95744323730469,124.07975852514653,120.72946900607533,123.50485449122769,37224000
2023-07-20,118.15231323242188,122.9993329839657,117.18093097461103,120.35280221161847,37906800
2023-07-21,118.9651107788086,119.92658641540363,117.68645556733492,119.55984327813516,72937900
2023-07-24,120.46183776855469,121.9189187390688,119.91667640915657,120.59070000224004,29686100
2023-07-25,121.1358642578125,122.06760477820553,119.95632105113091,120.29333663689901,52509600
2023-07-26,128.13381958007812,129.82878151515044,127.19217238007396,128.92679121548855,61682100
2023-07-27,128.26268005371094,132.0689412751873,127.65804082026027,130.51273295519817,44952100
2023-07-28,131.4147186279297,132.56452668916148,129.4223905323537,129.63053631303129,36591200
2023-07-31,131.55349731445312,132.35637563474472,130.62175675151056,131.56340397747383,28055500
2023-08-01,130.39378356933594,131.4642930466913,129.5314198898495,129.63054701957142,23166800
2023-08-02,127.25163269042969,128.9465944934301,126.4388326681817,128.31222025946755,26273300
2023-08-03,127.32101440429688,128.25275490430315,126.30006856910073,126.8452374919422,20089500
2023-08-04,126.9840087890625,130.35411926269438,126.78576966555633,128.14372354248303,26147200
2023-08-07,130.3739471435547,130.45324581754625,127.8860136363558,128.02478253467217,22746300
2023-08-08,130.2450714111328,130.35410518598817,128.4014190247344,129.47192832567612,23535200
2023-08-09,128.5203857421875,130.87945697389134,127.86618303626592,130.50280718461022,24912900
2023-08-10,128.55010986328125,130.88936757032903,128.31221386564667,130.16578804061726,20857800
2023-08-11,128.4212646484375,128.78800779260496,127.04348228626603,127.52918100734196,19591100
2023-08-14,130.17568969726562,130.21533146634363,127.8265254190536,128.25273871650413,24695600
2023-08-15,128.6393280029297,130.26491300365356,128.14372263533488,129.9477334332242,19770700
2023-08-16,127.56881713867188,129.1349318973664,126.74611798522649,127.56881713867188,25216100
2023-08-17,128.77809143066406,130.82990482519432,128.15362385412445,128.6591509873898,33446300
2023-08-18,126.33972930908203,128.11399757171444,125.26921981615214,127.38049612525968,30504800
2023-08-21,127.2417221069336,127.59855859024782,125.44763302751461,126.06218642929755,25248700
2023-08-22,127.94544982910156,129.1348993732482,127.19213531356537,127.38045259894577,22054900
2023-08-23,131.20657348632812,132.23744122531156,128.72854639699096,129.03581933612043,27819700
2023-08-24,128.6393280029297,133.07004119920114,128.43118221835817,132.77267495370916,28500700
2023-08-25,128.7384490966797,129.61070421801392,126.13156014533209,128.40142596774677,26762900
2023-08-28,129.85850524902344,131.3750563736932,128.99615680059247,130.15587147682967,20543300
2023-08-29,133.38722229003906,135.36964355822954,131.0776996976363,131.0776996976363,43075600
2023-08-30,134.6857147216797,135.08219295170898,132.89162577508347,133.59537690208668,28315800
2023-08-31,134.97317504882812,136.78709265772878,134.59651009871462,134.81457768828804,30053800
2023-09-01,134.4676513671875,136.25183370752197,133.66477309520587,136.25183370752197,21543700
2023-09-05,134.57667541503906,135.22095629355618,133.39713231081367,134.24957408258942,19403100
2023-09-06,133.2781982421875,135.32999653967815,132.4951333142853,134.824484524279,18684500
2023-09-07,134.0711669921875,134.38836170715467,131.78147247047056,132.4158467757284,18844300
2023-09-08,135.1813201904297,135.45885797662925,133.66476902845534,133.7242392505445,23558300
2023-09-11,135.71656799316406,136.27164356834132,134.59649505596173,135.33990308514734,20763400
2023-09-12,134.15045166015625,135.66700281159663,134.00177610596597,135.06236368343136,18405500
2023-09-13,135.50839233398438,135.69670962179202,132.97088078251468,133.9026210602515,20749500
2023-09-14,136.88619995117188,137.48091727999335,135.04254749494362,136.3905946148167,24751000
2023-09-15,136.19235229492188,137.30251863025583,135.28044021121335,136.76725635034862,38919600
2023-09-18,136.9952392578125,137.9368864099472,135.40929606761446,135.40929606761446,21861300
2023-09-19,136.8267364501953,137.1934947424291,135.4192188852002,136.21219057489975,20353700
2023-09-20,132.5645294189453,136.86638038785247,132.44557384571905,136.86638038785247,29927500
2023-09-21,129.29351806640625,131.06777845392287,128.92677497016894,130.28472870460357,31503900
2023-09-22,129.10520935058594,130.86956340083478,128.46092836722917,129.61072142408077,26397300
2023-09-25,129.9576416015625,130.0171118264149,127.82654454608127,128.6888930557924,20094600
2023-09-26,127.4399642944336,129.2142247554818,126.10182382754034,128.62941408463055,25718700
2023-09-27,129.3926544189453,129.74949092087255,127.43998300872549,127.43998300872549,22746500
2023-09-28,131.14706420898438,132.12836808907656,128.64920941172318,128.6987729636885,22513100
2023-09-29,129.70982360839844,132.87178793711044,129.21421829354512,132.10855151732764,30859800
2023-10-02,132.99075317382812,133.23855587746678,130.01712073016435,130.0567776325655,22288000
2023-10-03,131.26602172851562,133.0799390690274,130.68121106331455,132.76275951955418,22989400
2023-10-04,134.0513458251953,134.37844718411898,131.36515806688755,131.6228674142173,26752300
2023-10-05,133.88284301757812,134.29914971685594,132.2770713207343,133.88284301757812,19832600
2023-10-06,136.37074279785156,136.94564670446852,132.83211404281406,132.83211404281406,27597600
2023-10-09,137.20338439941406,137.718818202532,134.41808472961787,135.73639678634393,19278100
2023-10-10,136.84654235839844,138.49195569665042,136.1229628059091,137.2826774721206,27786600
2023-10-11,139.31466674804688,139.86974231945385,137.36198046134194,137.36198046134194,25884300
2023-10-12,137.74853515625,139.9787589554809,137.0447689914143,139.81025497227756,24765500
2023-10-13,136.1527099609375,138.7695057500951,135.4192085570894,138.15495992166953,23420500
2023-10-16,137.8773956298828,138.40273601931523,136.77715129783755,136.95556193967968,28501900
2023-10-17,138.491943359375,138.67035400381826,135.97426001796143,137.41152745778462,23515800
2023-10-18,136.74745178222656,139.4831882085486,136.172547689983,138.22434622855528,23375000
2023-10-19,136.5392608642578,138.43247675008314,136.17251778023484,137.2826688181467,26066000
2023-10-20,134.40818786621094,136.6582254478533,133.8927540255162,136.12297828131832,26335700
2023-10-23,135.3002471923828,136.45005512078916,132.77265713198602,133.85307305839916,26317900
2023-10-24,137.5899658203125,138.13513477372655,136.21218344241674,136.6185834917505,44814300
2023-10-25,124.5059814453125,127.18224741384032,123.97072673913938,127.03357185296261,84366200
2023-10-26,121.20523834228516,123.23722322101568,120.20411345783874,122.18653477861498,57061100
2023-10-27,121.09620666503906,122.22618623249376,119.15343464446192,121.79996533864069,44566500
2023-10-30,123.36608123779297,124.29782170383251,121.67111186993667,122.12706787862865,28940100
2023-10-31,122.98941802978516,124.26808066290327,121.61163584513152,123.96080022210504,26292300
2023-11-01,125.3386001586914,125.37824949738864,122.63259896306457,122.97952122374261,30082400
2023-11-02,126.36946105957031,127.8463630140724,125.81438543905156,127.29128739355363,27124600
2023-11-03,127.96533966064453,128.3915531091847,126.73623263808891,126.8948300199694,26393100
2023-11-06,129.10520935058594,129.19441469449498,127.53909443947174,127.91575939110132,19052700
2023-11-07,129.81886291503906,130.75060336661838,128.73844691253734,129.56115358521535,29757300
2023-11-08,130.6812286376953,131.04798691958564,129.63054760646278,129.81888007898115,26425800
2023-11-09,129.0952911376953,131.38498550790692,128.92678712827234,130.80017480614322,23747800
2023-11-10,131.4246063232422,131.6327671985536,128.27256395904828,128.9565016747776,26913300
2023-11-13,130.9290313720703,131.42463677369796,130.09641792725824,130.6217584430094,18324800
2023-11-14,132.44557189941406,134.50729201715737,132.1482207824069,133.01056927107837,32395200
2023-11-15,133.43678283691406,133.84318286371249,132.3960236763613,133.68458551793623,23861500
2023-11-16,135.72647094726562,136.01393051384863,133.1394255960663,134.00177404646607,28013200
2023-11-17,134.1207275390625,134.86413562027792,132.4753140227168,134.80466539372887,37240600
2023-11-20,135.05245971679688,135.45885973926121,132.44557070034907,132.5149627101394,27815500
2023-11-21,135.76612854003906,135.97427431377318,134.76501119450535,135.09209741037324,22635300
2023-11-22,137.27276611328125,138.19458474282766,136.26172703194487,136.26172703194487,17813900
2023-11-24,135.48858642578125,136.9159321844401,134.7947419943983,136.81680506938213,12514300
2023-11-27,135.21107482910156,137.20340318020305,134.8046747532318,134.83440986857084,23436500
2023-11-28,135.99412536621094,136.04368893356298,134.22977126615422,134.88397405597584,18730000
2023-11-29,133.80355834960938,137.0745420613024,133.6548676470105,136.36088416260156,23967200
2023-11-30,131.3651580810547,134.35861874891418,130.1261446568203,133.8630133792204,38988300
2023-12-01,130.7010498046875,130.94885249162763,129.52150659490437,130.7010498046875,31442300
2023-12-04,128.13381958007812,128.88713431514626,126.7758581121976,128.73845875055255,36669900
2023-12-05,129.83871459960938,130.97860102647664,127.12279142754068,127.8166359971415,27384800
2023-12-06,128.87722778320312,130.68122350903377,128.73845888121613,130.28474525326413,23576200
2023-12-07,135.72647094726562,137.34214919311776,133.51607536911783,133.85308336988615,56767100
2023-12-08,133.80355834960938,135.20115415610408,132.85198927687938,133.02049330674961,32260100
2023-12-11,132.1184539794922,132.16801753433697,130.20542478480553,131.21646382988015,31138000
2023-12-12,131.35525512695312,131.83103206038206,130.10631988027265,130.65148882726206,29032800
2023-12-13,131.40481567382812,132.32663440647838,130.41360492921032,132.20769395702044,30104800
2023-12-14,130.7803497314453,132.54470366937534,128.55012552763398,132.20769564183271,38722400
2023-12-15,131.43453979492188,132.33653000234125,130.0270073455555,130.46314245666346,50847100
2023-12-18,134.6063995361328,135.9445247418158,131.26600960302858,131.46426381839478,32258000
2023-12-19,135.448974609375,136.26177487427472,134.88399221459775,135.63730711586052,25476800
2023-12-20,137.12408447265625,140.45455302635412,136.85646847368653,137.74855205293554,49107200
2023-12-21,139.18582153320312,139.45345268951988,137.95671467148622,138.26400273042307,27488300
2023-12-22,140.2464141845703,140.74201955858857,139.4732710110759,139.53274123600997,26532200
2023-12-26,140.27613830566406,141.42593118854055,139.94903696948103,140.3455151877592,16780300
2023-12-27,139.13624572753906,140.83122273553664,138.6604688106895,140.34552403156647,19628600
2023-12-28,138.9974822998047,139.8994877320987,138.5217053642322,139.5426512492503,16045700
2023-12-29,138.46221923828125,139.12632856419143,137.56021390956434,138.40274901874815,18733000
2024-01-02,136.95556640625,138.2243147607485,135.2804180769598,137.33223127309824,23711200
2024-01-03,137.69900512695312,138.40277146312937,135.87518085036012,136.04368487458785,24212100
2024-01-04,135.19122314453125,137.93688094484938,135.15158137245075,137.20337960162615,27137700
2024-01-05,134.5369873046875,135.9544260831067,133.96208344085818,135.5480261772612,22513900
2024-01-08,137.61968994140625,137.78819394542484,135.06236452075504,135.09209963177744,21404000
2024-01-09,139.7111358642578,140.24639807653827,136.93574306358877,137.28267283542516,24759600
2024-01-10,141.02943420410156,141.74310700177662,139.67148060628745,139.7606859248287,21320200
2024-01-11,140.8312225341797,143.9436236258308,139.40387666099627,142.2288332953947,24008700
2024-01-12,141.3961944580078,141.94136334539857,140.57350292074238,141.41602290609686,18785500
2024-01-16,141.23764038085938,143.08129317884888,140.20677262032902,140.7519416163136,22670500
2024-01-17,140.2266082763672,140.59335147219906,137.679188984567,140.10766780737916,20968600
2024-01-18,142.21890258789062,142.94249726620274,140.7420083705122,140.80147859071877,25746400
2024-01-19,145.0934600830078,145.16283698294492,143.11103823243928,143.46787477052877,34271900
2024-01-22,144.70684814453125,147.0857476531187,144.55815747232313,145.80709257030463,32200400
2024-01-23,145.74758911132812,145.88635798000325,144.22113155590156,144.60770305611604,21636100
2024-01-24,147.39303588867188,148.5329373289827,146.79831851190932,147.23443853833155,25233500
2024-01-25,150.53514099121094,151.70477730195304,148.22561860084704,148.75097410565905,29149100
2024-01-26,150.85238647460938,151.19930120832583,149.68274976961334,149.77197024370292,26115500
2024-01-29,152.16075134277344,152.42838247060587,150.0990312415879,150.7234988316385,27784300
2024-01-30,150.12879943847656,152.26980334325071,149.8611682786259,151.45701832492836,36331800
2024-01-31,138.86862182617188,142.7343374146145,138.64063248081334,142.35767251765228,71910000
2024-02-01,139.91929626464844,141.8025904131777,139.55253804649774,140.8708500003378,40466500
2024-02-02,141.12860107421875,141.3664819906908,135.3002766258251,138.0360130379911,62499600
2024-02-05,142.41714477539062,144.19142038150497,141.52506120365902,141.56471810110367,38505400
2024-02-06,142.83348083496094,144.08240098500607,141.93147538647906,143.3786346695141,29128200
2024-02-07,144.2607879638672,144.3400866289689,142.66493824979582,143.4876448849679,25208900
2024-02-08,144.62757873535156,145.04388547733828,143.82470036690026,144.5482800524002,22563800
2024-02-09,147.69039916992188,148.12653431225093,144.89517764390865,145.3907830102507,26829500
2024-02-12,146.23330688476562,148.0273957523625,146.07470954986746,147.1154837637095,21564100
2024-02-13,143.86431884765625,145.3808699923918,142.42706637302987,143.6462512860247,27837700
2024-02-14,144.65728759765625,145.23219160120888,142.82354180831294,144.79605648646725,22704200
2024-02-15,141.51516723632812,142.25857532101722,139.22547275543386,141.88191038487835,37590700
2024-02-16,139.28494262695312,141.93147358673406,138.9082776917751,141.73323445625792,31468900
2024-02-20,139.87966918945312,140.831238252674,138.2640058017007,138.43250982988707,25144700
2024-02-21,141.29708862304688,141.43585751636738,139.44351432516038,140.20675080076072,23223300
2024-02-22,142.8235321044922,143.72553738281633,141.5448770819428,143.65614538078825,27191900
2024-02-23,142.69471740722656,143.40837528845117,142.16936175385501,142.40725779738116,19493800
2024-02-26,136.3608856201172,141.188077680813,136.18245980002686,140.8907113971141,53641800
2024-02-27,137.65936279296875,138.02610595453126,135.88508696473966,136.80692088729302,33099200
2024-02-28,135.1813201904297,136.796983347661,134.21984460085443,136.68794956560583,37328600
2024-02-29,137.24305725097656,137.6395355304316,135.20115025022022,136.07342061463353,42133000
2024-03-01,135.93463134765625,137.6494215802847,135.71656378920932,137.21328646339086,31151100
2024-03-04,132.17794799804688,134.46764221027212,130.75060222297805,134.46764221027212,55999400
2024-03-05,131.50392150878906,132.06891886657937,129.5215001124862,130.72087171210643,40194800
2024-03-06,130.2450714111328,132.40591846062833,129.69991766152992,131.94995491359472,35318600
2024-03-07,133.19888305664062,133.75395856347797,130.45322550531313,131.6228467340528,37738200
2024-03-08,134.21983337402344,136.87627056964266,132.82222277313073,133.03038365770627,39370400
2024-03-11,136.45997619628906,137.8774153719074,134.93351836260592,134.93351836260592,32437800
2024-03-12,137.28269958496094,138.1549699529064,135.8256184588143,135.8256184588143,27563400
2024-03-13,138.56134033203125,139.84991729704038,137.7683838532644,137.7782905156126,23347200
2024-03-14,141.84226989746094,142.3279535040784,139.22547402056372,139.9490536613269,42753400
2024-03-15,139.9391326904297,141.92155427918553,138.79924632676565,141.24753819885322,49475400
2024-03-18,146.38198852539062,150.81270155253688,145.87647651462308,147.3038223387608,69273700
2024-03-19,145.73768615722656,147.48221128274685,144.79603915836432,146.85775892016431,24070400
2024-03-20,147.4326934814453,147.55163393242162,145.45027196690233,146.6991920761811,21311500
2024-03-21,146.30270385742188,149.04834657827197,145.60884427485487,148.15626300736415,24755600
2024-03-22,149.44485473632812,150.24773305463123,147.6705789560528,147.8093478613808,29211800
2024-03-25,148.7510223388672,149.05829528824307,146.5207978840941,148.62216008602792,19229300
2024-03-26,149.34571838378906,150.92173980939236,148.66178056238658,148.89967658168865,22149100
2024-03-27,149.54396057128906,150.3071970814459,147.59127418957752,149.85123348293416,22879200
2024-03-28,149.60342407226562,150.09902942352818,148.85010938322958,149.52414052577765,24485400
2024-04-01,154.1233673095703,154.3711700008442,149.28625393600836,149.3655526121771,31730800
2024-04-02,153.20152282714844,153.34029171966787,150.81270141872292,152.15084190883346,24586000
2024-04-03,153.55836486816406,153.71696221529052,151.38761094398126,152.2499745660593,24705000
2024-04-04,149.2069549560547,153.40969403638587,149.1276562800474,152.1508521323684,34724700
2024-04-05,151.15963745117188,152.07154951460475,148.28513236262637,148.71134571985755,23459200
2024-04-08,153.48898315429688,153.9052898339039,151.26866573838439,151.4371697426533,20702000
2024-04-09,155.22360229492188,157.16636680492698,153.825991572372,154.71807515609422,31079500
2024-04-10,154.76763916015625,155.23350940234246,153.3204648733208,154.8370311694787,22838600
2024-04-11,158.00888061523438,158.27649657940643,155.08481245826903,155.53085418989542,27166400
2024-04-12,156.3436737060547,158.8117940185791,155.75886296974886,156.57166307757163,25353700
2024-04-15,153.49891662597656,157.840425096068,153.23128545495894,157.46376012387117,27136500
2024-04-16,153.04293823242188,154.28195170620987,152.0814625667883,152.83479243864417,20779500
2024-04-17,154.103515625,155.69936532118263,153.2213387820589,154.25219116747795,21763100
2024-04-18,154.63876342773438,155.56059716944145,153.26098127050776,153.97465412709587,19883000
2024-04-19,152.7356719970703,154.98572479887758,150.96141127979288,154.8271274373676,32615600
2024-04-22,154.9064178466797,156.2544650981797,152.70592872842704,152.95373142080075,26446200
2024-04-23,156.86898803710938,157.572754235579,154.90639523489975,155.58042632459905,21151600
2024-04-24,157.7313690185547,158.16750416167633,155.7885893241061,156.10578401898567,22779100
2024-04-25,154.6288604736328,155.11455913410575,149.5439450297003,149.99990858082532,57109700
2024-04-26,170.43869018554688,173.17444161155032,168.15890237210272,172.83741845240817,64665300
2024-04-29,164.6896514892578,168.05977693862212,163.75792613748897,167.57407825152322,45610000
2024-04-30,161.34925842285156,166.62250601471732,161.17084777672406,164.15438620390708,33562900
2024-05-01,162.41976928710938,165.65111039357393,161.65653289129983,162.8559043704291,33493200
2024-05-02,165.155517578125,165.26455135719664,162.4495166743879,163.34160023066508,24294500
2024-05-03,165.7700958251953,166.48376879475936,161.61692024874446,166.08727540907034,34662400
2024-05-06,166.62254333496094,166.66218511253274,164.57072969688807,165.98816902107558,21871300
2024-05-07,169.74484252929688,170.2503545716541,166.90997915272567,167.01901294123516,28039700
2024-05-08,167.8912811279297,168.65450251317668,167.2569068549834,167.51461620426056,19569100
2024-05-09,168.46620178222656,169.1897814637854,166.70183256435388,167.90120434102943,15346700
2024-05-10,167.16770935058594,168.35717450980368,164.72933904848065,166.55316344308713,29799900
2024-05-13,167.65338134765625,167.7921502441081,162.5585588283877,162.81626817189104,31327600
2024-05-14,168.84283447265625,169.7448398794561,167.3163765820282,168.27785221350925,25127100
2024-05-15,170.99374389648438,171.13251278258656,169.01132259521063,169.13027815806552,26948400
2024-05-16,172.64906311035156,173.5808035378088,171.17216892717605,171.7668862401435,27867900
2024-05-17,174.51254272460938,174.72070361370632,172.16337834950676,172.64906188294287,24479300
2024-05-20,175.364990234375,177.1987360270171,174.53237690001112,174.64141067889267,22554400
2024-05-21,176.28683471679688,176.584185836624,174.2647563539197,175.34517242175946,16989400
2024-05-22,174.8297576904297,175.5929790815051,173.67004292281268,175.08746704167487,17880000
2024-05-23,172.02462768554688,176.68331515847908,171.42989518914035,175.5136937401354,21024900
2024-05-24,173.45196533203125,174.22510846580246,172.12373150315187,173.44204354526818,16579400
2024-05-28,174.84957885742188,175.71194253715282,172.83742214584382,172.91672082470853,20572200
2024-05-29,174.35394287109375,175.2856832784532,173.18432159354813,173.88807266741404,23388700
2024-05-30,170.5972900390625,173.67995620758435,170.28009532573515,173.6601277568323,22931500
2024-05-31,170.98387145996094,171.53894711547682,167.95076868183696,170.34949712156035,37638900
2024-06-03,171.64796447753906,172.9960117081414,169.65563630662328,171.0234968625416,27459100
2024-06-04,172.26251220703125,172.3219975576634,170.37921780326457,171.7570001617278,26879600
2024-06-05,173.86827087402344,175.09736245061762,172.4012681621193,173.66010997413338,22068500
2024-06-06,175.17666625976562,175.59297294708358,174.2052839893571,174.35395954744376,23251000
2024-06-07,172.9266357421875,176.30665293703487,172.76803839075907,175.493867979147,19661400
2024-06-10,173.67088317871094,175.70520037025813,171.43809934111798,173.63119590631558,23726700
2024-06-11,175.26856994628906,175.48688780612986,172.44038608531787,174.87163664223397,21540600
2024-06-12,176.42962646484375,179.0295897328755,174.762488316215,176.8861134200364,27864700
2024-06-13,173.81973266601562,175.38764480431132,173.5418763520932,174.76246052696914,20913300
2024-06-14,175.437255859375,175.7051941501706,172.81745685502335,172.886928506799,18063600
2024-06-17,175.88381958007812,176.99524483970762,173.47240531751984,174.1174408030097,19618500
2024-06-18,173.75025939941406,176.03266350713454,172.7678442779151,175.78457643329608,21869900
2024-06-20,174.9510040283203,175.9334191303285,173.65103020992316,174.02811225809378,20160100
2024-06-21,178.2555389404297,179.466205138687,175.2586426839211,175.645657934706,57759000
2024-06-24,177.84866333007812,179.5058831721026,177.30286873730756,178.78147315371626,18298000
2024-06-25,182.6218719482422,182.87987707702328,178.04714529101605,178.24561193946573,23130200
2024-06-26,182.4730224609375,183.09819163519248,181.08372566274275,181.2325870029249,19839000
2024-06-27,183.99130249023438,184.6264047984624,182.61193895476885,182.77070317530075,18848900
2024-06-28,180.75624084472656,183.71344974735644,180.56770738280355,182.90965002904287,29156600
2024-07-01,181.58981323242188,182.4730025766031,179.91274225321607,181.62950050025836,16006100
2024-07-02,183.82261657714844,184.15009335463083,180.17076672022137,180.65702287018632,17372500
2024-07-03,184.3981475830078,184.66607069153503,182.59206661247012,183.43556862917737,10242100
2024-07-05,189.14158630371094,189.3995914027585,184.37831157968466,184.43785005315465,20967500
2024-07-08,187.58360290527344,188.71487939155085,186.34316749742393,188.4469411036859,21035900
2024-07-09,187.53396606445312,189.89575971995774,187.27596097330996,188.85379104005673,15121400
2024-07-10,189.71714782714844,190.28279364749721,187.5836049591009,187.7026819141074,15952500
2024-07-11,184.15008544921875,189.39960141202818,183.66382932012837,188.39733505757295,25625800
2024-07-12,183.65391540527344,185.67829936578423,183.07835154835516,183.66383343758727,22898400
2024-07-15,185.1027374267578,186.79965977611926,183.50505596969933,183.50505596969933,16474000
2024-07-16,182.5126953125,187.23626771226316,181.9669007256916,185.92637584595624,18290700
2024-07-17,179.63491821289062,182.1455585458433,178.52347766743955,181.56999463563582,20734100
2024-07-18,176.33038330078125,181.10357651103143,175.11971708479683,180.53793067512186,25315700
2024-07-19,176.30059814453125,178.91046381081307,175.77465477022162,177.51126425121495,18881900
2024-07-22,180.27992248535156,181.30204007198228,178.85093844213043,179.2081844529357,24100300
2024-07-23,180.3990020751953,182.205083362309,180.15091498468195,180.65702234023118,36352700
2024-07-24,171.30909729003906,174.84185492699467,170.5052975643539,172.2716763828317,49585200
2024-07-25,166.00001525878906,172.09303295252627,165.91070754972583,171.1999255778285,44852000
2024-07-26,165.72216796875,166.80382399385917,162.8046615111257,165.8710141586151,41336900
2024-07-29,168.23280334472656,169.12591074335177,166.70459365013758,167.53816257445885,20293800
2024-07-30,168.98699951171875,169.91980941464726,167.15116408802947,168.93739420618675,18959700
2024-07-31,170.22743225097656,172.91670298864665,168.7091404604878,171.91443658888358,25729100
2024-08-01,169.4534149169922,172.71824977865398,167.58781013807817,168.9473226614739,24531400
2024-08-02,165.384765625,167.22060083165107,163.40998712477472,165.16644779514462,29130100
2024-08-05,158.03147888183594,163.17183620146415,153.7445266292353,154.3101724717456,53630700
2024-08-06,157.0788116455078,159.34137978517677,155.2132070680051,158.11086239581772,49004600
2024-08-07,157.7238311767578,161.73291139086032,157.25742629410797,160.0161531809976,25138600
2024-08-08,160.79017639160156,162.43747802495426,158.98411055542044,159.28180289949356,25578800
2024-08-09,162.41763305664062,162.5367099988413,157.84290710869936,158.7856348991968,28602300
2024-08-12,161.04820251464844,163.638232240746,160.60164879815585,163.09245277727376,15895300
2024-08-13,162.90390014648438,163.46953080218395,161.72300324977175,162.15963892338314,18551700
2024-08-14,159.14288330078125,161.9710818575429,156.5032484754406,161.15734902797854,40591100
2024-08-15,160.0657958984375,160.40319071181239,158.388724722145,159.27191417011724,31524300
2024-08-16,161.7130889892578,163.79701137732062,159.8970897454957,160.23448454041534,24208600
2024-08-19,165.3946990966797,165.4145503036196,163.0031359185699,164.01533548402497,22416200
2024-08-20,165.90077209472656,167.34960719285812,165.5435412633864,165.62291579788476,18341500
2024-08-21,164.5809783935547,165.5733267344455,163.40999947744584,163.88632244130392,22902000
2024-08-22,162.54666137695312,166.3076549289941,162.06040523845343,165.9801781592332,22493300
2024-08-23,164.35272216796875,164.9084347985432,162.57642535652303,163.4596147462646,13955700
2024-08-26,164.88861083984375,166.26797448558267,163.20162161831215,165.1069286953162,14190400
2024-08-27,163.4198760986328,165.16641842692331,163.2015734496267,164.57100351645516,11821900
2024-08-28,161.6039276123047,164.33288545251102,160.2940205808296,163.77715768210635,16407400
2024-08-29,160.5421142578125,164.70005625165825,159.02382249929119,163.05275436266322,19699800
2024-08-30,162.12986755371094,162.4077238619854,160.45279653031872,161.37567316665184,22123800
2024-09-03,156.1559295654297,160.61157889702227,155.28265821334085,160.48256877218185,38945300
2024-09-04,155.25291442871094,157.78340604462628,154.76667337142607,155.46131426900152,19353800
2024-09-05,156.03688049316406,158.22996215508203,154.78651171708566,155.10407049895832,18688700
2024-09-06,149.7652130126953,156.62234382988387,149.39804896411633,156.09640040925774,37912100
2024-09-09,147.7679443359375,152.4282209390493,146.2873778721235,151.54385960268255,39260500
2024-09-10,147.71826171875,150.31172831197244,147.40028159964342,149.4969156283568,31118800
2024-09-11,150.20240783691406,150.54025030429756,146.5854677760219,148.97025775559644,29607700
2024-09-12,153.71005249023438,153.839233801539,151.68296725155358,152.8256911821986,29621500
2024-09-13,156.46253967285156,157.37670989938488,154.22679282124855,154.44538523091353,29591200
2024-09-16,157.0587158203125,157.2475146303272,155.60797314926953,156.31346693580858,18379800
2024-09-17,158.31072998046875,159.53293380012653,157.3766823666018,158.0126274199818,20715600
2024-09-18,158.797607421875,159.4832387245749,157.59528121573842,158.84729370623916,23677300
2024-09-19,161.11288452148438,162.752426134326,160.31794928169234,162.67294625626252,26587700
2024-09-20,162.55368041992188,162.69279293629415,161.03337393309369,162.46425419413836,40896400
2024-09-23,160.82470703125,164.4416474906759,160.64583942390462,163.3088698512438,24150900
2024-09-24,161.26190185546875,162.18601827960998,159.67204679818846,161.9972194853163,23332100
2024-09-25,160.46697998046875,161.77861000791742,160.27818118844277,160.44710243338025,18869200
2024-09-26,161.69912719726562,163.0405812277503,161.2519809078131,162.6033661315293,20319300
2024-09-27,162.911376953125,164.6502907376612,161.5997470113798,161.77859943711212,21101300
2024-09-30,164.7993621826172,165.09744958161895,162.22575806160205,162.2853907035285,20413900
2024-10-01,165.93214416503906,168.08839566011457,163.53740758234116,166.62770671794624,28338100
2024-10-02,164.809326171875,166.45881419785064,163.6864795384376,165.3657763102453,17760200
2024-10-03,164.809326171875,165.58438388776636,162.88161307671416,163.36851452885276,15073100
2024-10-04,166.00167846679688,167.16426473931182,164.43168589066445,166.99534350266865,19047400
2024-10-07,161.94754028320312,167.4126985535878,161.71900154638254,166.65751850550026,22463100
2024-10-08,163.33868408203125,163.68645779124333,161.8382399845631,162.901468985077,23072700
2024-10-09,160.8346710205078,163.7957894603567,158.72810537147663,162.4145952572812,31181800
2024-10-10,161.05322265625,162.03695645018013,159.38385759644052,159.85088135255765,14144100
2024-10-11,162.20591735839844,162.86172488598982,160.2185869014022,161.1029483482804,15344300
2024-10-14,163.9149932861328,165.1769369826469,162.36486307226147,162.6033481425783,19016100
2024-10-15,164.41184997558594,166.61777276120088,163.5871060435806,164.73974614754195,20247200
2024-10-16,164.1137237548828,164.74966878217245,162.70272119940034,163.48770991975573,16406000
2024-10-17,161.89784240722656,165.31605267037628,161.72892116495908,164.6801076327293,21453400
2024-10-18,162.38475036621094,163.66658684818702,162.0469078679096,162.1562116364337,19757700
2024-10-21,163.03065490722656,163.45792366085925,161.58982825285435,161.9177395848208,20946500
2024-10-22,164.0938720703125,164.719886004102,161.94755157914383,161.94755157914383,16568100
2024-10-23,161.74880981445312,164.76956032222017,160.90418838301372,163.71626254064074,18280500
2024-10-24,161.68919372558594,162.29533007096418,159.9900196550578,161.79849749810091,22412500
2024-10-25,164.22305297851562,164.5410179603954,162.38476628102538,162.63318258273335,19828900
2024-10-28,165.66384887695312,167.68098784367282,162.91139226813863,167.68098784367282,32138600
2024-10-29,168.60508728027344,169.30066498158368,166.03149830422933,166.66744336321563,42169000
2024-10-30,173.35482788085938,180.86693395167478,172.95735272555387,179.53541113405987,68890800
2024-10-31,170.02603149414062,175.69986574053596,169.91672772946706,172.03323918990733,44769000
2024-11-01,170.2048797607422,171.22836871150324,167.81015851321018,168.99262234877236,31796500
2024-11-04,168.16787719726562,169.6484284063568,166.94565827865142,168.85349334018605,21492700
2024-11-05,168.66473388671875,169.4497227111904,167.77042612333224,168.35668494331603,18242100
2024-11-06,175.39183044433594,175.81911434381482,172.4009037964916,172.69900637438644,33695500
2024-11-07,179.60496520996094,179.93287650946746,176.06751991171046,176.2861274447148,25352900
2024-11-08,177.22018432617188,179.7540183112244,176.95189049215537,179.50560202546419,22006200
2024-11-11,179.20750427246094,179.40623425717754,177.3394090594478,177.44871282536081,17450400
2024-11-12,180.46945190429688,181.33395085774214,178.25358296080182,178.68086684117154,25134900
2024-11-13,177.74681091308594,179.81363605883408,177.40895326922643,179.31680352847516,23184000
2024-11-14,174.46774291992188,177.68722372380293,173.2157301883655,177.15063600875868,31007500
2024-11-15,171.39730834960938,173.03684979342893,170.135349355116,172.62944344024277,32504600
2024-11-18,174.18951416015625,174.32862668292316,171.80470856141605,172.32141871546224,20135300
2024-11-19,176.99160766601562,177.7368564274597,172.46049762237553,172.6194876637269,23434900
2024-11-20,174.8651885986328,176.55441631876369,172.67912830422068,176.2165738071629,18997100
2024-11-21,166.56809997558594,173.02692368437366,162.662987910428,172.79836977486937,59734400
2024-11-22,163.7162628173828,165.40550568311707,162.8617101914929,164.79936934193785,38604600
2024-11-25,166.5879364013672,167.56173904858872,164.56086640923021,165.0378213787698,33135300
2024-11-26,168.04864501953125,168.74422275300518,166.5184073625678,166.5680936524055,20486700
2024-11-27,168.15792846679688,168.40634472383195,166.9556022735371,167.92938975571963,19266500
2024-11-29,167.8797149658203,168.35666996658753,166.10106111500806,167.43256870496816,14257200
2024-12-02,170.40362548828125,170.98988423095403,167.50212535142776,167.70085532970873,23789100
2024-12-03,170.2545928955078,171.58610063371935,169.76770664793386,170.40365177380562,22248700
2024-12-04,173.265380859375,173.80196851105399,169.976351762093,170.06577798333072,31615100
2024-12-05,171.5463409423828,174.9446737388749,171.2383071896845,174.24911120663256,21356200
2024-12-06,173.60325622558594,173.97090750291954,170.77130430056872,170.94022556750923,21462400
2024-12-09,174.458740234375,175.3441150228254,172.74767645767284,173.05607839120185,25389600
2024-12-10,184.2078399658203,185.39165905883286,180.10925267461994,181.89990276575224,54813000
2024-12-11,194.3846893310547,194.59360484337623,183.88951960925283,184.34712093414166,67894100
2024-12-12,190.96258544921875,194.16584041322724,190.71388444540256,193.9867829766418,34817500
2024-12-13,188.83367919921875,191.7285469445743,188.65460660803555,190.01748306194702,25143500
2024-12-16,195.63815307617188,197.96599073113543,191.61913652261555,191.86783751599637,44934900
2024-12-17,194.4045867919922,200.37341051362353,193.9668706236853,196.2250798486302,43504000
2024-12-18,187.42105102539062,195.97637074387896,186.76449197962535,194.20562099415744,34166100
2024-12-19,187.53048706054688,192.02700516266594,187.40117286917095,190.63428570513082,32265200
2024-12-20,190.41542053222656,191.88772607244653,184.25758188521124,184.8146696474835,63462900
2024-12-23,193.6186981201172,194.08625719212253,189.16196548395996,191.6191324608379,25675000
2024-12-24,195.0909881591797,195.0909881591797,192.7730933133359,193.82758299009262,10403300
2024-12-26,194.58363342285156,195.72765174498602,193.3699715470994,194.13595955988433,12046600
2024-12-27,191.75840759277344,194.30511850410315,189.6593706110804,193.93703071352402,18891400
2024-12-30,190.24632263183594,191.54951344453465,188.13732782747584,188.81380244155494,14264700
2024-12-31,188.31637573242188,190.96255767118524,187.53047217416017,190.0871254076539,17466900
