Price,Close,High,Low,Open,Volume
Ticker,MSFT,MSFT,MSFT,MSFT,MSFT
Date,,,,,
2019-01-02,94.19314575195312,94.77998734118098,92.16247841703095,92.73069316029616,35329300
2019-01-03,90.72796630859375,93.32684829113309,90.54166232197043,93.24300972046,42579100
2019-01-04,94.94766235351562,95.48793330274081,92.15316626592872,92.88905108847246,44060600
2019-01-07,95.06876373291016,96.19587641006584,94.0627504461511,94.67753594879431,35656100
2019-01-08,95.758056640625,96.84790827102704,94.7427194953017,95.98161430940154,31514400
2019-01-09,97.12737274169922,97.69558755479733,96.1679301543678,96.74546194497762,32280800
2019-01-10,96.50325775146484,96.64298396891861,95.36682827277113,96.14929082644984,30067600
2019-01-11,95.758056640625,96.35421516187587,94.67751487912646,96.12134051742568,28314200
2019-01-14,95.05943298339844,95.82326153514298,94.32354825198587,94.91970677496842,28437100
2019-01-15,97.81666564941406,97.85392644457843,94.90107061203932,95.48791925241571,31587600
2019-01-16,98.16130065917969,98.98102381475704,97.77007302952809,98.0495253974329,29853900
2019-01-17,98.8506088256836,99.32566787387147,97.58377048364554,97.80732810083798,28393000
2019-01-18,100.33170318603516,100.50869017626661,98.65501014000569,100.09882855963359,37427600
2019-01-22,98.4407958984375,99.76352252146586,97.67696714785205,99.43749935477183,32371300
2019-01-23,99.40022277832031,99.707619046763,98.12406703485185,98.85064197119935,25874300
2019-01-24,98.9251480102539,99.67034972944384,98.12405864949432,99.53994049460114,23164800
2019-01-25,99.82868957519531,100.49005263774534,98.92513491994113,99.89389418398842,31225600
2019-01-28,97.8818588256836,99.18595807695827,97.49063118233194,98.98102728088764,29476700
2019-01-29,95.8884506225586,97.77939129766942,95.17119285193579,97.69555274348083,31490500
2019-01-30,99.09281158447266,99.09281158447266,97.18324385198478,97.45337927991883,49471900
2019-01-31,97.2763900756836,98.01227475436224,96.11201693349011,96.68954857045516,55636400
2019-02-01,95.73942565917969,96.96900353574821,95.3388809740294,96.67092426587615,35535700
2019-02-04,98.49664306640625,98.55253780541531,95.73009156222261,95.82324709164801,31315100
2019-02-05,99.87527465820312,99.92184532117027,98.70158450717521,98.79473293987935,27325400
2019-02-06,98.76678466796875,99.6703393486801,98.30103541867585,99.6703393486801,20609800
2019-02-07,98.05884552001953,98.35692476046651,97.14598095536239,97.98433103998504,29760700
2019-02-08,98.43144989013672,98.53391529898809,97.11804063259544,97.23913288543345,21461100
2019-02-11,98.04022979736328,99.27912466812353,97.77941132073386,98.92515064403747,18914100
2019-02-12,99.56787872314453,99.80075335896568,98.25446947263366,98.86925481568112,25056600
2019-02-13,99.49336242675781,100.39691719889298,99.40021398882816,100.13609872998185,18394900
2019-02-14,99.57720184326172,99.94048572901892,98.42214556820731,99.02761397328908,21784700
2019-02-15,100.8067855834961,100.88130718152279,100.00569617163606,100.51802327460611,26606900
2019-02-19,100.76020812988281,101.21664758917618,100.39692422180575,100.40624119828153,18038500
2019-02-20,100.2363510131836,100.97537861880066,99.43184031021426,100.90053875407739,21607700
2019-02-21,102.35051727294922,102.41600036164678,99.97440541044664,100.00246857172826,29063200
2019-02-22,103.80986022949219,104.02501589378497,102.73406049666386,102.94922329807812,27763200
2019-02-25,104.38983154296875,104.94176645448258,104.08112968570592,104.54886799096977,23750600
2019-02-26,105.11017608642578,105.93339311882059,103.99695638653229,104.08115301165182,21536700
2019-02-27,104.93241882324219,105.11016167859154,103.72565303417082,104.4833940078933,21487100
2019-02-28,104.80146789550781,105.59662177185771,104.52082912938997,104.8108246621816,29083900
2019-03-01,105.26918029785156,105.72756183189817,104.46466985361954,105.60595244367519,23501200
2019-03-04,105.01660919189453,105.94272906345955,103.65081415931894,105.72756629677257,26608000
2019-03-05,104.49274444580078,105.13822565212749,104.05307639235822,105.00725948520915,19538300
2019-03-06,104.53953552246094,105.39082286170616,104.24018322300454,104.65179531117776,17687000
2019-03-07,103.26726531982422,104.35242164385124,102.78082060923578,104.21209872096908,25339000
2019-03-08,103.37953186035156,103.56662434504166,101.7798675637525,102.11663974589133,22818400
2019-03-11,105.54984283447266,105.66209547609726,103.81921228392213,103.82856191264341,26491600
2019-03-12,106.28887939453125,106.63500125192128,105.38146573260926,105.54049507990315,26132700
2019-03-13,107.1120834350586,107.57982179067021,106.43853906103854,106.76595448254248,35513800
2019-03-14,107.19628143310547,107.76692284327532,106.95306260758369,107.14951187609965,30763400
2019-03-15,108.43111419677734,109.6846496238026,107.19627802741456,107.89788559430455,54681100
2019-03-18,109.9839859008789,110.02140582212414,108.56206457916133,108.6743172057768,31207600
2019-03-19,110.0588150024414,110.79784231639056,109.44139706783092,110.4704198217289,37588700
2019-03-20,109.93721771240234,111.08785718398858,109.17948387569967,109.81560831179597,28113300
2019-03-21,112.4630126953125,113.02429730126065,109.53496598679597,109.58174267775873,29854400
2019-03-22,109.49755096435547,111.87365550981598,109.48819419892963,111.78946603234603,33624500
2019-03-25,110.06819915771484,110.39561459673766,108.81465658630007,109.0391690106127,27067100
2019-03-26,110.30207824707031,111.0504554409824,109.31046793788197,110.96626595073009,26097700
2019-03-27,109.23561096191406,110.58269969185966,108.06626508859208,110.27399066839367,22733400
2019-03-28,109.38528442382812,109.99334567071618,108.6369002527166,109.86237951133973,18334800
2019-03-29,110.33013153076172,110.68561013075379,109.41336116419514,110.45174094038818,25399800
2019-04-01,111.34044647216797,111.424643096134,110.47980952230199,111.27496338113733,22789100
2019-04-02,111.49946594238281,111.77075503158302,110.87269115286203,111.37784940822239,18142300
2019-04-03,112.2291488647461,112.65946732105715,111.46205820138789,112.12624584941939,22860700
2019-04-04,111.65849304199219,112.47236029340806,110.74172278854256,112.35074376166614,20112800
2019-04-05,112.1543197631836,112.47238560572077,111.66787493810098,111.68658133489869,15826200
2019-04-08,112.19171142578125,112.27590089584136,110.98494572841143,112.0794516619142,15116200
2019-04-09,111.58367919921875,111.82690518225999,110.92884824924857,110.97561781017669,17612000
2019-04-10,112.4349594116211,112.58463198903105,111.82689806129942,112.03270410021952,16477200
2019-04-11,112.56590270996094,113.05234740905686,112.18235387228594,112.76235194250661,14209100
2019-04-12,113.1458969116211,113.17396720604151,112.60332588387266,112.85590143669346,19745100
2019-04-15,113.23944854736328,113.7352500177085,112.7904166260935,113.13654554742897,15792600
2019-04-16,112.9775390625,113.80076328032436,112.35077126910892,113.79140651317941,14071800
2019-04-17,113.9129867553711,113.98782659911397,112.76235449058571,113.4171852805351,19300900
2019-04-18,115.4097671508789,115.55008295117011,113.47333059852848,114.30590432015464,27991000
2019-04-22,115.77459716796875,115.99910957520437,114.6613776228442,114.70815431219863,15648700
2019-04-23,117.34619903564453,117.47716520212103,115.84008098404394,116.09265655164269,24025500
2019-04-24,116.94396209716797,117.7297592191694,116.48557330554524,117.67363289248983,31257000
2019-04-25,120.81682586669922,122.89358555373819,120.51748070622843,121.66811320064403,38033900
2019-04-26,121.50907897949219,122.09843392154195,120.69521874465617,121.33133610654112,23654900
2019-04-29,121.3968276977539,121.7803623353228,121.00392915671837,121.51842997463245,16324200
2019-04-30,122.17327117919922,122.26681029112339,121.0413380132484,121.43423654151226,24166500
2019-05-01,119.62875366210938,122.22002089056878,119.4603675764864,122.10776825823385,26821700
2019-05-02,118.06652069091797,119.74102494306064,117.42103944445549,119.72231854824663,27350200
2019-05-03,120.58296203613281,121.07876363201555,119.03943092053474,119.14233394652422,24911100
2019-05-06,119.88135528564453,120.26490422849858,117.97298874984303,118.23492113173256,24239800
2019-05-07,117.42102813720703,118.97392283071704,116.20491275200963,118.30037848833297,36017700
2019-05-08,117.41166687011719,118.21617729519946,116.70070267506591,117.34618379538351,28419000
2019-05-09,117.40233612060547,117.67362524379291,115.59686564617424,116.27041007103666,27235800
2019-05-10,118.92716217041016,119.67554645994625,115.8307362682696,116.8504096843345,30915100
2019-05-13,115.39106750488281,117.44912084796728,115.1010719665566,116.10203190610268,33944900
2019-05-14,116.6820068359375,117.75779928426198,115.71845988183323,115.87749633810007,25266300
2019-05-15,118.32514190673828,118.97301239531349,116.14680275084076,116.67261369436032,24722700
2019-05-16,121.05746459960938,121.47999884235203,118.7382900186178,119.01058333715997,30112200
2019-05-17,120.24999237060547,122.49405727210429,120.10914284499026,120.47532868826144,25770500
2019-05-20,118.51295471191406,119.79929734944015,118.08104336554746,118.79463228726247,23706900
2019-05-21,119.15142822265625,119.74295754983119,118.85096785850611,119.64906502919804,15293300
2019-05-22,119.8744125366211,120.40961496563558,118.7946306042322,118.88853029155848,15396500
2019-05-23,118.47537994384766,118.57866385630554,117.12330484515489,118.4941555808675,23603800
2019-05-24,118.53175354003906,119.63970274565615,118.27824295627684,119.16084862482286,14123400
2019-05-28,118.45662689208984,120.18427236889306,118.35334295993955,119.22655710041143,23128400
2019-05-29,117.31111145019531,117.73363138869334,116.46606440965887,117.7242399872595,22763100
2019-05-30,118.05286407470703,118.08103111296509,117.16086726980984,117.61156137255807,16829600
2019-05-31,116.1280288696289,117.01063422525469,115.79001010209305,116.64444842101408,26646800
2019-06-03,112.52252197265625,116.77592451967459,111.7432075229949,116.28767189983233,37983600
2019-06-04,115.63977813720703,115.7524462787831,113.28303827420794,113.8745675080993,29382600
2019-06-05,118.14676666259766,118.184325104657,116.62568199512563,117.3204952643727,24926100
2019-06-06,120.01525115966797,120.15609352272283,117.9308042443685,118.71951717935161,21459000
2019-06-07,123.37667846679688,124.17478299190726,120.42840819984552,121.3016296248438,33885600
2019-06-10,124.50335693359375,125.89298308626634,123.93998762266007,124.31555761189804,26477100
2019-06-11,124.03392028808594,126.04325035203922,123.2639829800733,125.70523154094987,23913700
2019-06-12,123.46115112304688,123.91183803901326,122.72877951194697,123.3766356855517,17092500
2019-06-13,124.24048614501953,124.87895815180465,123.52688292910639,123.92123581454668,17200800
2019-06-14,124.36255645751953,125.62073217713781,123.60201761696047,124.18415562784126,17821700
2019-06-17,124.73808288574219,125.56433966870762,124.43761545406333,124.5315151082319,14517800
2019-06-18,126.9070816040039,126.98219849233655,125.41417105698147,125.99630903270761,25934500
2019-06-19,127.4047622680664,127.63009868347703,125.63955060288893,126.75689141958802,23744400
2019-06-20,128.58778381347656,129.2544372772468,127.43289204108706,129.05725364435972,33042600
2019-06-21,128.60658264160156,129.32017171570158,128.12772851218912,128.2403967009723,36727900
2019-06-24,129.36709594726562,129.94923391012415,128.63472421106255,128.63472421106255,20628800
2019-06-25,125.2826919555664,129.18868375607914,124.62543716391279,128.86944776114453,33327400
2019-06-26,125.752197265625,127.45169029416448,125.44235974751949,126.14656457919999,23657700
2019-06-27,125.95874786376953,126.48456610062782,125.35782706301347,125.94936362505281,16557500
2019-06-28,125.78036499023438,126.38128580830697,125.02921038587301,126.35311876426313,30043000
2019-07-01,127.39531707763672,128.35303947390202,126.7286779898957,128.2873211524864,22613500
2019-07-02,128.24037170410156,128.24975594230963,127.07608144764667,127.80845318614985,15237800
2019-07-03,129.06658935546875,129.32949118656472,127.96801787836912,128.44688604199595,13629300
2019-07-05,128.69105529785156,128.9445729935824,127.43287971131925,127.63944756308794,18141100
2019-07-08,128.5972137451172,128.72866475674292,127.10428843019217,128.0713953715285,16779700
2019-07-09,128.12767028808594,128.60652419989634,127.50796687721775,127.69575188221728,19953100
2019-07-10,129.4328155517578,130.11823737383,128.65349404903804,128.7567779669185,24204400
2019-07-11,129.94923400878906,130.71917135245343,129.45159717040355,129.7614489555064,22327900
2019-07-12,130.41871643066406,130.63468287357279,129.58306068464202,130.37178090811074,18936800
2019-07-15,130.41871643066406,131.01963725558912,130.0055950042827,130.92575188339984,16651500
2019-07-16,128.70986938476562,130.5595819352296,128.18406538958314,130.47508079180764,22726100
2019-07-17,127.94928741455078,129.50791606841497,127.90233757496486,129.29196399881513,20211000
2019-07-18,128.09011840820312,128.27790343331282,126.44697436610488,127.27324566908243,30381800
2019-07-19,128.27792358398438,132.08063182989423,128.1183055712134,131.65811187525563,48992400
2019-07-22,129.97740173339844,130.69100499753577,128.94457677137632,129.01969365850033,25074900
2019-07-23,130.78485107421875,131.4421200573441,129.60179269333162,131.22615369908203,18034600
2019-07-24,132.12754821777344,132.14633101660243,130.37173619482098,130.41867170127696,20738300
2019-07-25,131.6299285888672,132.02428145300124,130.81305582223808,131.85526489575548,18356900
2019-07-26,132.709716796875,133.02895281557116,131.73322593760406,131.79894425812105,19037600
2019-07-29,132.41864013671875,132.8693270973818,130.85999708587045,132.85994285987556,16605900
2019-07-30,131.7801971435547,132.59707012589243,131.26377742543409,131.58301349587833,16846500
2019-07-31,127.94928741455078,131.9116131806667,126.83194713697162,131.76137942482356,38598800
2019-08-01,129.62997436523438,132.33412448643287,128.56896823324885,128.6347008698151,40557500
2019-08-02,128.54083251953125,129.87413943207872,127.00097206463354,129.6581729968018,30791600
2019-08-05,124.13720703125,125.75216991304656,122.79451599414664,125.16064772551509,42749600
2019-08-06,126.46575164794922,127.39529249615603,125.07612533028392,125.63009614466068,32696700
2019-08-07,127.01973724365234,127.36714028172646,123.78039876190046,125.62071219973534,33414500
2019-08-08,130.40927124023438,130.50317089561892,127.63000476951689,128.25910667185676,27496500
2019-08-09,129.30136108398438,130.8693882840778,128.12768674315882,130.14640087854704,23466700
2019-08-12,127.49858856201172,129.4422002064632,126.98218329802374,128.70044430444207,20484300
2019-08-13,130.13702392578125,130.32480896540844,126.75683590417128,127.7427252710642,25154600
2019-08-14,126.21800994873047,128.98768653652,125.92597176256544,128.46013182928155,32527300
2019-08-15,125.93541717529297,126.78328547751407,124.58826925452,126.60429057899658,28074400
2019-08-16,128.24346923828125,128.5543527918804,126.91515252057269,127.06588655409749,24449100
2019-08-19,130.39137268066406,130.52326136000605,128.95942818010255,129.86381796329613,24355700
2019-08-20,129.3079833984375,130.67399069770917,129.28915242691284,130.2029576634189,21170800
2019-08-21,130.7493438720703,131.40880162262357,130.00511799973197,130.52325721454346,14970300
2019-08-22,129.79786682128906,131.13559896566568,128.3941831496518,130.62688959377687,18697000
2019-08-23,125.6622085571289,130.3348631862218,125.10639295476594,129.24206295545477,38508600
2019-08-26,127.60286712646484,127.70649498606446,126.14266160475749,127.16952471344085,20312600
2019-08-27,127.8760757446289,128.7992966287662,126.8586424872003,128.48841304665274,23102100
2019-08-28,127.70649719238281,127.89490756542179,125.81294922493764,127.06589904909232,17393300
2019-08-29,130.1182098388672,130.41967799434562,128.97831751609732,129.29861665019854,20168700
2019-08-30,129.87322998046875,131.11674972750893,128.3753483676388,131.08848889517535,23940100
2019-09-03,128.15866088867188,129.2514609717269,127.8383618771932,128.6956454444926,18869300
2019-09-04,129.6565704345703,129.71309210430604,128.5731857237431,129.34568687623496,17995900
2019-09-05,131.93634033203125,132.24722382323785,130.7210671959704,131.0507960312826,26101800
2019-09-06,131.04144287109375,132.0588619401179,130.19357448051684,131.9175577290847,20824500
2019-09-09,129.5529327392578,131.6537360953013,128.55434498368882,131.50300207093187,25773900
2019-09-10,128.1963653564453,128.95943664952355,126.71731457867034,128.87465414469017,28903400
2019-09-11,128.23406982421875,128.37538840474798,127.26374261204462,128.03624393618668,24726100
2019-09-12,129.5529327392578,130.40078647045735,128.94058115580236,129.86381627397438,27010000
2019-09-13,129.36451721191406,130.06163689080714,128.65796767263345,129.79785954612535,23363100
2019-09-16,128.43186950683594,128.78042935404903,127.80068696265583,127.9608364701534,16731400
2019-09-17,129.43043518066406,129.55290834925555,128.52604557949815,129.0253537380692,17814200
2019-09-18,130.49497985839844,130.63628400146004,128.62026343666227,129.40217990276975,23982100
2019-09-19,132.89727783203125,134.12195231938244,131.95521168804507,132.17188287622108,35772100
2019-09-20,131.36170959472656,133.4436677892611,130.24064854776688,132.84074601292843,39167300
2019-09-23,131.07908630371094,131.5407039018818,130.4196428597447,131.16386880905182,17139300
2019-09-24,129.42103576660156,132.53927202509888,128.95000275172796,132.2283885103079,29773200
2019-09-25,131.28631591796875,131.85156125747696,128.14923447074904,129.53407261523665,21382000
2019-09-26,131.45594787597656,132.05886983709323,130.4196833919163,131.3617498545857,17456600
2019-09-27,129.75079345703125,132.22843254021143,128.7333600811412,132.03059228318074,22477700
2019-09-30,130.97547912597656,131.15447402647854,129.79789622771756,130.05225815868306,17280900
2019-10-01,129.12901306152344,132.1247764949872,129.06306153164525,131.56896092082206,21466600
2019-10-02,126.84921264648438,128.46956771879812,125.84120925108813,128.35652437066133,30521700
2019-10-03,128.38473510742188,128.82750721455886,125.50201585655336,127.13178578028787,24132900
2019-10-04,130.1182098388672,130.2406830738794,128.51669979356828,128.82758343835812,22897700
2019-10-07,129.1761016845703,130.17468947110925,129.0819036975088,129.1949470318979,15303700
2019-10-08,127.81011199951172,129.7790267900296,127.7630058173658,129.13842871216846,25550500
2019-10-09,130.23126220703125,130.6646046941468,129.03483387341774,129.49645157688556,19749900
2019-10-10,131.04144287109375,131.57841324781248,130.2406806757921,130.4667817882378,17654600
2019-10-11,131.5878143310547,132.8596095902909,131.4182492963784,132.00232580442918,25446000
2019-10-14,131.46536254882812,132.16248245077912,131.43710170819725,131.59725126336954,13304300
2019-10-15,133.3682861328125,133.57552742119194,131.71024082748983,131.94575731974263,19695700
2019-10-16,132.27554321289062,132.82194343556887,131.44652020264886,132.63351866066512,20751600
2019-10-17,131.5972442626953,133.22701494314092,130.96606156419662,132.78424263042243,21460600
2019-10-18,129.44931030273438,131.88925812815606,128.64854834275522,131.6631570821554,32273500
2019-10-21,130.4102325439453,130.47618408562118,129.07250010717596,130.42907789510858,20078200
2019-10-22,128.4695587158203,131.8986789919642,128.3659308623604,130.9189365022612,27431000
2019-10-23,129.28915405273438,129.486979879743,127.75358174170623,128.95000968878912,29844600
2019-10-24,131.8327178955078,132.28490554904315,130.63629005460123,131.3145787222974,37029300
2019-10-25,132.5769805908203,132.96323120692122,131.13562036467823,131.26750906593338,25959700
2019-10-28,135.8365478515625,137.23080200968738,135.1959352655322,136.03437373306028,35280100
2019-10-29,134.5552978515625,136.1285464558704,134.3857184848941,135.7328804333607,20589500
2019-10-30,136.23219299316406,136.5995982341125,134.51762561887838,135.20534429087087,18496600
2019-10-31,135.0640411376953,136.53366226906516,134.70606571774047,136.5054014299843,24605100
2019-11-01,135.3937225341797,136.05316583907873,134.6871730557623,135.9024318337344,33128400
2019-11-04,136.1757049560547,136.59963197342742,135.80829962435925,136.4394824057441,16912000
2019-11-05,136.09083557128906,136.6183901339706,135.57269649194694,136.57128396770608,18250200
2019-11-06,135.7140350341797,136.14739174901885,134.903857643227,136.00607321438574,16575800
2019-11-07,135.9025115966797,136.4866026165031,135.44090819972232,135.50684538151864,17786700
2019-11-08,137.5040283203125,137.53228916443604,135.43147058596213,135.63872635939717,16732700
2019-11-11,137.645263671875,137.9373018315631,136.345207993484,136.91986882779443,14362600
2019-11-12,138.54969787597656,139.02073102677576,137.59820171149596,137.8054574478309,18641600
2019-11-13,138.7757568359375,138.91707537779078,137.80542988932166,138.23878662630173,16919200
2019-11-14,139.48231506347656,139.81204397344354,138.48372722157296,138.5025725699454,19729800
2019-11-15,141.2816925048828,141.30053785693727,139.68018257525807,140.3019354451368,23485700
2019-11-18,141.63027954101562,141.82811983844155,140.34906847734675,141.37593192620386,21534000
2019-11-19,141.67733764648438,142.56288218947344,141.4983427654815,142.13895526723965,23935700
2019-11-20,141.43153381347656,142.58476633272116,140.33502970679658,142.08377353281819,25696800
2019-11-21,141.29922485351562,141.60171875338148,140.3728625266567,141.22360137854915,18576100
2019-11-22,141.40318298339844,142.0743322028531,140.67533419630763,141.85692376149487,15901800
2019-11-25,142.9534454345703,143.0668878548469,141.71514172629512,141.79076519857867,22420900
2019-11-26,143.7096405029297,144.0782958507739,143.0385057427594,143.07631026041267,24620100
2019-11-27,143.9838104248047,144.15395242888414,143.2275900846994,143.99325795046357,15184400
2019-11-29,143.0952606201172,143.96490901164137,143.00072766342154,143.7758575219542,11977300
2019-12-02,141.36541748046875,143.52063628831266,140.20273706606196,143.50172681141444,27418400
2019-12-03,141.1384735107422,141.25190146563813,138.62404807010302,139.41808702546612,24066000
2019-12-04,141.6490020751953,141.9609291139393,141.03456667690364,141.92312458381133,17574700
2019-12-05,141.724609375,142.09327926361837,141.29923990374633,141.83805181138433,17869100
2019-12-06,143.4450225830078,143.55845060471992,142.04602409497093,142.72662107265498,16403500
2019-12-09,143.0763397216797,143.87982651833465,142.65097029791653,142.80221724707323,16687400
2019-12-10,142.85894775390625,143.57734920985484,142.50918734060494,143.01018029683436,16476100
2019-12-11,143.39773559570312,143.55843007805365,142.10271778730538,143.24648863924253,18856600
2019-12-12,144.8534698486328,145.04252134219536,142.75496509556822,143.35047657910508,24612100
2019-12-13,146.07286071777344,146.413159167457,144.4659014257082,144.62659591254433,23845400
2019-12-16,147.01812744140625,147.36787340500365,146.346992515384,146.62111500128668,24144200
2019-12-17,146.22409057617188,147.18827180812258,145.99722016168278,146.9424919198338,25425600
2019-12-18,145.92161560058594,146.97086796505727,145.74201163546948,145.85545406926653,24129200
2019-12-19,147.188232421875,147.24494640439553,145.33549392524614,145.57181180154737,24958900
2019-12-20,148.7952423095703,149.81613761741565,147.7365280512288,148.7385283075295,53477500
2019-12-23,148.7952423095703,149.4663772319914,148.66290483024056,149.4663772319914,17718200
2019-12-24,148.76690673828125,149.07884821814415,148.521126795762,148.86142528073012,8989200
2019-12-26,149.98631286621094,150.04302688082174,148.78581333669098,148.93706032479093,14520600
2019-12-27,150.26040649414062,150.81811337522475,149.5609001937233,150.7235804290026,18412800
2019-12-30,148.96539306640625,150.3171393638337,148.15245866742518,150.28878236114747,16348400
2019-12-31,149.06935119628906,149.1355271417693,147.88776151587507,148.19025539743808,18369400
2020-01-02,151.8295440673828,151.93352453696647,149.66487810348934,150.0902475068035,22622100
2020-01-03,149.93902587890625,151.19623925114328,149.409675916639,149.6554558446236,21116200
2020-01-06,150.3265838623047,150.3927598163758,147.9444947187136,148.4833066063073,20813700
2020-01-07,148.9559326171875,150.93154722601824,148.71016714066076,150.60071074881336,21634100
2020-01-08,151.32858276367188,151.99973219349283,149.30570137096382,150.2320638417951,27746500
2020-01-09,153.21908569335938,153.34197562938405,152.21710000371593,152.98276776943587,21385000
2020-01-10,152.51014709472656,154.28726267501992,152.35890014667973,153.90915972860566,20725900
2020-01-13,154.34397888183594,154.3723358820374,152.43452580062083,152.9071617022491,21626500
2020-01-14,153.2569122314453,154.6464628468558,152.86934735532085,154.44794943449625,23477400
2020-01-15,154.24948120117188,154.9678971670826,153.67287911610023,153.7201311781048,21417900
2020-01-16,157.07583618164062,157.14201214066856,155.05295481159047,155.35544875508083,23865400
2020-01-17,157.95494079589844,158.30468678450072,156.37632402467744,158.2574203045993,34371700
2020-01-21,157.38775634765625,158.98526801417273,157.32158039758605,157.55789835006,29517200
2020-01-22,156.6315155029297,158.3235598983311,156.61260603057121,158.23847448456866,24138800
2020-01-23,157.595703125,157.6713265938342,156.22506200867213,157.09471026471257,19680800
2020-01-24,156.0076446533203,158.3613765241698,155.44993777757642,158.3424670503659,24918100
2020-01-27,153.39866638183594,154.43847085903872,151.4324998218429,152.33050491195482,32078100
2020-01-28,156.40467834472656,156.6882483457103,154.14547932010373,154.81661422070258,24899900
2020-01-29,158.84349060058594,159.5146400250475,156.62211019371946,158.65443909714912,34754500
2020-01-30,163.3240509033203,164.52455005778435,161.44295493874296,164.52455005778435,51597500
2020-01-31,160.91366577148438,162.9649045005347,160.29924467510017,162.78531491719556,36142700
2020-02-03,164.83651733398438,164.94994534557068,161.07432481438784,161.1026818172844,30107000
2020-02-04,170.26235961914062,170.75390501577263,166.66087620777762,167.44545356772943,36433300
2020-02-05,170.05438232421875,174.1190537403817,168.64593664566272,173.95835927347207,39186300
2020-02-06,173.58023071289062,173.7598346269479,170.20560413495167,171.06580476348907,27751400
2020-02-07,173.82603454589844,175.47081270658518,172.4931978169128,172.8429581987189,33529100
2020-02-10,178.3727569580078,178.50509441167975,173.2210293650427,173.53297073949096,35844300
2020-02-11,174.34593200683594,180.2633282452073,173.45737421261373,180.21606177076302,53159900
2020-02-12,174.60113525390625,175.67874437299267,171.89765772024018,175.4235169852956,47062900
2020-02-13,173.65586853027344,176.03794280419976,172.86182934859667,173.06034274994119,35295800
2020-02-14,175.20614624023438,175.26286024443658,172.65390066150297,173.22106955093307,23149500
2020-02-18,176.98321533203125,177.42749418236605,175.34789933909548,175.45187980244407,27792200
2020-02-19,177.51405334472656,178.36711595467847,176.7462941031497,178.25337813017842,29997500
2020-02-20,174.8031768798828,177.4856045751215,171.65631012999017,177.20124557370298,36862400
2020-02-21,169.2771453857422,173.93110932996493,168.0070252247209,173.61831595363654,48572600
2020-02-24,161.97869873046875,165.4478463263177,154.71813679067944,159.02140017038658,68311100
2020-02-25,159.30575561523438,165.72271383699095,158.90764439039998,165.1160881339019,68073300
2020-02-26,161.29627990722656,164.2251446871033,159.43849455284118,160.8602752572203,56206100
2020-02-27,149.93150329589844,158.32001499596967,149.74193543338117,154.80348558750697,93174900
2020-02-28,153.56175231933594,155.17311496563838,144.07374325016832,144.46236668665765,97012700
2020-03-02,163.77960205078125,163.90282763558946,153.84610129007496,156.68966182739558,71030800
2020-03-03,155.931396484375,165.8743863348176,153.79872580292735,164.7369648639986,71677000
2020-03-04,161.6564483642578,161.79862063132381,156.98352219099715,159.70387209335476,49814400
2020-03-05,157.59967041015625,161.9597896282365,157.0499134181391,157.39114139721516,47817300
2020-03-06,153.14471435546875,154.60440254772644,147.86516281770332,154.13047574382352,72821100
2020-03-09,142.76573181152344,149.5239338956656,142.17806709572008,143.1259208763582,70419300
2020-03-10,152.52857971191406,152.63284417285914,144.62348518857524,149.91250932333253,65354400
2020-03-11,145.61875915527344,149.47651594433142,143.2680717176468,148.9362468910333,56371600
2020-03-12,131.80853271484375,145.4671079518946,131.35356699021355,137.72314498743467,93226400
2020-03-13,150.54762268066406,153.4670141569079,133.39146289991785,139.8084372561925,92727400
2020-03-16,128.35836791992188,141.56197970377613,127.96027103449792,132.6995403320719,87905900
2020-03-17,138.92691040039062,139.8084073143908,127.96023720300174,132.69950524755737,81059800
2020-03-18,133.07862854003906,138.3866140419556,127.97918643285101,130.8037858752731,81593200
2020-03-19,135.2681884765625,142.32020684342646,131.75164539050618,135.3250573763045,85922700
2020-03-20,130.18771362304688,139.4292873501573,128.77540638008531,138.38664247775617,84866200
2020-03-23,128.88917541503906,133.23983601534454,125.60960886407626,129.8654638215196,78975200
2020-03-24,140.60459899902344,141.79890378670194,133.90328159423055,136.25395446330393,82516700
2020-03-25,139.25868225097656,146.28228256625601,136.9080088143488,141.14491656968082,75638200
2020-03-26,147.9694366455078,148.4907590553709,140.63304405067825,140.66147850366175,64568100
2020-03-27,141.89370727539062,146.81307068348792,141.41978038772191,143.8368104074525,57042300
2020-03-30,151.87461853027344,152.2253342901318,142.18755101382314,144.49084339308502,63420300
2020-03-31,149.48597717285156,156.1872936874246,148.39593700408997,151.08783738874433,77927200
2020-04-01,144.17799377441406,149.52388683618224,142.955269145982,145.02158279515615,57969900
2020-04-02,147.1637725830078,147.372301571524,142.51929484918563,143.9410755182864,49630700
2020-04-03,145.80833435058594,149.17321783075897,144.25385488302902,147.01211258227983,41243300
2020-04-06,156.65179443359375,157.81765050477165,149.36279672981783,151.95992123012604,67111700
2020-04-07,154.96456909179688,161.13508997776,154.74655238016243,160.7464665837294,62769000
2020-04-08,156.5190887451172,157.9787771039358,154.97408255990595,157.0309233879731,48318200
2020-04-09,156.52854919433594,158.64225875732106,154.81293642372253,157.6849317896961,51385100
2020-04-13,156.87925720214844,156.936140571891,153.83665499194112,155.77975792648093,41905300
2020-04-14,164.64218139648438,164.6895769731253,159.23941831070533,160.18727199112618,52874300
2020-04-15,162.9170684814453,164.51894325255736,160.41473575433392,162.27252056372882,40940800
2020-04-16,167.80796813964844,168.03545817397716,163.88385544182728,165.2108589474343,50479600
2020-04-17,169.28668212890625,170.61367156696483,166.69903103004185,170.13974470150103,52765600
2020-04-20,165.9312744140625,169.42885704991627,165.86493217267332,167.41941173715273,36669600
2020-04-21,159.06881713867188,164.6137526846759,157.4479809248554,164.4526192889561,56203700
2020-04-22,164.47158813476562,164.926553888929,161.9123858808334,162.45265500207105,34620200
2020-04-23,162.48109436035156,165.9312815649868,161.997694135911,165.0308233603539,32790800
2020-04-24,165.44784545898438,165.4573187880793,161.80809117902592,163.087684835539,34277600
2020-04-27,164.9739227294922,167.67529682402676,164.26303252623075,167.38146452077441,33194400
2020-04-28,160.95501708984375,166.5094397501478,160.55692031443468,166.43360972677016,34392700
2020-04-29,168.17767333984375,168.41463676243595,162.9170969287767,164.18721740272696,51286600
2020-04-30,169.8648681640625,170.99280191954153,167.0402537209176,170.613666224283,53875900
2020-05-01,165.46682739257812,169.32458443172894,164.93601717144193,166.63268339420114,39370500
2020-05-04,169.51414489746094,169.6658049540385,164.73696882006053,165.39099015883954,30372900
2020-05-05,171.3340606689453,174.07335778006862,170.51890576062996,171.20136170541036,36839200
2020-05-06,173.0211944580078,174.59463494769062,172.15865865064302,172.58518988955504,32139300
2020-05-07,174.0259246826172,174.926382699325,173.05910997240878,174.56619370740268,28316000
2020-05-08,175.0496063232422,175.35292643558043,173.79844701759438,175.33396531278456,30877800
2020-05-11,177.00216674804688,177.73200352529332,173.31501723341563,173.59936171125372,30892700
2020-05-12,172.9927978515625,177.28657455794107,172.7937566459724,177.0590988944095,32038200
2020-05-13,170.37664794921875,174.45242044507359,167.3340321839716,173.03064035092157,44711500
2020-05-14,171.11599731445312,171.26765735101736,166.5189018898924,168.28191004143457,41873900
2020-05-15,173.60885620117188,177.30547918666417,167.77007497933533,169.72265093901058,46610400
2020-05-18,175.2676239013672,176.49034876011717,174.3671658161669,176.06381750534854,35264500
2020-05-19,174.05435180664062,176.86947800382345,173.92165288832314,175.3813409898155,26799100
2020-05-20,176.46861267089844,176.64920874209136,174.83376282051205,175.66068745873378,31261300
2020-05-21,174.34901428222656,177.42861841763434,174.21594577347696,176.22148762180447,29119500
2020-05-22,174.42507934570312,175.32805988927586,173.5030993721259,174.1209289284326,20826900
2020-05-26,172.5811309814453,177.2670574968158,172.1343978264107,177.11497503906327,36073600
2020-05-27,172.80918884277344,172.98028518277715,167.85712674872016,171.27889401164592,39517100
2020-05-28,172.41949462890625,175.03335144358766,171.45000181643846,171.79218001595007,33810200
2020-05-29,174.1779327392578,175.1474401638824,171.47853469767063,173.68367206153434,42130400
2020-06-01,173.77871704101562,173.94029918509904,172.47654567180405,173.50306582205417,22622400
2020-06-02,175.75576782226562,175.84130876193302,172.37201306609043,175.12843859127653,30794600
2020-06-03,176.1834716796875,176.7347596373877,174.49159444895008,175.67021158300358,27311000
2020-06-04,173.86427307128906,176.63971241141127,173.2749717295189,175.1759587709763,28761800
2020-06-05,177.93235778808594,178.43611811908195,172.99929482665513,173.57909636843632,39893600
2020-06-08,179.0349578857422,179.2155539729429,175.3090250719007,176.73476533500545,33211600
2020-06-09,180.4036865234375,181.25912495422665,177.98942467972202,178.69279515847796,29783900
2020-06-10,187.09510803222656,188.6919444062421,181.55373004654078,181.66779911114176,43872300
2020-06-11,177.0484619140625,186.06863765914875,176.85836607865363,183.5688491419262,52854700
2020-06-12,178.44564819335938,182.22860811999774,176.01237274212465,181.1070182904642,43373600
2020-06-15,179.58627319335938,181.37320590282792,174.90033194035374,175.44212028441342,32770200
2020-06-16,183.98703002929688,185.8975167043763,181.98148820479122,183.3406869206334,42556700
2020-06-17,184.62388610839844,186.60091457988608,184.10111171633025,185.3747696872733,25687800
2020-06-18,186.60089111328125,186.76247326807626,184.39573922892131,184.39573922892131,23061600
2020-06-19,185.48878479003906,189.42382696188116,184.7474010839948,188.75848446971048,44441100
2020-06-22,190.64048767089844,190.82106925250457,185.5648413739242,186.09711541174806,32818900
2020-06-23,191.9141387939453,193.85313907898706,191.45789148879962,192.0852206558405,30917400
2020-06-24,188.04566955566406,193.18784393784742,186.82903878363237,191.6195351389671,36740600
2020-06-25,190.42185974121094,190.6784970410009,185.79296114833386,188.00761269061277,27803900
2020-06-26,186.6103515625,189.99410539418636,185.23213917645384,189.84202298518596,54675800
2020-06-29,188.615966796875,188.70150774663603,183.96805331588718,186.08765014579993,26701600
2020-06-30,193.43495178222656,194.28089052562854,187.95061402599853,188.08368255293655,34310300
2020-07-01,194.5659942626953,196.13431706007913,191.7810555883194,193.0832268930802,32061200
2020-07-02,196.0487518310547,197.72162939796362,194.8511354393264,195.49746395135764,29315800
2020-07-06,200.26895141601562,200.67767110943888,197.78816312460114,198.49153344403433,31897600
2020-07-07,197.94027709960938,204.0424438056839,197.6931540036791,200.0313599594094,33600700
2020-07-08,202.2935333251953,202.70223856853215,198.35849081572363,199.67017648667414,33600000
2020-07-09,203.70977783203125,205.66779215946096,201.00086550314717,205.6202645828633,33121700
2020-07-10,203.0919647216797,203.48167057647657,200.63018979121773,203.04443714124912,26177600
2020-07-13,196.81869506835938,205.1164992228562,196.27690681431983,203.861840847215,38135600
2020-07-14,198.0353240966797,198.51057084084894,192.02819828875812,195.92522739229784,37591800
2020-07-15,197.74061584472656,200.86774686185024,194.8796362894525,199.1853696931352,32179400
2020-07-16,193.82464599609375,195.51652338118896,192.2943507766109,195.23137241106915,29940700
2020-07-17,192.83612060546875,194.88917548630673,191.4198801082913,194.34740174799845,31635300
2020-07-20,201.12442016601562,201.78976268148,192.95967039395572,194.8511575839136,36884800
2020-07-21,198.41551208496094,203.34857552033253,197.73115562552331,203.08243850870448,37990400
2020-07-22,201.2670135498047,201.78978791424657,198.07335457284609,198.8432520443965,49605700
2020-07-23,192.5129852294922,200.4781269778128,192.1422932712238,196.9327895817196,67457000
2020-07-24,191.3343505859375,192.81711817294266,187.73197198353216,190.497911638035,39827000
2020-07-27,193.7581024169922,193.87215699393317,190.91612168004946,191.4959232851321,30160900
2020-07-28,192.01873779296875,194.56605390035716,191.75260072214854,193.53001926727976,23251400
2020-07-29,193.9577178955078,194.51850562770954,192.00920315300615,192.47495022909868,19632600
2020-07-30,193.80564880371094,194.3379374288218,189.69002407556442,191.04922302902312,25079600
2020-07-31,194.86065673828125,194.94621217125055,189.15769604486636,194.28085515431556,51044000
2020-08-03,205.81988525390625,206.8654340533145,200.02188278490044,201.04841765066982,78983000
2020-08-04,202.73077392578125,204.13751489873653,199.8983070536526,203.56721293636207,49280100
2020-08-05,202.3981170654297,204.35613163403326,201.09594542586711,204.26107646912982,28806400
2020-08-06,205.6392822265625,205.65828165484047,201.07691035504746,201.82779386667735,32656800
2020-08-07,201.9608612060547,205.02145153311608,200.4875933337867,204.21354073459383,27820400
2020-08-10,197.94027709960938,201.39057324547656,196.13434519873215,201.19096322321653,36716500
2020-08-11,193.31137084960938,197.36996761393385,193.08324719054212,196.9042350854853,36446500
2020-08-12,198.8336944580078,199.8697286674782,194.6135019128375,195.126761910023,28013100
2020-08-13,198.3679962158203,200.88681276479966,197.845221875211,199.07136664712925,22588900
2020-08-14,198.55810546875,199.21394836744497,197.23691995666195,198.42503694607137,17958900
2020-08-17,199.86978149414062,200.73473410095306,198.577109692729,199.22345284512505,20184800
2020-08-18,201.01988220214844,201.84680693348818,198.85275811055578,200.10740203040297,21336200
2020-08-19,199.80030822753906,202.08701579049102,199.37155510274798,201.5058125871485,27627600
2020-08-20,204.449951171875,204.85012175813844,199.047626449657,199.6478750598317,26981500
2020-08-21,202.96356201171875,206.04107316088508,202.80158927107192,203.76390303789307,36249300
2020-08-24,203.60194396972656,205.34555352569097,202.4014178114079,204.65000551578154,25460100
2020-08-25,206.25067138671875,206.38406154676812,203.03977033082035,203.03977033082035,23043700
2020-08-26,210.70977783203125,211.6054039276982,207.0987054135543,207.59416093128425,39600800
2020-08-27,215.8834228515625,220.2376708942696,209.04237476042434,212.36762114380463,57602200
2020-08-28,218.1034393310547,219.75176405329466,215.8834340675416,217.40789128020305,26292900
2020-08-31,214.8830108642578,217.90335740203147,213.72060436852902,216.28361517405492,28774200
2020-09-01,216.5408477783203,216.7123432061148,213.83490987501472,214.86392605709895,25725500
2020-09-02,220.71401977539062,221.8669032323709,216.6170302835828,217.20775602569836,34080800
2020-09-03,207.04156494140625,218.4845839138484,204.81203665355508,218.44647865645402,58400300
2020-09-04,204.13551330566406,208.05148569437216,195.5032274145481,204.94539163590494,59664100
2020-09-08,193.09266662597656,200.11473306475375,192.65437628036617,196.75138131717694,52924300
2020-09-09,201.31524658203125,204.69765825527963,196.94193845606748,197.79945926054114,45679000
2020-09-10,195.6746826171875,204.60234415505118,194.47417119348202,203.32559316845246,35461500
2020-09-11,194.39793395996094,198.78077809110243,191.73965363926618,197.41827948947508,33620100
2020-09-14,195.71286010742188,199.32393265789574,194.39800349010872,194.59809605561162,30375800
2020-09-15,198.92373657226562,199.87652772915487,197.16106711664477,198.58073117424792,21823900
2020-09-16,195.36984252929688,200.70546463715695,194.97919463994998,200.67688206363792,26328100
2020-09-17,193.3308868408203,194.68384874688627,190.52015540378827,190.60590313185887,34011300
2020-09-18,190.92979431152344,194.03588784185274,186.98524002077554,193.22602418775512,55225300
2020-09-21,192.9783172607422,193.140304553541,187.109134700145,187.88089322203805,39839700
2020-09-22,197.6279754638672,198.27588112674852,192.54007326273896,195.37938734876468,33517100
2020-09-23,191.12039184570312,198.2758633815495,190.58683107604844,198.0852935022952,30803800
2020-09-24,193.59768676757812,195.86533495042073,189.79604385018484,190.41536698285213,31202500
2020-09-25,198.00904846191406,199.17144019967697,192.97829820351433,193.94062649521072,29437300
2020-09-28,199.5526123046875,202.53485372758092,198.23775565768426,200.92463410357064,32004900
2020-09-29,197.47552490234375,200.15288073946687,197.04677171352878,199.4668698219862,24221900
2020-09-30,200.4005584716797,201.97265800789293,196.78947197711074,197.9232957386492,33829100
2020-10-01,202.43002319335938,203.8877925550821,201.34384181524362,203.4113969587429,27158400
2020-10-02,196.45599365234375,201.02939371006642,195.8366707318804,198.18054316818606,33154800
2020-10-05,200.4481964111328,200.47677898107784,197.20869794579374,197.43737304379223,21331600
2020-10-06,196.18922424316406,200.25763188349316,195.1506854050532,198.9618499090392,28554300
2020-10-07,199.9241485595703,200.1909288915541,196.96096780077255,197.2849132698332,25681100
2020-10-08,200.6387481689453,201.21995131159426,198.48544555341942,200.57204581462975,19925800
2020-10-09,205.62185668945312,205.6694991548574,201.25807145801653,201.25807145801653,26458000
2020-10-12,210.94796752929688,213.29184029670688,206.574659376011,208.4611818961351,40461400
2020-10-13,212.3390350341797,214.57810003901824,210.02374499317224,212.20564485549392,28950800
2020-10-14,210.4334259033203,213.63480432186398,208.7851015044337,212.47239811082844,23421700
2020-10-15,209.29013061523438,209.9570815862142,205.81243381054406,206.8509873279706,22733100
2020-10-16,209.29013061523438,211.79596173037572,208.96618507767857,209.75698902569985,26057900
2020-10-19,204.10691833496094,211.80547245913127,203.630522766919,210.0142204709931,27625800
2020-10-20,204.5166015625,207.1081944892267,203.03024978890875,205.61232003857742,22753500
2020-10-21,204.65956115722656,206.67947393271433,203.05886431483884,203.05886431483884,22724900
2020-10-22,204.74525451660156,205.860018226244,201.7058489433808,203.83056877260853,22351500
2020-10-23,206.02200317382812,206.0696456336695,203.09694223156853,204.87865682982294,18879600
2020-10-26,200.16238403320312,206.12685191973097,198.2758614620614,203.7544110534523,37111600
2020-10-27,203.1826934814453,204.53565504160957,200.4005453317281,201.60105683311497,36700300
2020-10-28,193.11170959472656,198.9809067591582,192.5591035035503,197.8661428219542,51195600
2020-10-29,195.055419921875,197.57078816372166,193.76914595817738,194.4361114436148,31432600
2020-10-30,192.91163635253906,194.64570878486924,190.19617560413607,193.89301013017186,36953700
2020-11-02,192.77825927734375,195.58899061431308,190.67258417511,194.64572202379262,30842200
2020-11-03,196.68463134765625,198.29485039991718,193.53089558893754,194.26454870059058,27512000
2020-11-04,206.17446899414062,208.01336340786992,202.391887100831,203.91635870169142,42311800
2020-11-05,212.74876403808594,213.53958256563163,210.70979122748378,211.55777490716312,36080100
2020-11-06,213.15843200683594,213.76821774632472,207.73704817031117,211.76735056508159,25231900
2020-11-09,208.080078125,217.35073281065687,207.5941598268988,213.84446802922895,44395000
2020-11-10,201.0484619140625,206.27929073276394,199.81936768721027,204.37370837033654,44045100
2020-11-11,206.326904296875,207.74655365341502,202.18225742380903,202.3632900490306,29440800
2020-11-12,205.26931762695312,208.76605923155117,204.33558641645527,206.95576195060497,21593900
2020-11-13,206.2888641357422,207.1559078130722,204.04981303238662,206.1459512387947,18621100
2020-11-16,206.97482299804688,207.4607558021883,204.3927670537816,204.72623524216695,24953300
2020-11-17,204.3356170654297,207.40359150295538,203.97355173955768,205.8981941277248,24154100
2020-11-18,201.64173889160156,205.54885451827582,201.4984372682521,204.0968159453986,28372800
2020-11-19,202.92178344726562,203.5045082981434,200.54311684420654,201.92829274858192,24792700
2020-11-20,200.98251342773438,203.75283551495997,200.6099526701213,202.7115778304131,22843100
2020-11-23,200.7150421142578,202.7975575607246,198.8522382569824,201.51747845639179,25683500
2020-11-24,204.29736328125,204.66992405352661,199.52093564872897,200.21829000165692,33979700
2020-11-25,204.30691528320312,205.6634190108347,202.95997374000245,205.49147460908594,21012900
2020-11-27,205.60610961914062,206.59961477704968,204.46931745600483,205.2431110137325,14512200
2020-11-30,204.4980010986328,205.1571359367757,201.41241802939734,204.52665850131285,33064800
2020-12-01,206.54229736328125,207.60266491805436,203.81018007832992,204.91830024990742,30904500
2020-12-02,205.73980712890625,205.8353414972746,203.28473128801846,205.27172662279625,23724500
2020-12-03,204.660400390625,206.7047110734639,204.0967707859038,205.01385141230443,25120900
2020-12-04,204.7750244140625,205.74941981992606,203.6477798118867,204.64128501141468,24666000
2020-12-07,204.70814514160156,205.90225214353387,203.46628552079312,204.7845697389054,24620000
2020-12-08,206.35122680664062,207.24919755761567,203.3707405493624,204.40245069453582,23284100
2020-12-09,202.32945251464844,205.6060744703643,201.76583762177287,205.5392120715224,32440600
2020-12-10,201.10671997070312,203.55224866960762,200.9538707828964,202.3008269195042,26733300
2020-12-11,203.7241973876953,203.78152676671252,199.75976806432303,200.6577388410775,30979400
2020-12-14,204.62216186523438,206.54229514941832,203.36119251919632,203.57135650628612,28798400
2020-12-15,204.55532836914062,205.78764048898248,202.749839007766,205.54881906776095,27000600
2020-12-16,209.47500610351562,210.26789482840616,205.11890649691244,205.14756389617955,35023300
2020-12-17,209.6087188720703,211.0129895638179,208.17579078469507,210.03859438298323,32515800
2020-12-18,208.8158721923828,209.86669216480047,206.36079582264512,208.8158721923828,63354900
2020-12-21,212.63699340820312,213.9839494454833,207.56442979599882,207.82236095933965,37181900
2020-12-22,213.92666625976562,215.5411013062933,211.93012279193636,212.7325592225708,22612200
2020-12-23,211.13723754882812,213.56365667587485,210.9270735405994,213.13378105049873,18699600
2020-12-24,212.7898406982422,213.6113867942112,211.30914528874573,211.5193092604936,10550600
2020-12-28,214.90106201171875,215.92321005733746,213.04780555492192,214.413857010838,17933500
2020-12-29,214.1272735595703,217.0217879256929,213.58276831645435,216.1906940710148,17403200
2020-12-30,211.76768493652344,215.54107436358564,211.56708314219108,215.15895141354764,20272300
2020-12-31,212.47462463378906,213.0286920393946,209.857136802446,211.78681782520988,20942100
2021-01-04,207.95611572265625,213.02867970996735,205.20488864757192,212.57969433100567,37130100
2021-01-05,208.15670776367188,208.7489946946385,206.05508254722616,207.54532561749676,23823000
2021-01-06,202.75936889648438,206.8097850939476,202.46323269229157,202.68294429919243,35930700
2021-01-07,208.529296875,209.53234971678856,204.15410145154507,204.46933288683374,27694500
2021-01-08,209.79983520507812,210.71691586641606,207.32564880606074,208.90186433865418,22956200
2021-01-11,207.7650604248047,209.1215641625514,207.0390340746721,208.7012361864748,23031300
2021-01-12,205.3195343017578,207.3925169546865,203.78153842458812,206.81933974373354,23249300
2021-01-13,206.66647338867188,207.06769157243323,204.36423170367146,204.45021848172806,20087100
2021-01-14,203.4949188232422,207.73638872403765,203.22744005260643,206.2556933016969,29480800
2021-01-15,203.1414337158203,204.9182651362014,202.54916143452607,203.9725419227152,31746500
2021-01-19,206.7620086669922,207.2778564550541,203.12237302041416,204.1922881817282,30480900
2021-01-20,214.3087615966797,215.6939227599558,207.57399540278436,207.96566598543168,37777300
2021-01-21,214.91061401367188,216.18114567833973,212.47463268897792,214.65268280655076,30709400
2021-01-22,215.84678649902344,219.7825732306377,215.70349948425073,216.92626393198466,30172700
2021-01-25,219.26666259765625,219.50548395408435,214.194099319363,218.87499207475443,33152100
2021-01-26,221.9414520263672,223.70872121707924,219.79205994129995,221.4924667358111,49169600
2021-01-27,222.4860076904297,229.68886918924537,219.84942471419154,227.35797002149073,69870600
2021-01-28,228.24636840820312,231.79048419595736,224.5780754115442,225.0748279766649,49111200
2021-01-29,221.58804321289062,227.37707132988027,221.0053184426969,225.43784282406364,42503100
2021-02-01,228.9342041015625,231.65677408115855,222.0370404246548,224.54944639154158,33314200
2021-02-02,228.80047607421875,231.4752789882707,228.01714936865181,230.51044566483372,25916300
2021-02-03,232.13438415527344,234.13092741775498,228.56161101991137,228.85776177893771,27158100
2021-02-04,231.1886749267578,232.36368677142988,229.6220070436973,231.80961934520695,25296100
2021-02-05,231.3701629638672,232.40187313232684,229.66975580932288,231.3988203649493,18054800
2021-02-08,231.6280975341797,232.78398493204895,230.04231996079577,232.27768473686635,22211900
2021-02-09,232.8699493408203,233.81567265249217,230.58681758942583,231.05489815330387,23565000
2021-02-10,231.9624786376953,234.92385553583864,230.11876967307288,234.04499444872175,22186700
2021-02-11,233.55780029296875,234.1882777613112,231.32242073183644,233.83482672549016,15751100
2021-02-12,234.03541564941406,234.331551842112,231.87646094509842,233.0228007069779,16561100
2021-02-16,232.80308532714844,235.12443679051168,232.05796376520485,234.0736168562319,26728500
2021-02-17,233.81805419921875,233.92337823277546,230.6966554202905,231.06050473804564,21653500
2021-02-18,233.4254608154297,233.5595082453593,230.6200343854476,231.5200733907211,16925600
2021-02-19,230.72537231445312,233.49250590696394,229.96895029206306,233.38718187638082,25262600
2021-02-22,224.5399932861328,227.81459302124637,222.51969763144905,227.32628051507058,36446900
2021-02-23,223.35272216796875,224.84639771521285,219.0057283470669,220.53771150889756,30228700
2021-02-24,224.57830810546875,225.20066806135043,219.26425873805556,220.2313141829066,26339700
2021-02-25,219.25473022460938,224.61664320101417,218.1919201519704,222.21335853679335,39542200
2021-02-26,222.5005645751953,225.36343789150433,219.78129368104075,221.6866957656996,37819200
2021-03-01,226.86668395996094,227.3741502565887,223.23780465757733,225.8708905631292,25324000
2021-03-02,223.92721557617188,227.2113997050835,223.5250732642781,226.9337206213468,22812500
2021-03-03,217.88548278808594,223.6495518308172,217.59823410434785,222.28992364520352,34029500
2021-03-04,217.09075927734375,222.60588703735615,214.72576809610288,217.1003434861413,44727800
2021-03-05,221.7537078857422,223.3527073519188,216.83223166317447,219.76213575150246,41872800
2021-03-08,217.72271728515625,223.44847885183972,217.4737762118484,221.53350706003218,35267400
2021-03-09,223.8410186767578,225.37300172907223,221.82072314892886,222.97928734112668,33080500
2021-03-10,222.5388641357422,226.92415117322705,222.1750148299451,226.92415117322705,29746800
2021-03-11,227.04864501953125,229.0019099034682,224.348527663124,224.97090228850325,29907600
2021-03-12,225.727294921875,225.79432594592853,223.31442642722314,224.06126424055526,22653700
2021-03-15,224.82723999023438,225.19108927209567,221.95478256941098,224.97087162731992,26034900
2021-03-16,227.6039276123047,229.85401019615043,225.90917386646177,226.2347154915178,28092200
2021-03-17,226.96241760253906,228.40823044727705,223.3143992028997,226.11025586249227,29562100
2021-03-18,220.91111755371094,224.23359433735567,220.5376986886075,222.6728878603491,34833000
2021-03-19,220.55686950683594,222.58673481626653,219.59938366501783,221.19838326764514,46430700
2021-03-22,225.9570770263672,226.82837799232317,220.35577930626062,220.48025713428592,30127000
2021-03-23,227.47947692871094,230.8019538061581,226.99116443288878,227.39330671357888,31638400
2021-03-24,225.4495849609375,227.8815921631546,225.3155375499503,227.73797515497975,25620100
2021-03-25,222.46224975585938,226.86669032919292,221.72499620085964,225.29641418401795,34061900
2021-03-26,226.42623901367188,226.6464712680149,221.70584100914797,221.70584100914797,25479900
2021-03-29,225.23895263671875,226.7326280661036,222.02179993878485,226.53154963057577,25227500
2021-03-30,221.99307250976562,223.908043971191,221.27495821173113,223.60164152452802,24792000
2021-03-31,225.74636840820312,228.93479698915417,222.51006262854528,223.0079591969703,43623500
2021-04-01,232.04669189453125,232.51585059097783,227.92949998956965,228.33164227655556,30338000
2021-04-05,238.48097229003906,239.33313398570488,232.38177839559694,232.4392252004619,36910600
2021-04-06,237.3224334716797,238.7969551907756,236.38410146861867,237.08306201915883,22931900
2021-04-07,239.2757110595703,240.2619203285823,236.6809325553028,237.27456911449357,22719800
2021-04-08,242.48330688476562,243.3354687608856,241.28644949639067,242.0237177384508,23625200
2021-04-09,244.9727783203125,245.10682576462426,241.70774782876975,242.11945976127174,24326800
2021-04-12,245.03018188476562,246.71536615587158,243.79501708514152,243.8812019063308,27148700
2021-04-13,247.50051879882812,248.17077061108847,245.91108871216403,246.32282985291565,23837500
2021-04-14,244.72377014160156,247.8260145046008,244.312058297405,246.53343216678118,23070900
2021-04-15,248.46751403808594,248.87922583464066,246.77277503962054,246.96425462818144,25627500
2021-04-16,249.6548309326172,249.9037865838757,246.6483408019082,248.438834520983,24878600
2021-04-19,247.73989868164062,250.36342998370014,246.85902799464517,249.12826495981687,23209300
2021-04-20,247.2802734375,249.13779808723464,245.9206308470202,246.85897737961304,19722900
2021-04-21,249.5016632080078,249.59741764213118,246.31324801477044,247.93140152495766,24030400
2021-04-22,246.23660278320312,250.65059769932526,244.77163626581108,249.147338183538,25606200
2021-04-23,250.0474395751953,250.3921496973052,246.33238956883352,246.91647116846514,21462600
2021-04-26,250.4303741455078,251.28255044757523,249.10906841916076,250.53571276740308,19763300
2021-04-27,250.8325653076172,252.0006991948617,249.06121066923387,250.45913180637936,31014200
2021-04-28,243.7375946044922,245.6334270987041,242.19604180812823,245.19296257106504,46903100
2021-04-29,241.7747039794922,245.21208867693898,238.4139344997838,244.59929842567976,40589000
2021-04-30,241.45877075195312,242.3205167691212,238.98847015559804,239.1225175880365,30945100
2021-05-03,241.15234375,243.53648835085653,240.44379908775937,242.6268652675503,19626600
2021-05-04,237.2554168701172,240.5300313964655,235.31172172633566,240.3002295284538,32756100
2021-05-05,235.9915313720703,238.89271223968217,235.36917143271003,238.47141614100633,21901300
2021-05-06,239.1129150390625,239.23739286323433,234.28719323134123,235.972362911324,26491100
2021-05-07,241.7268829345703,243.48865338351683,240.4917180124829,241.43005005006262,27032900
2021-05-10,236.67132568359375,241.027888860357,236.61387887498904,240.20445051351808,29299900
2021-05-11,235.76173400878906,236.11601370401354,232.25734694226097,234.1531648123597,33641600
2021-05-12,228.83912658691406,233.9904053250569,227.9486717264203,231.87435509010888,36684400
2021-05-13,232.69775390625,235.15849922523182,231.15620130904685,231.52005055871984,29624300
2021-05-14,237.60009765625,238.58630687070132,235.05319650799913,235.13936672439027,23901100
2021-05-17,234.75634765625,236.10640606144966,233.16693242516902,236.0681130601291,24970200
2021-05-18,232.74562072753906,235.93404979350285,232.57326570799052,235.8000023827749,20168000
2021-05-19,233.3214569091797,233.42702413188286,228.98363837074533,229.66501482689426,25739800
2021-05-20,236.54605102539062,237.95680642050272,234.03165022443645,234.12762575703587,21800700
2021-05-21,235.28884887695312,238.3214941013183,234.87618630622384,237.59212984793598,21863100
2021-05-24,240.6727752685547,241.03746475817613,237.53456246361,237.80327641054836,21411500
2021-05-25,241.57484436035156,242.56333074837534,240.71112322411236,241.62283212210016,17704300
2021-05-26,241.35409545898438,242.7456525555577,240.6439147260083,241.29650136403427,17771600
2021-05-27,239.26199340820312,241.3445335898177,239.20441394645133,241.04702994155994,24426200
2021-05-28,239.61705017089844,241.92033089438252,239.50189126005725,240.88385676538599,18270200
2021-06-01,237.42897033691406,241.16219011250507,237.00671606727997,241.10461065045544,23213300
2021-06-02,237.3330078125,239.22361157042198,235.9318441224372,238.1295578675878,19406700
2021-06-03,235.8070831298828,236.41168209445024,233.20629862376543,235.33682647405521,25307700
2021-06-04,240.6822967529297,241.5076363902739,237.53449316952558,237.77441731243022,25281100
2021-06-07,243.5806427001953,243.84935663294988,239.7418554964885,239.90500219538873,23079200
2021-06-08,242.39059448242188,245.69195336357788,242.33300038153834,244.87620533819828,22455000
2021-06-09,243.3695068359375,245.23132096206123,243.00483201146952,243.58064130243469,17937600
2021-06-10,246.87234497070312,247.0834793950277,243.4462357101778,244.04124291847,24563600
2021-06-11,247.49620056152344,248.0719951619915,246.26776064687272,247.5921468031884,18999700
2021-06-14,249.4155731201172,249.47315257534447,246.45008473782653,247.50575689635525,19150500
2021-06-15,247.94720458984375,249.51151476586116,247.29461791752257,249.30038033803766,18038900
2021-06-16,247.00674438476562,250.07775629014873,244.16603567438125,248.94532119918156,27220000
2021-06-17,250.38485717773438,251.20060521072745,245.69195565665422,245.74953511426614,27565500
2021-06-18,248.97413635253906,251.72846151081313,248.32154955086472,249.1660874295597,37202200
2021-06-21,252.045166015625,252.8992809067008,247.52500245412696,249.34842044965174,26696100
2021-06-22,254.80909729003906,255.07781121256852,251.8244251231669,252.13153511680653,24694100
2021-06-23,254.57879638671875,256.0759212680884,253.77265447272177,255.26977935409138,19518700
2021-06-24,255.9414825439453,257.0547340881306,254.77065154813104,255.43284452947933,21446900
2021-06-25,254.3388214111328,256.4789557010309,254.0893201724312,255.5000755623851,25611100
2021-06-28,257.8897399902344,258.0624783950666,255.19299417128897,255.46170811912478,19590000
2021-06-29,260.4617614746094,260.7016857260207,257.1796141163743,258.0337292218319,19937800
2021-06-30,259.9818420410156,260.42329434263524,258.7342479891088,259.7803139253489,21656500
2021-07-01,260.65362548828125,260.88394332062984,258.7342321183935,258.7438091696623,16725300
2021-07-02,266.45977783203125,266.79567752816956,261.5173457785115,261.82445574570187,26458000
2021-07-06,266.4693908691406,268.11046403566195,263.244794707822,266.8244739642971,31565600
2021-07-07,268.64788818359375,269.3772670421519,265.97993254914314,268.13925010791996,23260000
2021-07-08,266.23907470703125,267.49627505663517,263.791830519067,265.74001367275713,24618600
2021-07-09,266.73809814453125,266.84365072149694,264.2236975236495,264.60757033893503,23916700
2021-07-12,266.14306640625,268.49430548835454,265.43287101130034,267.90890462422595,18931700
2021-07-13,269.6555480957031,271.4501759643952,266.2102409837941,266.33497693412966,26120100
2021-07-14,271.1239318847656,272.2275772639754,269.24290521159406,270.97037689383615,23113700
2021-07-15,269.7035827636719,271.12394453030225,268.5519349217963,270.634489804362,22604200
2021-07-16,269.4348449707031,272.6498347308158,268.19682804350134,270.7016516270204,26186800
2021-07-19,265.8455810546875,269.0701477729701,263.38875994905754,267.688182240101,32935600
2021-07-20,268.0624694824219,269.64596306299137,265.1258001402408,266.8244526302893,26259700
2021-07-21,270.05859375,270.173752645904,266.1142551272196,267.6593524599545,24364300
2021-07-22,274.607666015625,274.87637995751953,271.99728945681113,272.40034572584136,23384100
2021-07-23,277.99530029296875,278.3023809168699,274.95304947678056,275.78798075252445,22768100
2021-07-26,277.4003601074219,278.0145801435692,275.0875164942922,277.3523869804331,23176100
2021-07-27,274.9915466308594,277.9090039999305,271.5462384158954,277.7650553283684,33604100
2021-07-28,274.68438720703125,278.4559881617901,272.3906980646863,277.3427364892114,33566900
2021-07-29,274.9530334472656,276.9875852391124,274.54994805095095,274.703502997756,18168300
2021-07-30,273.42718505859375,275.1066542513288,272.46748837703086,273.676715567838,20944800
2021-08-02,273.3408203125,275.2122112993794,272.3043314785068,274.8187321390319,16267400
2021-08-03,275.548095703125,275.6536775635122,272.55384686025644,273.91662898110934,17879000
2021-08-04,274.9627685546875,275.9992283215032,273.17771708876165,274.68444825278436,16191300
2021-08-05,277.85137939453125,277.95696126160766,274.56923306560276,275.317795323746,13900200
2021-08-06,277.7938232421875,277.83221931412936,276.0279846719422,276.8821288688246,16589300
2021-08-09,276.70941162109375,279.79963700414334,276.2103797453838,278.07219419100153,16117600
2021-08-10,274.8955078125,277.592253026987,273.70549335133626,277.1603778240849,18616600
2021-08-11,275.385009765625,277.0260831007816,274.3389144756151,275.6345110192113,13955900
2021-08-12,278.1297302246094,278.283285228758,274.79958112166787,275.0779013971637,14561300
2021-08-13,281.0472106933594,281.09518381779094,277.64026951768847,277.81303719840986,18249000
2021-08-16,282.7266540527344,282.93778849851935,278.33122675983446,281.37347818942425,22507600
2021-08-17,281.2679443359375,281.60384409624606,279.34855060574444,280.605780443635,20075300
2021-08-18,279.5467834472656,283.4794538884407,279.1044566907851,280.8063906085156,21813000
2021-08-19,285.35443115234375,286.0275166816487,277.53718447593633,277.5852494378773,29850500
2021-08-20,292.6524963378906,294.07557732948726,286.5948434162002,288.19099349843,40817600
2021-08-23,292.9313659667969,293.65251656215764,290.2390821482606,291.5852240575287,22830200
2021-08-24,290.97943115234375,293.89287816648005,290.3832847329818,293.287107016583,18175800
2021-08-25,290.3929443359375,292.87368958556954,288.8641085254896,292.59483645978145,20006100
2021-08-26,287.585205078125,290.7967251675743,287.4506055747187,289.4121138382239,17666100
2021-08-27,288.19097900390625,289.29673726337023,285.4121315880625,287.4890486022759,22605700
2021-08-30,291.91204833984375,292.5178193402861,289.4793689535972,289.53705863519326,16348100
2021-08-31,290.2678527832031,292.78706685723137,289.9024652133177,292.71015705794855,26285300
2021-09-01,290.21978759765625,293.4505570216653,289.89286956645867,291.2197911507648,18983800
2021-09-02,289.5658874511719,291.6908688555187,288.63319852540627,290.57551551059663,16285600
2021-09-03,289.5563659667969,290.96019740569926,288.7102113426839,289.4121123902904,14747900
2021-09-07,288.6333312988281,289.50833094869637,286.72951234837865,289.4314211233399,17180400
2021-09-08,288.6620788574219,289.04668654196234,286.0274854074498,288.248626330133,15046800
2021-09-09,285.81610107421875,290.51801838628677,285.5757174736517,289.2487859328045,19927000
2021-09-10,284.3352355957031,288.38331521441347,284.01794225939454,286.9410140892641,19633400
2021-09-13,285.5660095214844,287.05640501689754,282.7679417050382,286.1044662823442,23652900
2021-09-14,288.25830078125,289.79676112846977,286.6333058908585,288.0371373862397,21853400
2021-09-15,293.09478759765625,293.57555457579934,290.2101857287975,291.5947969733447,28356300
2021-09-16,293.4794616699219,293.5659962243114,289.1910274714622,292.07562999255686,19550800
2021-09-17,288.3351745605469,292.7870813462865,288.0082565459675,292.4697880609758,41372500
2021-09-20,282.9793395996094,287.2293312159242,278.3832099565327,284.93125172254685,38278700
2021-09-21,283.4602355957031,286.09485893371766,282.7583344959058,284.316015013533,22364100
2021-09-22,287.0948181152344,288.6717480113228,283.18139690958066,285.3160036325235,26626300
2021-09-23,288.037109375,289.32556135418525,286.085196618995,287.35442848279695,18604600
2021-09-24,287.835205078125,288.26787776636394,285.5082799167376,286.7582917069234,14999000
2021-09-27,282.8544921875,285.06600882591306,281.6717947097084,284.7487154919009,23571700
2021-09-28,272.6140441894531,279.5947887568724,271.87367374951066,278.65247509756944,43186200
2021-09-29,273.07562255859375,275.73906084869554,272.123713405147,274.1333156978042,26353700
2021-09-30,271.0755920410156,276.7582303525769,270.787114326483,274.71978361540346,32343600
2021-10-01,277.9794616699219,278.8256162130786,270.46988411493584,271.2679443559621,30086300
2021-10-04,272.2198791503906,276.6814110362589,269.4699059701531,276.3448682644361,31350700
2021-10-05,277.65252685546875,279.2294271274474,273.1236812465694,273.1236812465694,24993000
2021-10-06,281.8351745605469,282.3351909458261,274.52754072695535,274.78714430445336,28002600
2021-10-07,283.5083312988281,285.229485530052,282.6141116407885,283.82562463617745,20430500
2021-10-08,283.5083312988281,285.229485530052,282.46026266569163,284.82562830246127,17685700
2021-10-11,282.9121398925781,286.5082674148435,281.4890591068928,281.6525327868535,19298600
2021-10-12,281.61407470703125,284.0755993304145,281.10446287508915,283.9794400643769,17974100
2021-10-13,284.91217041015625,285.8448596726452,282.2006371715357,283.56602852194857,23416300
2021-10-14,291.1044616699219,291.6044488603404,286.37370077714104,287.70062258890977,27262900
2021-10-15,292.50830078125,292.7390889350849,288.9602373568644,290.71023658361656,25384800
2021-10-18,295.4697265625,296.35432121688916,291.0466652595065,291.89281968974484,22729300
2021-10-19,296.37353515625,297.4023538871209,295.40237675469547,296.48891450224085,17682100
2021-10-20,295.5851745605469,297.787095667317,294.3351627369978,297.3159240470741,16537100
2021-10-21,298.80633544921875,299.0563143524255,294.5755620879851,295.3544316768825,16918100
2021-10-22,297.2678527832031,299.1236063471209,295.96015129406624,298.4601455444869,17449300
2021-10-25,296.2774963378906,297.49863403751334,294.6717215370627,297.4601644586546,17554500
2021-10-26,298.18133544921875,300.38325682669654,296.7294388642933,299.03711491126865,28107300
2021-10-27,310.7389831542969,313.55627098080305,303.8447708537641,303.8447708537641,52588700
2021-10-28,311.87353515625,312.37352223466706,308.9985287602132,311.8542856977465,26297900
2021-10-29,318.8638916015625,319.2292792064878,311.44084815229064,311.6620115299265,34766000
2021-11-01,316.7004699707031,318.7389174914313,313.81586777864834,318.6139133681184,27073200
2021-11-02,320.3158874511719,320.6235854325772,317.30628075988244,317.6043540094643,26487100
2021-11-03,321.1523132324219,322.0176878484429,317.9311688926411,321.05615397648955,21500100
2021-11-04,323.4984436035156,323.594602855101,316.8350212145878,320.0850102498618,23992200
2021-11-05,323.1331787109375,325.7581776228481,321.5562778923636,325.48894922242357,22570100
2021-11-08,324.0273742675781,324.6619903091156,321.57547399482706,324.3254474977967,20897000
2021-11-09,323.0273742675781,325.69081300942594,321.6619830119795,324.1427279377186,21307400
2021-11-10,318.0753479003906,321.75803853905813,317.2292228620169,321.7003488624345,25500900
2021-11-11,319.6427917480469,320.93124399306816,317.79666260497214,318.5081884888974,16849800
2021-11-12,323.7677001953125,324.258091880674,320.9504128741325,321.07541697774906,23831000
2021-11-15,323.1427001953125,324.88307418193443,321.18116285112575,324.5561561818509,16723000
2021-11-16,326.450439453125,327.5658224885891,322.6043031971898,322.76774755560007,20886800
2021-11-17,326.671875,329.62919118101644,325.5929916837979,326.498489337903,19053400
2021-11-18,328.74298095703125,329.879689002484,324.74532101503996,325.76640921041985,22463500
2021-11-19,330.51544189453125,332.43241492443923,329.638871148073,330.06272241316236,21963400
2021-11-22,327.3558349609375,336.83466359463443,327.086114106962,331.9700164889101,31031100
2021-11-23,325.2847900390625,326.98983755172486,321.3160273770026,324.6779107140383,30427600
2021-11-24,325.50640869140625,325.74723199137054,321.6532358919778,323.93623607205905,21661300
2021-11-26,317.5784606933594,325.5256287318422,316.0757258160542,322.07705238453224,24217200
2021-11-29,324.27337646484375,326.585274135935,322.4527383080336,322.64540869619697,28563500
2021-11-30,318.455078125,325.38115820776426,316.9138032094252,323.0114652960252,42885600
2021-12-01,317.9638366699219,326.8261467091806,317.29919134448687,322.82848542960454,33337600
2021-12-02,317.3954162597656,321.2485884430419,315.76744866054173,318.1756812750894,30766000
2021-12-03,311.1533203125,320.48763300351385,306.3561099885442,319.8036737217345,41779300
2021-12-06,314.2165832519531,315.43034198292435,307.512071408828,312.05881608344686,30032600
2021-12-07,322.6261291503906,323.4738023613807,317.9830494801912,319.46652904482426,31021900
2021-12-08,322.67431640625,323.18486061373886,318.657370926668,323.0018325584716,24761000
2021-12-09,320.8729248046875,324.1384729979598,319.92888702095325,322.1348363640117,22214200
2021-12-10,329.9664306640625,330.4095372641144,322.5009090494943,322.68393709248,38095700
2021-12-13,326.9416809082031,331.1705518397965,326.6334200526802,328.17469493292174,28899400
2021-12-14,316.2876281738281,322.3563918673137,312.2128880966609,320.98850283752,44438700
2021-12-15,322.36602783203125,322.8862143337398,312.5886088133381,316.54772931653724,35381100
2021-12-16,312.973876953125,324.39854675005074,311.16288148400196,323.38707150321426,35034800
2021-12-17,311.914306640625,312.993219650069,305.6047483392989,309.101507137352,47750300
2021-12-20,308.1670837402344,310.95098537340476,305.9129815266249,308.30192948085835,28326500
2021-12-21,315.27618408203125,315.7000353671043,308.061099295699,311.42301196127266,24740600
2021-12-22,320.9692077636719,321.3641319851116,313.7926638611622,316.2490490104151,24831500
2021-12-23,322.4045104980469,324.04212022481056,320.516464601709,320.53571987710177,19617800
2021-12-27,329.8797912597656,329.9086888818995,323.1174537066625,323.1463513287964,19947000
2021-12-28,328.7237548828125,331.18978275080303,327.827899397402,330.5540058070814,15661500
2021-12-29,329.3980712890625,331.6617864461058,327.2113772440582,328.77190728660776,15042000
2021-12-30,326.8645935058594,330.53473754796454,326.3829469974742,329.35951889161,15994500
2021-12-31,323.9747619628906,326.9031519971822,323.52201300272316,326.0843763307589,18000800
2022-01-03,322.46240234375,325.5931052791262,317.67483390975656,323.04038414975616,28865100
2022-01-04,316.9330749511719,322.89586164300437,314.1491437576021,322.5394184991603,32674300
2022-01-05,304.76666259765625,314.1009746877151,304.3813512536725,313.89866197929246,40054300
2022-01-06,302.3584289550781,307.0015085378214,300.05614444176234,301.6552144415301,39646100
2022-01-07,302.5125732421875,304.88226603603744,298.7075537396608,302.61852137240913,32720000
2022-01-10,302.7341003417969,303.16759397911807,293.50576573261736,298.1295606763108,44289500
2022-01-11,303.4180908203125,304.9882339809429,298.5149321522782,301.8768158812795,29386800
2022-01-12,306.5872497558594,311.538589841844,305.44092874443083,307.93588346156525,34372200
2022-01-13,293.6117248535156,309.1014943499301,292.84110213316677,308.7065406516053,45366000
2022-01-14,298.81353759765625,299.4107746285059,292.6002852144012,293.0819317744249,39846400
2022-01-18,291.5406188964844,298.4281579274619,290.66401874383354,292.90850788347245,42333200
2022-01-19,292.1957092285156,302.3873676008085,291.58885921501854,295.0470782257124,45933900
2022-01-20,290.5292053222656,300.21028923440434,290.0860987267936,297.72500596711825,35380700
2022-01-21,285.1636962890625,292.9470927232566,284.7591001939449,291.5792327867731,57984400
2022-01-24,285.4912109375,286.2040385232011,265.9170853754429,281.47429461593225,85731500
2022-01-25,277.900390625,284.16179518047517,274.70228017866594,280.8191672649652,72848600
2022-01-26,285.8187255859375,297.1759609807795,282.27381356056463,296.68467202710303,90428900
2022-01-27,288.8337707519531,296.01992832954136,286.9938775868818,291.5502640782282,53481300
2022-01-28,296.9447326660156,297.1566583183815,283.64165765387617,289.2094904507192,49743700
2022-01-31,299.56488037109375,300.9134847485598,295.1240841669652,297.60939667442534,46444500
2022-02-01,297.4263000488281,299.22765291585466,293.92954241407597,299.015727319889,40950400
2022-02-02,301.9539489746094,303.5530195888829,297.5420780199568,298.26454808919823,36636000
2022-02-03,290.19207763671875,299.8057543934319,288.94942117258597,298.12960422865086,43730000
2022-02-04,294.7098693847656,297.4648733158477,288.95900886982764,289.1901897878569,35096500
2022-02-07,289.9030456542969,296.54011926462067,288.8915703465275,294.93143638637616,28533300
2022-02-08,293.3805236816406,294.343816714322,288.9397569117174,290.192026095255,32421200
2022-02-09,299.786376953125,300.4799490211271,296.1066203953312,298.4955679871646,31284700
2022-02-10,291.28057861328125,297.77316484125447,289.66225322547234,292.8796487217257,45386200
2022-02-11,284.21002197265625,293.12048369685596,283.4201145266006,292.06085534207085,39175600
2022-02-14,284.17144775390625,285.866852917156,280.65543402557785,282.9865867276755,36359500
2022-02-15,289.440673828125,289.7585476106749,286.11730093278925,288.9975672412042,27058300
2022-02-16,289.10284423828125,290.42527991431285,283.48487872602993,288.0120675250117,29982100
2022-02-17,280.6372985839844,286.49655572673316,279.93262997944396,286.0718280004565,32461600
2022-02-18,277.9344482421875,283.65858009488875,276.3706915634675,282.87670175552876,34264000
2022-02-22,277.73175048828125,281.4191455825817,274.6235321794877,275.106174591051,41736100
2022-02-23,270.5404968261719,281.5737300465695,270.37641482393013,280.1064775568646,37811200
2022-02-24,284.3633117675781,284.9135313013762,262.0941791874867,263.0498313930732,56989700
2022-02-25,286.9888000488281,287.29769823166265,281.5252849548205,284.89414868618945,32546700
2022-02-28,288.41748046875,288.7553360718081,282.8284727085798,284.0929935575526,34627500
2022-03-01,284.7107849121094,289.5565043668673,282.00796959435814,286.1104303022666,31217800
2022-03-02,289.7689514160156,291.00451522918104,283.5042602217041,285.10660764686014,31873000
2022-03-03,285.6471252441406,292.60682123875046,283.84201770674827,292.37516228556973,27314500
2022-03-04,279.7974853515625,285.3961558141852,277.20089590151974,284.07372012763096,32356500
2022-03-07,269.2275695800781,279.63333786848386,268.8607566666478,278.5136040383842,43157200
2022-03-08,266.2738952636719,274.10234312414246,260.6269716528933,268.1561834951562,48159500
2022-03-09,278.4847106933594,279.5465300399745,271.03270963096804,273.6003711570887,35204500
2022-03-10,275.6757507324219,276.6506980483507,270.83966326078166,273.1949611124185,30628000
2022-03-11,270.34735107421875,279.4596429563479,269.7295545935928,277.9634336750457,27209300
2022-03-14,266.8433532714844,275.4922975054639,266.2448813621328,270.6079583933382,30660700
2022-03-15,277.1815185546875,277.8282723185702,269.05383720748546,270.6175938370436,34245100
2022-03-16,284.1702880859375,284.34403232991673,273.3687457127895,279.07355459724573,37826300
2022-03-17,284.9714050292969,285.3478508163391,279.32448255840876,283.1084122705425,30816600
2022-03-18,290.00054931640625,290.55076880569743,282.56787290557435,285.11620984529543,43390600
2022-03-21,288.7746276855469,289.7206174710808,284.662504677972,288.5140113733799,28351200
2022-03-22,293.5045471191406,294.4119173522232,288.39818135350095,289.39242369934766,27599700
2022-03-23,289.0931396484375,292.70332488596847,287.3845961318238,290.0777490123799,25715400
2022-03-24,293.5431823730469,293.6397167673037,287.9638360996713,288.75537689115174,24484500
2022-03-25,293.1376647949219,294.89449010379474,288.9000800753359,294.6338738271322,22566500
2022-03-28,299.9140625,300.01056743386323,293.7651722801995,293.7651722801995,29578200
2022-03-29,304.4605407714844,304.8563111504665,298.3213129462688,303.01261329342486,30393400
2022-03-30,302.96435546875,304.9818271718414,300.763506705358,302.86785052906407,28163600
2022-03-31,297.60699462890625,304.19990720218783,297.20159145457893,303.0029338565664,33422100
2022-04-01,298.67840576171875,299.3637496525615,294.9330964008012,298.6301238516783,27110500
2022-04-04,304.03582763671875,304.17095222292346,298.95841894296694,299.3252319683475,24289600
2022-04-05,300.0877990722656,303.9392767129868,299.1128518165804,302.3948148545048,23156700
2022-04-06,289.10284423828125,296.3424814061848,286.4096909635366,294.59531799298344,40110400
2022-04-07,290.9078674316406,293.10871553655596,286.0621484743513,286.361384397438,31411200
2022-04-08,286.6606750488281,290.6666017314044,285.99462607140345,290.01021503016705,24361900
2022-04-11,275.3572692871094,282.4520920361288,275.10628570511585,281.66058054967533,34569300
2022-04-12,272.2682800292969,280.64694661427023,270.7527755355778,279.1990191393396,30966700
2022-04-13,277.63519287109375,278.56185797543264,271.53458622971164,272.91496579941685,21907200
2022-04-14,270.11566162109375,278.3012882088098,269.6233863517897,278.088924351685,28221600
2022-04-18,270.7817077636719,272.65436281401867,268.67739376545774,269.2276132247998,20778000
2022-04-19,275.39581298828125,276.2356357266572,268.74501431186735,269.6813419887161,22297700
2022-04-20,276.4189758300781,279.6430533893089,275.4633531849248,279.35345023812204,22906700
2022-04-21,271.0616455078125,283.1180442640561,270.33768184591173,278.5618984401678,29454600
2022-04-22,264.5169372558594,273.36860998258516,263.88950815868407,271.90135854016495,29405800
2022-04-25,270.9747619628906,271.35120773294403,261.37016600391445,263.80270265842034,35678900
2022-04-26,260.83929443359375,268.6966984296061,260.6269305710984,267.86656753140664,46518400
2022-04-27,273.3880310058594,280.8689900877158,269.4689760886624,272.30691647120665,63477700
2022-04-28,279.5755310058594,280.878671795448,271.6891386988606,275.289662762596,33646600
2022-04-29,267.8858947753906,279.81683323611406,266.9013146355611,278.59090237715037,37073900
2022-05-02,274.59466552734375,275.0483507224174,266.6310631057197,268.0693285407094,35151100
2022-05-03,271.99798583984375,274.26641131232816,270.42456669386183,274.10229991297473,25978600
2022-05-04,279.9133605957031,280.78211122173315,267.1233340856761,272.77989016075946,33599300
2022-05-05,267.7218017578125,276.4093667940325,264.8162844690875,275.62748829742554,43260400
2022-05-06,265.1927490234375,269.55582646003774,261.8528418348636,265.26995885904273,37780300
2022-05-09,255.3950653076172,262.90498063444784,254.17882636789196,260.6848371526901,47726000
2022-05-10,260.1443176269531,264.24677903665463,255.86811198044657,262.2582942158993,39336400
2022-05-11,251.50497436523438,261.93970200384274,250.298368214071,256.45689072291424,48975900
2022-05-12,246.48550415039062,250.8582435521003,241.3405338858611,248.74426727264887,51033800
2022-05-13,252.05516052246094,253.90852028725288,246.48547786985057,248.41604745652157,34925100
2022-05-16,252.4219970703125,256.5920348375694,246.9005663575993,250.9354501012321,32550900
2022-05-17,257.5572814941406,259.01484142054807,253.34862470791003,256.8719081186117,28828800
2022-05-18,245.83082580566406,255.0417455754485,244.56335973469547,254.46121977706724,31356000
2022-05-19,244.9213409423828,249.30427969315693,243.70225448849024,245.65666082139012,32692300
2022-05-20,244.3601531982422,250.1460116670098,238.4388554517078,248.888200942443,39199300
2022-05-23,252.18751525878906,253.0099243599592,245.2019245791374,247.19505531377055,33175400
2022-05-24,251.1909637451172,252.84543724359756,245.26966530696015,249.51715021234446,29043900
2022-05-25,253.99679565429688,255.98991161054977,248.78180725280606,249.75902519728396,28547900
2022-05-26,257.26708984375,258.4377968295687,252.94221495828464,253.75493935952196,25002100
2022-05-27,264.36871337890625,264.4654725864212,258.8731329025277,259.7632762741946,26910800
2022-05-31,263.043212890625,265.8490529082615,260.1986632824182,263.6817882645863,37827700
2022-06-01,263.57537841796875,268.674267192914,261.27264493032675,266.26511923779674,25292200
2022-06-02,265.6652526855469,265.73298709587516,253.10669066458044,255.86416618600398,44008200
2022-06-03,261.2532958984375,264.5719571114333,259.6955816677973,261.5338887851949,28059000
2022-06-06,260.0245666503906,265.27826522689224,258.5442419264379,263.2270994161104,22400300
2022-06-07,263.6528015136719,264.26235216439045,257.30578597515415,257.9830710374571,22860700
2022-06-08,261.6306457519531,264.13655309709793,260.85660150666956,262.88842705123176,17372300
2022-06-09,256.193115234375,263.8559613723618,256.0383063846379,259.08602995149107,26439700
2022-06-10,244.77622985839844,252.11978854806873,244.33115809000796,252.11978854806873,31422800
2022-06-13,234.3945770263672,240.9351106086177,233.68828195632932,237.1520524259518,46135800
2022-06-14,236.5521697998047,237.76158615878145,233.66891057036807,235.94261923059773,28651500
2022-06-15,243.5861358642578,247.01121141715927,238.41951248541616,240.24814951336052,33111700
2022-06-16,237.01661682128906,239.38707028498348,235.12992997318065,237.99382006995404,33169200
2022-06-17,239.60960388183594,242.36707955457766,236.10713823491153,236.7553837419542,43084800
2022-06-21,245.50186157226562,246.4790647181553,241.40918580520898,242.13483565226932,29928300
2022-06-22,244.91163635253906,248.82047799331224,242.24123578757585,243.71189010136848,25939900
2022-06-23,250.4556121826172,250.94906352812058,245.39543280330932,247.27244944007643,25861400
2022-06-24,259.0085754394531,259.2794834769708,253.22271792711476,253.309792347021,33923200
2022-06-27,256.2898254394531,259.58908692020407,254.7320819865546,259.5020124951496,24615100
2022-06-28,248.15292358398438,258.2442876848407,247.99811473013298,255.40942252018837,27295500
2022-06-29,251.81019592285156,253.46466940003842,247.45628183135534,249.22686932972684,20069800
2022-06-30,248.49154663085938,251.1038981642681,244.6891481209095,248.70440512266876,31730900
2022-07-01,251.15228271484375,251.33611640522454,246.34365576375197,248.06587863167437,22837700
2022-07-05,254.3161163330078,254.44190037764724,246.46942121872016,247.84331663869565,22941000
2022-07-06,257.56707763671875,259.289286037968,253.88077746591685,255.186953560111,23824400
2022-07-07,259.6859436035156,260.3245191537176,256.41567617677276,256.51243541651996,20859900
2022-07-08,258.9699401855469,259.3956571562315,254.74182482043682,256.19312462228805,19658800
2022-07-11,255.9221954345703,257.87660171050175,253.66782672632655,257.0251678392389,19455200
2022-07-12,245.4341583251953,257.3057954639804,243.8570743997537,257.24774583098747,35868500
2022-07-13,244.51499938964844,245.31805374321544,240.05467060292142,242.06714149558593,29497400
2022-07-14,245.83082580566406,246.85640858787121,237.95510651412596,242.43478974627138,25102800
2022-07-15,248.38511657714844,251.91660674220472,246.49842984837338,247.41758340717305,29774100
2022-07-18,245.99533081054688,252.37137143662238,245.0761771682584,251.31676372876913,20975000
2022-07-19,251.10391235351562,251.28774603986494,245.44383672914083,249.2172106364665,25012600
2022-07-20,253.75489807128906,256.2704900620598,250.5040009952903,251.46184932540294,22788300
2022-07-21,256.2414855957031,256.2898799710948,248.68505377050542,251.35545481408533,22404700
2022-07-22,251.9069366455078,256.71557796165024,250.65884004276222,256.6285035144892,21881300
2022-07-25,250.4266357421875,253.00996269339953,248.47222906918483,252.52619603432996,21056000
2022-07-26,243.7215576171875,251.44248161288002,241.46721871135543,251.42311205568572,39348000
2022-07-27,260.0148010253906,261.2822668545158,250.44591530173275,252.68091410129014,45994000
2022-07-28,267.43585205078125,268.81941742326114,259.17311035737987,260.99207747518795,33459300
2022-07-29,271.6252136230469,272.84431469044125,267.6486670392354,268.68393446863337,32152800
2022-08-01,268.9839172363281,272.14774020428075,266.8843571782586,268.8000835642348,21539600
2022-08-02,265.8974914550781,268.8678255810628,263.53670799309106,267.0391735890701,22754200
2022-08-03,273.2991027832031,274.29566079302055,267.6293429063653,267.7744965070368,23518900
2022-08-04,274.44073486328125,274.58585891074097,271.0737388551581,272.6507928732396,18098700
2022-08-05,273.72479248046875,274.4407575248996,269.63211684357026,270.08685858100347,16774600
2022-08-08,271.21881103515625,276.6370008093469,270.251278201435,274.8276896078108,18739200
2022-08-09,273.1346130371094,273.8892877589125,268.5968799256363,270.5610006852255,23405200
2022-08-10,279.7719421386719,280.4008328998237,277.6240169581476,278.8140935874834,24687800
2022-08-11,277.7013244628906,281.7552902911237,277.20790268722305,281.4069925671231,20065900
2022-08-12,282.4326477050781,282.4326477050781,277.6240060475437,279.11401558943726,22619700
2022-08-15,283.9419860839844,284.62892642888846,280.6910589868737,281.55217775836655,18085700
2022-08-16,283.2066345214844,284.49347021164397,280.9910047541906,282.51000943686375,18102900
2022-08-17,282.4600524902344,284.42831264174936,280.6663108728771,280.9280886741136,18253400
2022-08-18,281.34503173828125,283.0321034033775,280.2881560238518,281.36441282325103,17186200
2022-08-19,277.44720458984375,280.452929021007,276.87515203643636,280.11356778710484,20570000
2022-08-22,269.30279541015625,273.86954199957296,268.7889154719794,273.5010941968334,25061100
2022-08-23,268.0325622558594,270.3789456095567,267.0241837556368,268.0325622558594,17527400
2022-08-24,267.40240478515625,268.7986124206689,266.7430631426748,267.03395699391723,18137000
2022-08-25,270.3692932128906,270.5341064037505,266.170965672793,268.89550229541334,16583400
2022-08-26,259.93658447265625,271.81402564273543,259.8299441018192,270.5923365109039,27549300
2022-08-29,257.1634826660156,259.26746916598336,255.82544832955261,257.7646216660064,20338500
2022-08-30,254.97225952148438,258.92816091829354,252.73251622654692,258.559742764077,22767100
2022-08-31,253.51788330078125,258.9863379304906,253.3821269343252,257.31867689878567,24791800
2022-09-01,252.4803924560547,252.9555101006961,247.64216387595837,250.9969258611679,23263400
2022-09-02,248.27239990234375,256.68840643713196,246.7307604021961,253.7408837951921,22855400
2022-09-06,245.54786682128906,249.98856152174304,244.27771043015858,248.408159830305,21328200
2022-09-07,250.2406463623047,250.95813110475615,245.51876351834204,246.953747797965,24126700
2022-09-08,250.6575469970703,252.50946117409913,247.04099269137964,249.67828453539664,20319900
2022-09-09,256.4169006347656,257.16350136081496,252.37374050442193,252.57734543450854,22084700
2022-09-12,258.5403747558594,259.31606213090066,257.09569955467623,257.69683877692836,18747700
2022-09-13,244.3262176513672,252.48043254990552,243.93837399962155,250.96787929490384,33353300
2022-09-14,244.54917907714844,246.4980431807775,242.26095368229554,245.81933539304998,23913000
2022-09-15,237.9171905517578,243.75409186720634,236.5985520403679,242.17367559750508,31530900
2022-09-16,237.29669189453125,237.83965816543386,234.69819143342704,236.8312795525679,39791800
2022-09-19,237.08340454101562,237.6845437141437,233.5250222191205,235.09574833973136,26826900
2022-09-20,235.0763397216797,236.10409946317117,232.35180291402574,234.7079067620096,26660300
2022-09-21,231.68276977539062,240.12787756364517,231.634287475008,236.84097880590735,28625600
2022-09-22,233.65101623535156,236.44343087375472,230.34473658595115,230.63560078185145,31061200
2022-09-23,230.6841278076172,233.79650845970187,228.04685009215586,232.2548539489129,34176000
2022-09-26,230.2283935546875,234.106740937524,229.69511783060327,229.84056473429231,27694200
2022-09-27,229.2200469970703,234.44611989699393,227.3681324316485,232.68146460352042,27018700
2022-09-28,233.73831176757812,234.95998588678188,227.5911198226186,229.60786226959718,29029700
2022-09-29,230.27687072753906,232.652355487679,227.28085099175377,231.6245958212714,27484200
2022-09-30,225.8167724609375,233.224415436406,225.65194447106404,231.0428450141116,35694800
2022-10-03,233.41835021972656,234.26188606885609,227.52326022905194,228.25045038719026,28880400
2022-10-04,241.31077575683594,242.74576012730563,237.529378230904,237.63603337433412,34888400
2022-10-05,241.6210479736328,242.95908260476142,236.67616375353109,238.50868236825332,20347100
2022-10-06,239.2843475341797,242.72638403117548,238.59594911161383,240.38967602221575,20239900
2022-10-07,227.11605834960938,233.9807359079613,226.07859318489452,233.57349635910583,37769600
2022-10-10,222.2777862548828,227.4262900818972,219.83442324055144,225.962219258619,29743600
2022-10-11,218.55458068847656,222.0935668585732,217.29411479408543,220.69735939369207,30474000
2022-10-12,218.88421630859375,220.9300450129457,217.14866247633316,218.54485501658382,21903900
2022-10-13,227.11605834960938,228.91949071489438,212.4655985656021,213.16370237117846,42551800
2022-10-14,221.60874938964844,230.02477023152485,221.39543911705044,228.37646088968236,30198600
2022-10-17,230.30593872070312,231.6924554615013,227.98862698827506,228.64795366917255,28142300
2022-10-18,231.24647521972656,236.51132497546385,228.2116634940623,235.84232244327512,26329600
2022-10-19,229.28787231445312,232.32268360031256,227.16447494797129,229.83083853160068,19985700
2022-10-20,228.96792602539062,233.97099766347205,227.72685605551754,228.59949308712024,21811000
2022-10-21,234.75637817382812,235.60961938988035,227.3681306457899,227.60083683054654,26299700
2022-10-24,239.73031616210938,240.30236877532275,233.96127814566577,236.3464531882622,24911200
2022-10-25,243.03663635253906,243.40506928448784,238.35353022692632,239.74003228091627,34775500
2022-10-26,224.2848358154297,231.05254784281726,223.06314692358666,224.139388912023,82543200
2022-10-27,219.85379028320312,226.58272453377796,218.91328997470956,224.01331083114488,40424600
2022-10-28,228.6964569091797,229.40426599695735,219.1751212635659,219.35934514135127,40647700
2022-10-31,225.07015991210938,227.77530022940974,224.11995431710304,226.6505761341279,28357300
2022-11-01,221.23062133789062,228.57040061346953,220.41617196573657,227.4650722384831,30592300
2022-11-02,213.4060821533203,224.26545245124476,213.34789451187777,222.48141610977814,38407000
2022-11-03,207.73399353027344,213.70665239090863,207.4722009244926,213.3963774811355,36633900
2022-11-04,214.65684509277344,214.8507595155396,206.93892679101333,210.93363491466297,36789100
2022-11-07,220.93978881835938,221.46337409255833,214.55021392738465,215.23862721909845,33498000
2022-11-08,221.9093475341797,224.6047979139628,218.97150043107274,221.7445195376861,28192500
2022-11-09,217.6819305419922,221.6766382807976,217.5074120167321,220.45494942509427,27852900
2022-11-10,235.59022521972656,235.92958655895382,227.8529257557349,228.2698410290553,46268000
2022-11-11,239.59461975097656,240.4478609583566,234.5721519094285,235.59992645228266,34620200
2022-11-14,234.20370483398438,236.491930374749,231.9348751725974,234.63032541196574,31123300
2022-11-15,234.61094665527344,239.4879676468522,232.72994567583086,238.18872473342853,31390100
2022-11-16,235.03872680664062,237.05143476413045,233.76499097023776,236.06938283193108,24093300
2022-11-17,234.99009704589844,236.51664531080124,231.05221615651442,231.19805810189396,23123500
2022-11-18,234.54281616210938,236.99306446578447,232.41343494409273,236.76942038897235,27613500
2022-11-21,235.34986877441406,237.8973403680741,234.5136736567099,234.74702077282302,26394700
2022-11-22,238.2473907470703,238.51963895713513,234.04697919434565,236.8472486173572,19665700
2022-11-23,240.72683715820312,241.40745776618633,237.5084623404124,238.32520706999225,19508500
2022-11-25,240.63929748535156,241.81579547416155,239.900325357093,240.46427230471662,9200800
2022-11-28,235.06793212890625,239.82257338781716,234.13451381597585,239.26835904634282,24778200
2022-11-29,233.67750549316406,236.069402727706,231.61619326885713,234.71787945747192,17956300
2022-11-30,248.0775604248047,248.26230347666475,233.2205218203915,233.910875092645,47594200
2022-12-01,247.64002990722656,249.0304395252054,243.97438162172944,246.8427208792038,26041500
2022-12-02,247.9608612060547,248.9720667058495,242.778397783122,242.90480403425175,21528500
2022-12-05,243.2742919921875,246.79409803519974,241.19352923147437,245.0341875954859,23435300
2022-12-06,238.33489990234375,244.8883372658951,237.03199561292425,243.87713173110765,22463700
2022-12-07,237.60568237304688,239.3461423733255,235.50548378588942,238.0529558163032,20481500
2022-12-08,240.55178833007812,241.85470746474556,236.33192613856002,238.06265330165112,22611800
2022-12-09,238.62661743164062,241.4366198107319,237.40150036949424,237.9265463000095,20609700
2022-12-12,245.52032470703125,245.5494930971703,240.32814355248385,240.600391751391,30665100
2022-12-13,249.80828857421875,256.61452370043395,246.0648533202343,254.44624097086364,42196900
2022-12-14,250.0999755859375,255.32132556389985,247.27052281634482,250.01247040825905,35410900
2022-12-15,242.11721801757812,247.16355744305537,240.49344660406408,246.69684834391964,35560400
2022-12-16,237.91676330566406,242.92420074352543,236.76941905102825,241.6699156306866,86102000
2022-12-19,233.79417419433594,238.42242358687312,232.1023480969562,238.08210589515767,29696400
2022-12-20,235.10684204101562,236.1861172059026,231.82039760738525,232.773266498235,25150800
2022-12-21,237.66400146484375,238.82106381583225,233.4635897668888,234.99985605475112,23690600
2022-12-22,231.5967559814453,235.2915726004728,227.39632912956154,234.5817687693653,28651700
2022-12-23,232.12181091308594,232.2579350383886,227.46440742070018,229.5743387811001,21207000
2022-12-27,230.4008026123047,232.31625810648032,229.30207698528272,232.09262880735398,16688600
2022-12-28,228.0380401611328,233.08437961165026,227.6880046259404,230.33271426152407,17457100
2022-12-29,234.3386688232422,235.2234829457409,229.12703678909463,229.12703678909463,19770700
2022-12-30,233.18162536621094,233.3177494769252,230.1090927684712,231.6161906747891,21938500
2023-01-03,232.94827270507812,238.94748134129327,230.82860879757206,236.3513904454424,25740000
2023-01-04,222.75840759277344,226.42404149480112,219.70532489855333,225.85037653970417,50623400
2023-01-05,216.1562957763672,221.25125412142148,215.62151720752513,220.91093644040888,39585600
2023-01-06,218.70375061035156,219.51077732700102,213.27822252851433,216.82718167517942,43613600
2023-01-09,220.83316040039062,224.8391261091335,220.14282198786435,220.18170823285104,27369800
2023-01-10,222.5153045654297,224.90720202339816,221.03737489705813,221.45546512498274,27033900
2023-01-11,229.2437286376953,229.41873899259986,224.71271707723938,224.88772743214392,28669300
2023-01-12,231.90785217285156,233.25937529724501,227.09487499383394,228.74781470305837,27269500
2023-01-13,232.60794067382812,232.74406478160432,228.41724688827324,230.43967280124468,21333300
2023-01-17,233.6969451904297,234.24144161412062,230.52717483814848,231.38282055332843,29831300
2023-01-18,229.28262329101562,235.67076853478866,229.0006572078567,234.88319223600368,30028700
2023-01-19,225.510009765625,229.00064735365646,224.29461063179636,227.3088064182575,28623000
2023-01-20,233.570556640625,234.07616685941196,228.0186065956563,228.35892430446629,35389800
2023-01-23,235.865234375,238.3835379806386,233.01633090813738,234.42620586269453,31934000
2023-01-24,235.34014892578125,237.19728228703622,233.78444699997308,235.78742231675506,40234400
2023-01-25,233.94973754882812,236.56527872989417,224.50851101400366,227.98941574229838,66526600
2023-01-26,241.1352081298828,241.43662476621853,235.30129180415983,236.90561285916706,33454500
2023-01-27,241.290771484375,242.91454300523202,239.9975849790759,242.0977983186481,26498900
2023-01-30,235.9916534423828,238.80165597851493,235.4957610418544,237.74181653285473,25867400
2023-01-31,240.95042419433594,241.0865482920522,236.22495217873632,236.71111179006792,26541100
2023-02-01,245.75372314453125,248.1164521150048,238.67523924937854,241.13520609235906,31259900
2023-02-02,257.27569580078125,257.3632009780913,250.12914292548695,251.6556913662783,39940400
2023-02-03,251.19866943359375,256.8867426469256,249.98327044240432,252.35573164703223,29077300
2023-02-06,249.66241455078125,251.1500618843591,247.72750865015405,250.31388153410032,22518000
2023-02-07,260.15380859375,261.3303069054437,252.8808478964387,253.31840354990376,50841400
2023-02-08,259.34674072265625,269.0991022332483,258.84111568990085,265.63764785701306,54686000
2023-02-09,256.3229064941406,266.3961536987887,255.52559724376755,266.2211136069409,42375100
2023-02-10,255.81723022460938,256.7798168982394,253.4447686061317,254.29068170390744,25818500
2023-02-13,263.8097229003906,266.9989295409681,259.7551376978075,260.2315944105398,44630900
2023-02-14,264.6361389160156,267.35862090148964,261.82612208741193,265.12229853290944,37047900
2023-02-15,262.52093505859375,263.89534271397224,259.4601911138888,261.54618038787015,28922400
2023-02-16,255.53199768066406,260.00611921747884,255.28830894937462,257.35478463116345,29603600
2023-02-17,251.54518127441406,253.52393201360653,249.53718908576167,252.84162161049076,30000100
2023-02-21,246.29127502441406,249.04009049318063,245.2385381346892,248.05557870006874,28397400
2023-02-22,245.1605682373047,247.9191260368641,244.02010693477206,247.67543734298337,22491100
2023-02-23,248.3382568359375,250.35599131241563,244.15655088158258,249.1083064975943,29219100
2023-02-24,242.9283905029297,244.6634528431663,241.83666989520626,243.64971440364852,24990900
2023-02-27,243.84463500976562,246.4374860355747,243.09406973943646,246.08657375483682,21190000
2023-02-28,243.123291015625,245.14104018082875,242.45070796055708,242.78213582911255,22491000
2023-03-01,240.05282592773438,244.59517118131993,239.58493299824488,244.42946467971646,27565300
2023-03-02,244.7706756591797,245.05334800361368,239.4095243197137,240.32579620114032,24808200
2023-03-03,248.84512329101562,249.16679413004076,245.04358587267618,245.82339261513917,30760100
2023-03-06,250.38522338867188,253.55317601638902,249.51769234094775,249.9563289608396,24109800
2023-03-07,247.73387145996094,251.1845110149319,246.9930633309493,249.82958786516494,21473200
2023-03-08,247.29527282714844,248.11406323334165,244.47823224326854,247.62668586676327,17340200
2023-03-09,245.9501190185547,253.0073336989174,245.22879516854297,249.36176055143883,26653400
2023-03-10,242.31427001953125,246.40823683070676,241.3492723748031,244.74141460422547,28333900
2023-03-13,247.50970458984375,251.3989810865607,239.5264614444424,241.15429996225072,33339700
2023-03-14,254.206298828125,254.47922896742975,249.40075019061067,250.26828132059583,33620300
2023-03-15,258.73895263671875,259.75270609954026,252.66621867540252,253.41679901443572,46028000
2023-03-16,269.2272644042969,269.57816182335324,256.6334203873444,258.514689849532,54768800
2023-03-17,272.37567138671875,276.1772083863334,269.3441988521381,271.23522516040924,69527400
2023-03-20,265.3575134277344,270.47497619551706,263.03759221346127,269.98759878906156,43466600
2023-03-21,266.8683776855469,268.0575797747977,262.7159125670362,267.94061395407743,34558700
2023-03-22,265.41595458984375,273.9450578612845,265.3087161087697,266.4979179833595,34873300
2023-03-23,270.650390625,273.9645506194871,268.25250241830935,270.92332074814243,36610900
2023-03-24,273.4869689941406,273.5454519039974,268.33050762928787,270.24101876130743,28172000
2023-03-27,269.4027099609375,274.35445077052975,268.56440544663616,273.41869458351096,26840200
2023-03-28,268.2817077636719,269.16873798129603,265.18196566074795,268.82756793649463,21878600
2023-03-29,273.4284973144531,274.0425976403278,271.38150614392333,271.9176094220145,25087000
2023-03-30,276.8790283203125,277.2786812703255,274.3739316415299,277.0545067536676,25053400
2023-03-31,281.02178955078125,281.96730287180225,275.8556011455048,276.5671828397676,32766000
2023-04-03,279.9788513183594,280.9925749626686,276.78165654264745,279.2867539444378,24883300
2023-04-04,279.9300537109375,283.1175206876223,278.4581943099055,279.9788092952923,25824300
2023-04-05,277.1617126464844,279.90077062602654,275.7775778065867,278.63360157573726,22064800
2023-04-06,284.2384948730469,284.70635812116194,274.91008465074276,276.06028813189846,29770300
2023-04-10,282.084228515625,282.28891863830444,277.5223546944505,281.90875009189506,23103000
2023-04-11,275.68988037109375,278.76038171504166,274.52994955434735,278.53617740745267,27276600
2023-04-12,276.3332824707031,279.76443907213064,274.8419085265659,277.60048180542543,27403400
2023-04-13,282.52288818359375,282.58137108364906,276.02129123451107,276.4306715348985,24222700
2023-04-14,278.9162902832031,281.19721243469814,276.52812965920475,279.7545649448243,20987900
2023-04-17,281.5091552734375,284.23848637686285,278.93581824426053,282.6106328823751,23836200
2023-04-18,281.09002685546875,284.3944597878288,279.7643746535523,284.2092540026853,20161800
2023-04-19,281.1680603027344,281.75288943980496,277.3567651079787,278.77014185211067,17150300
2023-04-20,278.8870544433594,281.7333512714664,277.88305828682746,278.048779675469,23244400
2023-04-21,278.5459289550781,279.0430336532182,275.9140792116014,277.81486288712955,21676400
2023-04-24,274.6565856933594,277.75632784748706,271.6835961405842,274.9685142964532,26611000
2023-04-25,268.4669494628906,274.49092630001803,268.41819388016194,272.45369257019934,45772200
2023-04-26,287.913330078125,292.00731227294943,285.33999278918486,289.20977066358734,64599200
2023-04-27,297.13446044921875,297.4951446738083,287.79632356423065,288.4981481341887,46462600
2023-04-28,299.50311279296875,301.1309363430766,295.65282016140077,296.33516029137365,36469600
2023-05-01,297.8460693359375,300.8093322076719,297.4464163049507,299.2204771506516,21294100
2023-05-02,297.6998291015625,301.3746435203023,296.237697087883,299.9905085390908,26404400
2023-05-03,296.71533203125,300.819041090019,296.4131604465873,298.8792887083803,22360800
2023-05-04,297.6998291015625,299.9905085390908,295.74056268414336,298.5088623937183,22519900
2023-05-05,302.8075256347656,304.0942089102195,296.58858621722317,298.00199235653776,28197100
2023-05-08,300.8580322265625,302.36891985995953,298.3626625741606,302.30067989163814,21318600
2023-05-09,299.2497253417969,302.21298828024834,298.5771421461096,300.2244801474705,21340800
2023-05-10,304.4256286621094,305.09821176430125,299.9027824610233,300.8287815493971,30078000
2023-05-11,302.2810974121094,303.2656089556637,298.52831646309323,302.27137009537194,31680200
2023-05-12,301.1699523925781,302.8075331032812,298.8597885779878,302.71005168658775,19774700
2023-05-15,301.64752197265625,302.07641633631226,299.8247358006917,301.29662462810876,16336500
2023-05-16,303.8700256347656,305.790293615096,302.0082405576207,302.0082405576207,26730300
2023-05-17,306.7420349121094,307.1620885056331,303.55737876771076,305.0715691203483,24315000
2023-05-18,311.15753173828125,311.66553123401303,306.46849366987317,307.2597684712648,27276000
2023-05-19,310.9817810058594,311.38230770853096,309.05731504102437,309.4187579694345,27546700
2023-05-22,313.756103515625,315.1335157612651,310.65939292099665,311.2357518358931,24115700
2023-05-23,307.9729309082031,315.26048835857114,307.9631525133489,312.63266399021563,30797200
2023-05-24,306.5954895019531,309.1842298558464,305.38413133071174,307.45515342600294,23384900
2023-05-25,318.3865661621094,319.3438949651791,312.6033903237595,315.7684901108892,43301700
2023-05-26,325.1954345703125,325.69362591247574,316.3936865085404,316.53043497879963,36630600
2023-05-30,323.5542907714844,327.9795816142876,322.8802372817965,327.4813902004807,29503100
2023-05-31,320.7994384765625,328.1749119576372,319.7639124360726,324.60928590262876,45950600
2023-06-01,324.8926086425781,325.82066191290807,317.2143019258067,318.3963251868189,26773900
2023-06-02,327.64739990234375,329.6988654721622,324.8632701870316,326.5239875083562,25873800
2023-06-05,328.1749572753906,330.734392827561,326.924544875392,327.47159843712996,21307100
2023-06-06,325.96722412109375,327.61816339427435,324.4921469370549,327.57907961755546,20396200
2023-06-07,315.9052734375,326.75845825838536,315.045609330463,323.9841067025186,40717100
2023-06-08,317.74176025390625,319.0898668992322,315.87590553008897,316.4522643486225,23277700
2023-06-09,319.2364196777344,322.3624353785323,316.9114274266321,317.47800789711727,22529000
2023-06-12,324.1794128417969,324.4236341819199,317.6440473951295,320.98497863319494,24260300
2023-06-13,326.5631103515625,329.1909351194717,322.7532623015664,326.7389426125968,22951300
2023-06-14,329.5425720214844,331.20328940233077,325.11728161658255,326.61191533447175,26003800
2023-06-15,340.0538635253906,341.75363483053593,329.40581706772855,329.6793438273172,38899100
2023-06-16,334.417236328125,343.3459850753044,334.04604484014123,343.1994581968657,46552000
2023-06-20,330.2361755371094,334.1730234363889,328.0967936208768,331.4670609717045,26375400
2023-06-21,325.8499450683594,329.923570971666,324.3943951235906,328.59499110748806,25117800
2023-06-22,331.8577880859375,332.2583147464339,325.6350317853251,326.3970013361719,23556800
2023-06-23,327.2761535644531,330.1481991797799,325.7424660612822,326.6314055883412,23146900
2023-06-26,321.0046081542969,328.340998601614,320.8971352379601,326.00625756335666,21520600
2023-06-27,326.8365783691406,328.38004429209786,321.68837287006505,324.18919728458985,24354100
2023-06-28,328.08709716796875,330.16786866195577,326.09424181725313,326.92460069773364,20259500
2023-06-29,327.3055725097656,328.341069063757,324.9317471913998,326.9734349181258,16997000
2023-06-30,332.66864013671875,334.8080220472076,329.4058457163647,329.94312088694005,26832800
2023-07-03,330.1775207519531,333.02026113567905,328.79036003615676,331.34979527734635,12508700
2023-07-05,330.3338623046875,333.7529619318794,326.99293022093957,327.3445947298887,18172400
2023-07-06,333.38177490234375,335.06201951292167,327.7451550984621,329.50353744833353,28161200
2023-07-07,329.4254150390625,333.88979008817773,329.21049898077155,331.47688108416946,21214800
2023-07-10,324.15997314453125,327.48140841968,320.0179872598145,326.8659656503179,32791400
2023-07-11,324.78509521484375,325.16606502447587,319.4415308007057,323.40768320181985,26698200
2023-07-12,329.4058532714844,333.75297652887264,327.91121941871575,328.8197159187511,29995300
2023-07-13,334.7395935058594,335.79461674267833,331.1837159282275,331.711242452727,20567200
2023-07-14,337.2599792480469,343.3069035731136,336.35148278353853,339.55566639937143,28352700
2023-07-17,337.73870849609375,338.9695642229461,334.29030311956524,337.689846323102,20363900
2023-07-18,351.18060302734375,358.30210756551196,334.2609666964125,337.8363418414127,64738600
2023-07-19,346.8725280761719,354.0819486228708,344.293565577068,353.388368189592,39732900
2023-07-20,338.852294921875,349.6957307761419,337.3869665581141,345.3974402048797,33778400
2023-07-21,335.82391357421875,342.20297462021114,331.9749823654145,341.07956227112305,69405400
2023-07-24,337.1330261230469,338.9012167538276,334.3977579540035,337.8559418487268,26678100
2023-07-25,342.8673095703125,343.7562790203098,337.09391224924093,339.0867373558683,41637700
2023-07-26,329.96258544921875,336.7031188576935,325.4102957060048,333.54776814346803,58383700
2023-07-27,323.0755615234375,333.44030197626535,321.44414968283064,332.6099731824386,39635300
2023-07-28,330.5487976074219,332.15090440744063,325.4690100380954,325.95745287046435,28484900
2023-07-31,328.1553649902344,329.89421985375384,325.654510875741,329.1322504149572,25446000
2023-08-01,328.5657043457031,330.7148646247149,325.98674182307207,327.44229185029457,18311900
2023-08-02,319.92999267578125,325.9183054002414,318.81632892578153,325.9183054002414,27761300
2023-08-03,319.10943603515625,322.25500868577666,318.415855644904,318.46468799733185,18253700
2023-08-04,320.20355224609375,327.393445572908,319.67602568873457,324.20878906184083,23741500
2023-08-07,322.47967529296875,323.45656084506595,319.94954529049863,320.77990397221754,17741500
2023-08-08,318.5135192871094,321.151122177393,315.5340303066097,319.4024887084689,22327600
2023-08-09,314.7818603515625,319.5490370786911,313.629112676302,318.92384579160165,22373300
2023-08-10,315.4656677246094,320.6724848006537,313.75611788086866,318.48424072838094,20113700
2023-08-11,313.59002685546875,314.9576606059445,311.83161505156005,312.8573627235517,24355500
2023-08-14,316.54998779296875,316.5695147707091,312.68149972344554,313.9612471638397,18836100
2023-08-15,314.42041015625,317.57576163003193,313.4826082523493,315.53407413953244,16966300
2023-08-16,313.6568603515625,317.5922746110622,313.06948196765,314.0484359824023,20698900
2023-08-17,310.2109069824219,315.09587723168505,309.5549947446499,313.7938817302348,21257200
2023-08-18,309.8193054199219,311.679311641093,304.9930405423695,307.8711670676138,24755000
2023-08-21,315.1056823730469,315.9769357985516,310.3675491383052,311.23880256380994,24040000
2023-08-22,315.6734619140625,319.2172702035748,314.69450802744353,318.6494900944686,16084600
2023-08-23,320.1178894042969,322.2715996929162,316.6523846218089,317.00482352144604,21166400
2023-08-24,313.2358093261719,325.9720062281622,313.2260102293042,325.8447374700637,23281400
2023-08-25,316.18255615234375,318.5124414479657,312.0905059538923,314.70432613416926,21684100
2023-08-28,316.8873291015625,319.2857477751521,314.94898999316615,318.8060700154935,14808500
2023-08-29,321.49822998046875,322.0562408320529,315.1056626837717,315.1056626837717,19284600
2023-08-30,321.8702697753906,322.86879202505213,319.57952117301215,321.7528000842896,15222100
2023-08-31,320.8619079589844,323.9456064626788,319.9025224771531,322.27160382501023,26411000
2023-09-01,321.7430114746094,325.0029150101556,319.9025732532159,324.3372334886783,14942000
2023-09-05,326.5300598144531,327.80271780347465,321.7429908017799,322.0758315411327,18553900
2023-09-06,325.8741760253906,327.4209100280818,323.23098856949474,326.3636529709045,17535800
2023-09-07,322.96673583984375,326.0700034637313,322.1052514914753,324.3176972156663,18381000
2023-09-08,327.23486328125,329.08510023164433,322.52609807587226,323.1428437260037,19530100
2023-09-11,330.82769775390625,331.2976064014658,328.37051379787096,330.14241804396147,16583300
2023-09-12,324.7875061035156,329.7018735211136,324.50363099894156,328.75228709732,17565500
2023-09-13,328.9872131347656,329.76059500536803,324.2001445661415,324.3371825636095,16544400
2023-09-14,331.5716857910156,333.68619984765456,329.48650927999284,332.01219710477335,20267000
2023-09-15,323.27008056640625,330.29896071353795,322.7120698070868,329.8290820743594,37679800
2023-09-18,322.1345520019531,323.4463465779978,319.4913646526402,320.90106058890035,16834200
2023-09-19,321.7331237792969,322.4575698240528,317.6802710436974,319.30533775178856,16505900
2023-09-20,314.0190124511719,322.65339248865484,313.76450476801705,322.5750893265996,21436500
2023-09-21,312.80511474609375,318.50263318201627,308.37045511046944,312.54080796824985,35560400
2023-09-22,310.3381652832031,314.68472270748657,309.49624944861836,314.5574539286877,21447900
2023-09-25,310.8570251464844,310.98429393163934,308.3704739123921,309.92700700519936,17836000
2023-09-26,305.5706787109375,309.23195666524725,303.49527138826676,308.4977412546043,26297600
2023-09-27,306.20703125,307.6852314807057,303.17226786279906,305.72732347287354,19410100
2023-09-28,307.03912353515625,308.8403951730469,302.9373041972711,304.44487173232886,19683600
2023-09-29,309.1046447753906,312.74635389934775,308.3508611473558,311.06255226407086,24147300
2023-10-02,315.0273742675781,315.11550641477425,308.5467037935523,309.6235591310726,20570000
2023-10-03,306.79437255859375,314.6260036436558,304.6602303826851,314.0777619824239,21033500
2023-10-04,312.2471008300781,313.3043876816742,307.3914982671209,307.420865686593,20720100
2023-10-05,312.638671875,313.24564832750764,308.27254628304615,312.3743651035606,16965600
2023-10-06,320.3724365234375,322.2618102249638,309.6430811517103,309.8878196065806,25673600
2023-10-09,322.8785095214844,323.3483881671333,316.3782427539174,317.91520719974994,19891200
2023-10-10,321.4786376953125,324.131594004222,320.7737897972471,323.99452613848536,20557100
2023-10-11,325.423828125,325.81540366125716,322.21286092721374,324.23927254305164,20063200
2023-10-12,324.19036865234375,326.6083859172805,321.8017188086289,323.6127894514465,19313100
2023-10-13,320.83251953125,326.80411343693316,319.4913278140148,325.3846484410319,21072400
2023-10-16,325.6392822265625,329.06562132469395,323.6422076442802,324.08271903171345,22158000
2023-10-17,325.0714416503906,326.4419711859503,320.51931182231954,322.6534242330698,18338500
2023-10-18,323.1624450683594,328.5271229876209,321.3905409680336,325.4923600401383,23153600
2023-10-19,324.34698486328125,329.78996567974724,323.9456102144574,325.1595033838665,25052100
2023-10-20,319.7948303222656,324.9343374400908,318.6005055684448,324.73853474262626,25027700
2023-10-23,322.38909912109375,325.7273354388913,317.56286365993043,318.620120705819,24374700
2023-10-24,323.57354736328125,324.85597424930336,320.70522035105137,324.3273309154693,31153600
2023-10-25,333.500244140625,338.91385810810175,330.5144167677778,337.7586697804962,55053800
2023-10-26,320.98919677734375,334.4400133073603,320.0591786565096,333.37295718073534,37828500
2023-10-27,322.8688049316406,329.63338041744635,321.48847625541964,323.47575161012696,29856500
2023-10-30,330.21087646484375,332.3058517630052,324.8461993312582,326.3929629369711,22828100
2023-10-31,330.99407958984375,331.865362876774,327.64607407506094,331.71852577091533,20265300
2023-11-01,338.78656005859375,340.1081537078223,332.5016633074158,332.6387311841403,28158800
2023-11-02,340.98919677734375,341.4884429030558,337.51389284186956,339.93190993700205,24348100
2023-11-03,345.3748474121094,346.93141005833866,340.0199695710902,342.2715809671664,23637700
2023-11-06,349.02642822265625,350.0151812088652,345.91336203130555,346.0112633950899,23828300
2023-11-07,352.9422302246094,354.83160398439014,350.1032700356418,351.83600759444016,25833900
2023-11-08,355.5560607910156,356.2119431597548,352.9618091115113,354.0680317747925,26767800
2023-11-09,353.0989074707031,357.11262469595323,352.7758359325908,354.67500901172906,24847300
2023-11-10,361.889892578125,362.31083557483976,353.47088326732273,353.88202716517856,28042100
2023-11-13,358.9627685546875,360.715104203908,358.19918579348337,360.4703657564029,19986500
2023-11-14,362.4772033691406,364.1218684157094,359.6186750774512,363.2016494775537,27683900
2023-11-15,362.6243591308594,366.0184055463694,360.11312341587404,364.203659277244,26860100
2023-11-16,369.00048828125,369.17705042836303,363.12463294088235,363.88976551430744,27182300
2023-11-17,362.80096435546875,367.23480603716206,360.0052770614011,366.4892814424939,40157000
2023-11-20,370.2463073730469,371.64904556813445,363.9290460653395,364.1448542442713,52465100
2023-11-21,365.9596252441406,369.049583062371,364.0467785330769,368.5100775469122,28423100
2023-11-22,370.64849853515625,372.5515261398846,367.82338415552084,370.79563367244174,23345300
2023-11-24,370.2364196777344,370.7661360069796,367.9900871592884,370.1383196262545,10176600
2023-11-27,371.3939514160156,373.3852898149662,369.02991062580026,369.59884307126106,22179200
2023-11-28,375.4060363769531,375.70030662709087,370.9525569972749,371.1389381343408,20453100
2023-11-29,371.6294250488281,376.97553440384473,370.24629493974936,376.44584793002184,28963400
2023-11-30,371.68829345703125,372.8457964517108,368.3138546072338,371.27628513665223,30554400
2023-12-01,367.37213134765625,370.95255911244834,364.23310896058763,369.57924804408185,33040500
2023-12-04,362.1044921875,362.47722453595185,355.9834013927852,362.0652461744231,32063300
2023-12-05,365.4200744628906,365.9693989437116,358.65158858882313,359.46578625799856,23065000
2023-12-06,361.7709655761719,367.0484320232483,361.0156519151652,366.42064545969674,21182100
2023-12-07,363.8800048828125,364.37047528705625,359.33824414976533,361.211844686289,23118900
2023-12-08,367.09747314453125,367.3230703614092,361.2118285564288,362.1633422956095,20154400
2023-12-11,364.22332763671875,364.51762785490314,359.1224531501872,361.4570971757964,27708800
2023-12-12,367.24456787109375,367.2838138794258,363.3992673247469,363.7818485501349,24838300
2023-12-13,367.2348327636719,370.44252860296217,363.7034396055238,368.8533792298406,30955500
2023-12-14,358.9556579589844,366.63644114858533,357.18997650221536,366.19500581642444,43277500
2023-12-15,363.6642150878906,365.30236955673547,359.2990162951195,359.8581597688427,78502300
2023-12-18,365.54754638671875,365.89088161939304,361.65321060475327,362.4085541038235,21802900
2023-12-19,366.14593505859375,366.14593505859375,362.7911046946417,364.4096508615579,20603700
2023-12-20,363.55621337890625,368.8631058069324,363.46793231406207,367.8527381502504,26316700
2023-12-21,366.420654296875,367.27406804850153,362.9873613143247,365.45932148482285,17708000
2023-12-22,367.4407958984375,368.02936637236263,365.60644137118885,366.55795515551875,17107500
2023-12-26,367.5192565917969,369.7558002532684,366.38136175547834,367.8527728468658,12673100
2023-12-27,366.9405517578125,367.91167362196546,365.7045567045712,366.56778944423564,14905400
2023-12-28,368.12744140625,369.2849443001597,367.0287925621367,368.2157224809446,14327000
2023-12-29,368.8729553222656,369.9716041347207,366.3617494835299,368.83370931155366,18730800
2024-01-02,363.8015441894531,368.735675683701,359.77968054105025,366.7345478799601,25258600
2024-01-03,363.53668212890625,366.1459883616317,361.4865193608946,361.9769897820248,23083500
2024-01-04,360.9273681640625,365.98902639400353,360.17205450864094,363.6053473830013,20901500
2024-01-05,360.7409973144531,364.9688499798779,359.51482125288123,361.93774634798484,21004600
2024-01-08,367.5487060546875,368.04899543580075,361.9769695664422,362.26142084093584,23134000
2024-01-09,368.6277160644531,368.8238862439724,364.11538283242464,364.9197613954772,20830000
2024-01-10,375.474609375,376.8479501150621,369.1475606908441,369.1965957447333,25514200
2024-01-11,377.2992248535156,383.23390409247884,373.1302268937335,378.6431088178606,27850800
2024-01-12,381.0660705566406,381.27205974083927,377.31886954764786,378.14285622037966,21661200
2024-01-16,382.8317565917969,386.52010359232963,380.2322694497991,386.15716028479716,27202300
2024-01-17,382.04705810546875,382.6748447223139,377.47586986429604,380.5854657264288,22234100
2024-01-18,386.3631591796875,386.4808672893111,382.68463107425833,384.2541423864291,23392100
2024-01-19,391.0716552734375,391.0716552734375,386.0001785110236,388.21711414753673,29331100
2024-01-22,388.9528503417969,392.9845027036078,386.0884900033909,392.39593223013395,27016900
2024-01-23,391.2972412109375,391.7681035262422,386.42196470997874,388.2072839775827,20525900
2024-01-24,394.8875427246094,397.89903829237466,392.81777191847715,393.8869938433054,24867000
2024-01-25,397.153564453125,399.2527924914064,394.85816618304193,396.61405889574223,21021200
2024-01-26,396.23138427734375,398.4287118822507,394.75997317345707,396.66300059602537,17803300
2024-01-29,401.91107177734375,402.16612596865383,396.6237864171102,398.3208248033987,24510200
2024-01-30,400.80255126953125,405.1775383466925,398.7033537683388,404.4026167586847,33477600
2024-01-31,390.00244140625,407.404352059521,389.6394980894709,399.20367116692984,47871100
2024-02-01,396.08428955078125,400.2238610760148,394.1420159186215,394.1714429462631,30657700
2024-02-02,403.3824768066406,404.7852149654356,395.86846668943514,396.11370188933375,28256700
2024-02-05,397.9186096191406,403.32360273614995,396.290244380319,402.08760781050484,25352300
2024-02-06,397.7616882324219,400.1944322717671,395.23087405866585,398.1442695260025,18382600
2024-02-07,406.15850830078125,406.4037434899342,399.63525825649936,399.67450426882596,22340500
2024-02-08,406.2173767089844,407.6397528307197,404.66750343056947,406.15852265638233,21225300
2024-02-09,412.5346374511719,412.79951062359436,407.17870911735395,407.3356632361391,22032800
2024-02-12,407.345458984375,412.72099505038886,406.84516963028506,412.54443290280494,21202900
2024-02-13,398.57586669921875,402.2543946406928,395.70171738557195,397.2221636270064,27824900
2024-02-14,402.42828369140625,402.7722538955099,397.5931465072421,401.03278856568113,20401200
2024-02-15,399.54876708984375,402.07445398469247,397.31792461353893,401.10153638347543,21825500
2024-02-16,397.0918884277344,401.24895188558764,396.4825852713034,400.9246260176193,22296500
2024-02-20,395.8437805175781,397.5144455402651,391.1462141740097,396.28600214507156,24307900
2024-02-21,395.2442932128906,395.3524118295115,390.3698381114288,393.2689765841808,18518900
2024-02-22,404.5509948730469,405.710638303165,401.52412337910727,403.1161813071161,27009900
2024-02-23,403.2635803222656,408.6883757427927,401.9172111140197,408.5016799323737,16295900
2024-02-26,400.5119323730469,405.05225512208284,400.3350137011801,404.3643147092536,16193500
2024-02-27,400.452880859375,401.2783911773055,396.8854766342273,400.9540653434054,14835800
2024-02-28,400.68878173828125,402.24152110085487,398.33017625490425,401.1408405413653,13183100
2024-02-29,406.5067138671875,407.05705416129825,398.9198455368932,401.59293981884394,31947300
2024-03-01,408.3345947265625,408.6982091819838,403.79427262351686,404.17753137688453,17823400
2024-03-04,407.7646179199219,410.1527047870807,405.2094495475142,406.3101300793095,17596000
2024-03-05,395.7062072753906,407.1061687535314,393.7308905561475,406.8211614689715,26919200
2024-03-06,395.15582275390625,398.17288679705825,391.51964845962806,396.02065166450416,22344100
2024-03-07,402.08428955078125,402.71323699020854,395.30325783772497,399.11635103541613,18718500
2024-03-08,399.21466064453125,403.3422428484954,397.35723965535834,400.92464441897226,18002200
2024-03-11,397.5439758300781,398.68397503984977,394.34021545583295,396.7971025481086,16120800
2024-03-12,408.1184387207031,408.40344602882556,399.7748595225906,400.59053286353617,22457000
2024-03-13,407.9414978027344,410.968369200055,404.35444900675975,410.88976201717287,17115900
2024-03-14,417.8869934082031,420.4421618629372,410.7816654727546,412.99286375239626,34157300
2024-03-15,409.2387390136719,415.31215606424155,405.6713345351322,412.0592402980969,45079900
2024-03-18,410.12322998046875,413.4744273628243,406.6442696787311,407.10616562272253,20106000
2024-03-19,414.1427001953125,414.39822603826195,408.38374152289526,410.62442124737834,19837900
2024-03-20,417.8968505859375,418.61424242329224,413.4056537780831,414.72254166213037,17860100
2024-03-21,421.96539306640625,423.3903994195494,419.79351351352574,422.4174518440492,21296200
2024-03-22,421.34625244140625,422.446932938044,418.7223141130456,422.2897185739193,17648500
2024-03-25,415.567626953125,420.03917871353855,414.33918361091673,417.9065878752963,18060500
2024-03-26,414.3785095214844,418.6436612820826,414.0836951106592,418.270209700842,16725600
2024-03-27,414.1623229980469,417.13026150811925,411.78407332169564,417.1204243635022,16705000
2024-03-28,413.464599609375,414.59476162825587,411.89218593509474,413.70045116356334,21871200
2024-04-01,417.2481994628906,420.5109524938084,414.9387197575333,416.6388963047316,16316000
2024-04-02,414.17218017578125,415.0959720756304,410.6342569413904,412.8650995128624,17912000
2024-04-03,413.19927978515625,415.960818454912,411.86271762245,412.49169510873463,16502300
2024-04-04,410.6735534667969,421.27748545517426,410.36890189824567,417.66092523693425,19370900
2024-04-05,418.1817932128906,419.1547408159618,411.10597696046364,412.76683489834704,16554800
2024-04-08,417.2678527832031,419.91146556821536,416.00009070624833,417.8378673566601,14272400
2024-04-09,418.9286804199219,420.3634939121141,414.3490398303801,419.08592477391875,12496900
2024-04-10,415.96075439453125,416.7174646993385,412.46215014194587,414.90919969169937,16216600
2024-04-11,420.55023193359375,421.96540116941117,415.07628079166767,418.4766338120234,17966400
2024-04-12,414.6242370605469,417.84767154999884,412.5309645735886,416.7371538463039,19253800
2024-04-15,406.5067138671875,419.4594150607099,406.30031376342345,419.2432078029309,20273500
2024-04-16,407.43048095703125,411.1846115754289,406.59516335126955,407.42067380289205,16765600
2024-04-17,404.73773193359375,411.65633410094387,403.25376259314334,410.0544389834795,15855500
2024-04-18,397.29827880859375,404.78689570186344,396.98382006074763,403.54861503604855,21029900
2024-04-19,392.237060546875,398.4873961854359,390.9103356715456,397.0623898394721,30565800
2024-04-22,394.04534912109375,395.9027700554988,388.9252051027742,393.18052011404563,20286900
2024-04-23,400.5414123535156,401.1605527245356,396.10917826173034,397.2688218184954,15734500
2024-04-24,402.00567626953125,405.3568737379943,399.76499652417516,402.4970536697523,15065300
2024-04-25,392.1584777832031,392.9938253486681,381.3383380037112,387.2348667133991,40586500
2024-04-26,399.31292724609375,405.8777219430486,398.7625869715763,405.0620486762338,29694700
2024-04-29,395.3131408691406,399.3129603314087,392.3059134087563,398.2614054374624,19582100
2024-04-30,382.6158752441406,395.2246348761621,382.4586608840312,394.5661760291184,28781400
2024-05-01,388.129150390625,394.79222617325195,383.5789912516123,385.83931510454033,23562500
2024-05-02,390.9791564941406,393.0331103770738,387.84416635932274,390.80226783236736,17709400
2024-05-03,399.6470642089844,400.12860445610875,394.92982324925293,395.3425934548566,17446700
2024-05-06,406.4084167480469,406.7916755135943,399.36205183771864,401.7108501382599,16996600
2024-05-07,402.2808532714844,407.5189532422579,402.03516456718575,407.50911609687097,20018200
2024-05-08,403.4601745605469,405.1210326153664,399.6962067828019,401.13105042212936,11792300
2024-05-09,405.2094421386719,405.60253803694064,402.04497067197207,403.48962134136315,14689700
2024-05-10,407.5877380371094,408.2167155386998,404.6984363706866,405.81879129865774,13402300
2024-05-13,406.58526611328125,411.13542506578466,403.73528354862395,410.8012920746048,15440200
2024-05-14,409.3763122558594,410.29026696650755,404.4527014093116,404.9145973369448,15109300
2024-05-15,416.5338439941406,417.2525598208021,410.81374213755174,411.433999213995,22239500
2024-05-16,414.4761657714844,418.8376448328751,413.8460838814957,415.2736305334928,17530100
2024-05-17,413.708251953125,416.37634285020215,411.56198942365705,416.00221762948183,15352200
2024-05-20,418.7589111328125,420.1667782061981,413.49168315107727,413.7082803966284,16272100
2024-05-21,422.4016418457031,426.27082729608003,418.2764696581723,420.22581467067795,21453300
2024-05-22,423.8587646484375,425.71953602839017,420.521232077242,423.4354250381628,18073700
2024-05-23,420.3932189941406,426.89110613989686,418.8376788510908,426.2708490423147,17211700
2024-05-24,423.5043029785156,424.39037161476875,417.84327052223153,420.58025544710625,11855300
2024-05-28,423.6618347167969,424.1540984130066,419.99939161518114,422.98250841239616,15718000
2024-05-29,422.5296630859375,424.27226587320916,419.1034967099491,419.1034967099491,15517100
2024-05-30,408.2539978027344,417.7349716036768,407.8306281783295,417.7349716036768,28394500
2024-05-31,408.7068786621094,410.3018082986228,398.25120211572766,410.3018082986228,47995300
2024-06-03,407.12176513671875,409.9867435149057,402.5929630717942,409.1006748520027,17484700
2024-06-04,409.6322937011719,409.9965640062738,403.34114963612075,406.04859979558495,14348900
2024-06-05,417.4494934082031,417.5183874951578,409.8587651411263,411.3454112041521,16988000
2024-06-06,417.9515380859375,418.7293231019465,414.0724979392672,417.44944957036887,14861300
2024-06-07,417.2919921875,419.6843868320105,416.4551377927853,419.6056378509834,13621700
2024-06-10,421.249755859375,421.45649821147657,417.3313558315188,418.1288206635897,13982900
2024-06-11,425.9853210449219,426.1231693068597,418.670289453605,418.89674157876317,14551100
2024-06-12,434.2357177734375,436.53950862954696,426.5465600297357,428.5845392643159,22366200
2024-06-13,434.7475891113281,436.5296113185569,432.57179200487434,434.02890334988575,15960600
2024-06-14,435.7222900390625,436.2834778568933,429.96279885352675,431.49865916361745,13582000
2024-06-17,441.4325256347656,443.9627681496181,433.9008973733048,435.741958721063,20790000
2024-06-18,439.4339904785156,443.1752129183503,438.00644366410285,442.7518432687409,17112500
2024-06-20,438.8038330078125,439.6209774531351,434.442354200725,439.39452535605096,19877400
2024-06-21,442.82073974609375,443.6083496603445,439.60134591371855,440.45787995794916,34187100
2024-06-24,440.743408203125,445.74479433203504,439.5028940256874,442.8404263927747,15913700
2024-06-25,443.9726257324219,444.4353547941903,439.83759879553867,441.3143898379412,16413400
2024-06-26,445.1639099121094,446.5816317625772,441.25533495755695,442.05279974277113,16507000
2024-06-27,445.84326171875,449.11190006347704,444.7799552473841,445.1836151073107,14806300
2024-06-28,440.0345764160156,448.33413599754493,439.5029231553918,446.05987988510304,28362300
2024-07-01,449.6632080078125,450.2932899171113,438.7644825324962,441.71806471797646,17662800
2024-07-02,452.1737060546875,452.478907120072,446.099159273985,446.1877931726741,13979800
2024-07-03,453.6406555175781,453.88678735468443,450.79538710423196,451.1005881786126,9932800
2024-07-05,460.3255920410156,461.1033770377166,451.8685059547019,452.498587816865,16000300
2024-07-08,459.02606201171875,460.4634937005408,457.27360437796756,459.33126311315795,12962300
2024-07-09,452.4297180175781,460.09916463101644,450.91353744838284,459.77428381745585,17207200
2024-07-10,459.035888671875,459.24263100795065,451.76021694759896,454.0837171765978,18196100
2024-07-11,447.66461181640625,457.5886345893225,444.5633265323156,455.81649732303464,23111200
2024-07-12,446.53240966796875,449.2989293786312,443.6772860929006,447.3003398715442,16324300
2024-07-15,446.9360656738281,450.185024234339,444.44521246679955,446.28627396172595,14429400
2024-07-16,442.5647888183594,447.27082904351875,439.74905460392523,447.19208006387777,17175700
2024-07-17,436.6575927734375,437.9670310742686,432.38474735385836,435.74198947896895,21778000
2024-07-18,433.55633544921875,437.7701116080265,427.6787055457858,437.46491051123894,20794800
2024-07-19,430.3467102050781,434.3143840356024,425.3157901645021,426.398776194832,20940400
2024-07-22,436.0865783691406,437.7208974938516,432.1189340633458,434.95437784378936,15808800
2024-07-23,437.967041015625,441.4522765923751,436.24411798255437,437.0317279223722,13107100
2024-07-24,422.2638244628906,434.6491968195245,420.9740958851319,433.6351347306288,26805800
2024-07-25,411.9262390136719,423.1498448431678,411.0500252919827,422.1653174889069,29943800
2024-07-26,418.68994140625,422.28349032231534,410.8137224917234,411.7293557750341,23583800
2024-07-29,420.12738037109375,425.46350195400487,418.1287909882396,424.90231413559286,15125800
2024-07-30,416.3763732910156,422.4115014796213,410.90237288373,421.10209315676275,32687600
2024-07-31,411.8770751953125,415.25399722383173,405.83206207673004,413.99380325758636,42891400
2024-08-01,410.6562194824219,420.8460843318748,406.69843005351635,414.27930323794226,30296400
2024-08-02,402.1695861816406,408.5788691410044,398.08380349930894,406.10769576372263,29437900
2024-08-05,389.0359802246094,394.8348607957488,379.61404618021845,383.1485258419234,40709200
2024-08-06,393.427001953125,399.3932659734361,392.33419089963513,393.8109820824443,24946500
2024-08-07,392.2652893066406,403.73502880977026,391.32015130804484,402.3173368345742,20650900
2024-08-08,396.4593505859375,399.58028569311574,393.7519001712231,396.2132187300544,20203000
2024-08-09,399.7378234863281,401.736413003281,396.0360207139592,397.7786234799922,19276700
2024-08-12,400.5155944824219,402.43543495594565,397.98535182009545,400.76172633567404,16762900
2024-08-13,407.60418701171875,408.5296451452922,403.23288307516907,403.2525628062739,19414300
2024-08-14,410.41009521484375,411.2568044389076,406.0683556338293,408.38197108714223,18267000
2024-08-15,415.2626647949219,415.3415556987604,411.9388323916096,414.0495026891561,20752100
2024-08-16,412.7377624511719,415.5684441235936,411.5837759699612,414.83859034033384,22775600
2024-08-19,415.7558288574219,415.97281647426513,410.7552711189502,413.22102581055816,15234000
2024-08-20,418.9810485839844,420.0265262237166,415.86436096713305,415.92353667507666,16387600
2024-08-21,418.3301086425781,420.55913050260955,415.943244764668,418.27090283610073,16067300
2024-08-22,409.8577575683594,420.94381179948715,408.9306313403218,418.54707521874735,19361900
2024-08-23,411.08074951171875,413.5169162438492,406.4451188555861,411.26814926800137,18493800
2024-08-26,407.82598876953125,411.56408163461276,405.7054455704439,410.6665432369522,13152800
2024-08-27,408.1711730957031,408.6840392458711,404.6303529004273,407.2045864016282,13492900
2024-08-28,404.9755859375,409.3153084895278,401.7306441001557,409.1969570716752,14882700
2024-08-29,407.4610595703125,416.26872882049446,404.975589475056,409.2561363555491,17045200
2024-08-30,411.4259948730469,411.7711764633265,406.4846126518204,409.90708149754283,24308300
2024-09-03,403.83148193359375,414.1284769320411,401.4544905684809,412.1854608426902,20313600
2024-09-04,403.29888916015625,405.6068322704441,398.8309422223781,400.34985575804666,15135800
2024-09-05,402.79583740234375,407.44131080829675,400.56678553175374,402.0363656944642,14195500
2024-09-06,396.1974792480469,405.02486305915306,395.3097834719027,403.4566466739337,19609500
2024-09-09,400.16241455078125,403.0522719406784,396.6413094868822,401.6615826272171,15295100
2024-09-10,408.5262756347656,410.627073483588,402.11531302402886,402.6084639940855,19594300
2024-09-11,417.2452087402344,418.1821775855184,403.9695620775317,409.80848319257257,19266900
2024-09-12,421.1509094238281,421.5158363092752,414.0002206806835,417.51145302107784,17395700
2024-09-13,424.69171142578125,425.914716092092,419.63197810212404,419.9969049719398,15874600
2024-09-16,425.4315185546875,427.59152243143467,422.35426100412985,424.7016646765436,13834700
2024-09-17,429.1893005371094,435.79753584231287,426.34874601904636,434.1997314507894,18874200
2024-09-18,424.9087219238281,430.05721907964937,424.5142071811442,429.04132931995406,18898000
2024-09-19,432.6807556152344,435.45226137137865,430.91526689777044,435.18597071101885,21706600
2024-09-20,429.3076171875,433.22323693457605,428.27201223229315,431.23091793236443,55167100
2024-09-23,427.5717468261719,430.48131937501944,424.4944897103184,428.3311884542686,15128900
2024-09-24,423.2912292480469,427.4139642542688,420.2632749795507,427.06875254523504,17015800
2024-09-25,426.1908874511719,427.18706197372046,422.6994004960537,423.94212038705155,13396400
2024-09-26,425.40185546875,429.33719028271923,423.2517246244965,429.1300753187062,14492000
2024-09-27,422.1569519042969,425.9345052473445,421.61449786891575,425.60900874647825,14896100
2024-09-30,424.40570068359375,424.52408219664926,419.54323948144145,422.3443332995087,16807300
2024-10-01,414.9273986816406,422.61069983568314,413.0731460704372,422.58111197910216,19092900
2024-10-02,411.4161071777344,417.02816727140424,411.00184714518315,416.79143435299875,16582300
2024-10-03,410.834228515625,413.8029769595959,408.6150490966078,411.9092940444477,13686400
2024-10-04,410.3607482910156,414.00020455197927,409.28568287863294,412.51087911578094,19169700
2024-10-07,403.9300842285156,411.3963666559109,403.3974727803463,410.30158600641573,20919800
2024-10-08,409.02923583984375,409.9662346464486,402.5788433485802,405.2714281620606,19229300
2024-10-09,411.7416076660156,414.62162263212304,408.6248898614367,410.1635185105957,14974300
2024-10-10,410.1437683105469,411.63309377445904,407.49061385739407,409.5421386142519,13848400
2024-10-11,410.6171875,411.4160895790265,407.58923364023417,410.4396603934482,14144900
2024-10-14,413.3985900878906,418.2314633461143,411.80075573680847,412.0473312101826,16653100
2024-10-15,413.00408935546875,416.6928792987612,409.57177766327413,416.39697063938524,18900200
2024-10-16,410.419921875,410.65662468764714,404.85719508098555,409.4829531752425,15508900
2024-10-17,411.0117492675781,416.7125733271007,409.89722324961605,416.57447660649984,14820000
2024-10-18,412.4320373535156,413.90161766396704,410.5580696214905,411.4260201751563,17145300
2024-10-21,413.04351806640625,413.22104518863654,408.08242059822123,410.4199513395574,14206100
2024-10-22,421.6539001464844,424.6818238542566,412.3136207193651,412.7574384780567,25482200
2024-10-23,418.7838134765625,425.17503084101816,416.74216121867397,424.9580432083023,19654400
2024-10-24,418.9120178222656,420.144895200207,416.6139175340375,419.5037748840412,13581600
2024-10-25,422.2851867675781,426.5953216047658,420.72684288279277,420.914242666979,16899100
2024-10-28,420.7465515136719,426.02327304477956,420.46051551603273,425.74710969864265,14882400
2024-10-29,426.0331726074219,427.2364622843578,419.967391061662,422.13726756090693,17644100
2024-10-30,426.6051940917969,432.4934181148105,426.1810914644013,431.44794042425275,29749100
2024-10-31,400.78375244140625,410.459370932655,400.734419290451,409.6703114132585,53971000
2024-11-01,404.7487487792969,409.80848287841667,401.9180668422498,403.4073925009318,24230400
2024-11-04,402.8648681640625,404.7980415718176,400.01447130701087,404.18650910637746,19672300
2024-11-05,405.82379150390625,409.21667261639857,402.49008610038965,402.7761220934701,17626000
2024-11-06,414.4243469238281,414.69066771455005,404.8966664565658,406.77066424480597,26681800
2024-11-07,419.6024169921875,421.0029789570154,414.12845339700306,415.5092700597973,19901800
2024-11-08,416.7520446777344,420.65779206836214,416.00244554535874,419.4939629624982,16891400
2024-11-11,412.28411865234375,418.9909603752076,410.3016419524007,416.7323203125478,24503300
2024-11-12,417.23529052734375,418.6259798148705,411.485163708279,412.5207686609151,19401200
2024-11-13,419.3756103515625,423.44901221052845,412.481339102593,415.8643777407356,21502200
2024-11-14,421.0424499511719,422.30491523139983,414.24681513135374,419.17832483529844,30246900
2024-11-15,409.3153076171875,417.0084507566798,407.9739514183208,414.06929022111444,28247600
2024-11-18,410.06494140625,412.66876311229754,406.45507236642675,409.1871181522339,24727000
2024-11-19,412.06707763671875,412.2150169012381,405.912533336808,407.4511618868994,18133500
2024-11-20,409.7985534667969,411.57391488876465,404.9558076834049,411.1596548604422,19191700
2024-11-21,408.0295715332031,414.85856338751086,405.47983232208855,414.5818472703372,20780200
2024-11-22,412.1111145019531,412.5064188915794,406.2407523286384,406.5471154925831,24814600
2024-11-25,413.8801574707031,416.14328803070504,409.9863472135053,413.4749606494442,27691100
2024-11-26,422.9722900390625,424.0099980685231,413.93946191933657,414.6707766023476,23458900
2024-11-27,418.03094482421875,422.22125646736464,417.07231569319254,420.12608556589345,18332400
2024-11-29,418.49542236328125,419.8987878079345,412.90177557031507,415.16493646523105,16271900
2024-12-02,425.92730712890625,427.9236142872225,416.3706625649292,416.6276240398858,20207200
2024-12-03,426.1446838378906,427.3997836787713,422.72522667678595,424.80061260374794,18302000
2024-12-04,432.2917785644531,434.5153999624501,427.55792723241916,427.95323167121506,26009400
2024-12-05,437.4308166503906,439.4469085884485,431.0564531129943,432.7859365018672,21697800
2024-12-06,438.3696594238281,440.8699968788184,436.5907442566123,437.1145294101148,18821000
2024-12-09,440.7909240722656,443.0738395996816,435.33565050126293,437.41103647885797,19144400
2024-12-10,438.1324768066406,444.3487425824553,436.42277827381423,439.1800773312265,18469500
2024-12-11,443.72613525390625,445.07020661100427,438.8440482605507,438.8440482605507,19200200
2024-12-12,444.2894287109375,450.81205740820604,443.8446923743848,443.8446923743848,20834800
2024-12-13,442.0262756347656,446.13750815775296,440.3560864798084,443.1825720342727,20177800
2024-12-16,446.29559326171875,446.87867253224385,440.0595735829624,442.0262333394617,23598800
2024-12-17,449.1319580078125,449.95224407864544,444.2993034538041,445.72242348242105,22733500
2024-12-18,432.26214599609375,447.3432204529913,431.89645846414146,446.02882636391814,24444500
2024-12-19,431.90631103515625,437.9842031344139,431.2046434354816,436.44249480171817,22963700
2024-12-20,431.48138427734375,438.5376604876813,423.6048219518138,428.03227991601136,64263700
2024-12-23,430.147216796875,432.5190736490341,427.755575118412,431.619738686297,19152500
2024-12-24,434.1793518066406,434.44620567192754,429.0996280307953,429.55422661934296,7164500
2024-12-26,432.9736633300781,435.7705018127553,431.5110338839644,433.9322924323696,8194200
2024-12-27,425.4825134277344,430.1175308072659,421.35152651661633,429.5048044431988,18117700
2024-12-30,419.849365234375,422.5374777077036,416.9537232035626,421.0649558192297,13158700
2024-12-31,416.55841064453125,421.72710593306806,415.72826227096317,421.1044871129431,13246500
