Price,Close,High,Low,Open,Volume
Ticker,NVDA,NVDA,NVDA,NVDA,NVDA
Date,,,,,
2019-01-02,3.3730528354644775,3.429014470259344,3.22027259921947,3.2348820671794463,508752000
2019-01-03,3.169262409210205,3.34680449917898,3.161833936081145,3.3128808158221736,705552000
2019-01-04,3.3723089694976807,3.410441967558925,3.2116048783493887,3.242309404030075,585620000
2019-01-07,3.5508415699005127,3.5877366873539573,3.378251727789185,3.429508826663818,709160000
2019-01-08,3.462442636489868,3.6345373165933417,3.3898905036888123,3.632308561774112,786016000
2019-01-09,3.5305373668670654,3.577832398815382,3.463185196648294,3.513699147202186,617260000
2019-01-10,3.596156358718872,3.6048229514252688,3.450804610950893,3.511223514049248,523156000
2019-01-11,3.685298204421997,3.7080790587125985,3.5461368423942865,3.5738699331062063,874764000
2019-01-14,3.7251644134521484,3.750421503288713,3.6095268272091663,3.6330505989268924,730168000
2019-01-15,3.7110507488250732,3.797221699312551,3.6927269296751715,3.7578503426020893,617012000
2019-01-16,3.6855459213256836,3.771221671354495,3.6800984845296334,3.7382886240345203,470104000
2019-01-17,3.7568600177764893,3.7967265753472876,3.6253748349137225,3.6526129641538416,493436000
2019-01-18,3.885868787765503,3.911868797573999,3.755126529017135,3.8066311124384677,651336000
2019-01-22,3.6838130950927734,3.8672980837653896,3.653603762135762,3.85566005430992,661552000
2019-01-23,3.6966896057128906,3.827679615622705,3.665489869443748,3.7390324085528177,591020000
2019-01-24,3.908402442932129,3.925983108591916,3.7764220564709214,3.7811268114937553,708972000
2019-01-25,3.965602159500122,3.9836782623502893,3.746460406726317,3.848974150204566,1154572000
2019-01-28,3.4173758029937744,3.507261112893083,3.2437957746546737,3.3812235989990995,2511528000
2019-01-29,3.2586519718170166,3.419603770514279,3.244042509940914,3.3713181128316685,1153932000
2019-01-30,3.4020235538482666,3.4163853005399343,3.2551859876519855,3.334671384895989,974228000
2019-01-31,3.5595083236694336,3.59516532462294,3.37701376428753,3.3988042193554775,842852000
2019-02-01,3.5837745666503906,3.6347839467533984,3.530536904544244,3.5780794122343567,625048000
2019-02-04,3.693964719772339,3.7311073186872235,3.5775842144138106,3.5996221501393917,528592000
2019-02-05,3.713031530380249,3.749678932348677,3.672174573691517,3.7058505391601373,542424000
2019-02-06,3.788555145263672,3.852935876807486,3.740764914745462,3.746212351620541,702464000
2019-02-07,3.6503844261169434,3.744479293492757,3.6075466655780306,3.7422507749665708,637120000
2019-02-08,3.668955087661743,3.6796024776464633,3.5689173707020836,3.5832791147736933,461604000
2019-02-11,3.6263654232025146,3.6791078903680257,3.5780797566191254,3.6248795868615664,495180000
2019-02-12,3.7432408332824707,3.7588409338348012,3.6503840927126143,3.664746075053052,591060000
2019-02-13,3.78558349609375,3.8586308150604207,3.7590882867916373,3.7727073505082047,605372000
2019-02-14,3.8264403343200684,3.8546688609684834,3.7415072724366327,3.784592980517605,827264000
2019-02-15,3.8960208892822266,4.05771514479702,3.873240035917187,4.03493452757886,1516748000
2019-02-19,3.878687858581543,3.9591638895349415,3.8663071487243155,3.8853736497137206,551892000
2019-02-20,3.9259836673736572,3.993088129381964,3.896764969055961,3.9079075629097284,540988000
2019-02-21,3.8571457862854004,3.9631261733868786,3.842536319433599,3.938612231400136,448548000
2019-02-22,3.9418303966522217,3.9606494153333722,3.8952782861436073,3.9088973501071083,401740000
2019-02-25,3.9294493198394775,4.09262940946837,3.9207824933063686,4.025277486382868,656020000
2019-02-26,3.8900792598724365,3.9807075022831278,3.856650769154673,3.9247458690775567,488464000
2019-02-27,3.848231315612793,3.9022119038952963,3.791279054489746,3.875716927918622,500256000
2019-02-28,3.8236913681030273,3.8643426940138186,3.8013829817409506,3.8420340712614696,324944000
2019-03-01,3.877976179122925,3.9201144040319287,3.8152641976236867,3.8735143122949323,357188000
2019-03-04,3.886155366897583,3.939200158721884,3.8296401297034093,3.9163958269743024,409992000
2019-03-05,3.8797109127044678,3.917883213973388,3.816255253406574,3.8705394428962467,362924000
2019-03-06,3.768911123275757,3.8792145963499296,3.7661845981278033,3.870787047533414,403524000
2019-03-07,3.6997549533843994,3.7550308023781716,3.6536505745820045,3.7453636217638,450104000
2019-03-08,3.7339608669281006,3.744619466373364,3.5892028132188467,3.6105200121093732,422416000
2019-03-11,3.994229555130005,4.017033659203739,3.7104145757274414,3.7575106247241035,859728000
2019-03-12,4.0284342765808105,4.074786146815184,3.945892243182397,4.021989333189423,579576000
2019-03-13,4.179636001586914,4.208885034324512,4.058425978857674,4.065862341899242,768900000
2019-03-14,4.103789806365967,4.200708440472947,4.096105700939347,4.188810440278132,519384000
2019-03-15,4.209135055541992,4.251768992766471,4.143448335689288,4.146918545379427,661484000
2019-03-18,4.18781852722168,4.294404096676258,4.160800056456478,4.240615365007121,486992000
2019-03-19,4.355380535125732,4.399750057369177,4.265402805229695,4.282257909627242,854972000
2019-03-20,4.322908401489258,4.437673521455852,4.2882058347189105,4.3843807498112275,719148000
2019-03-21,4.559380054473877,4.585654840496225,4.34100407895674,4.34596165711653,824312000
2019-03-22,4.3997483253479,4.5806956077962955,4.3858674897387635,4.532112683164318,747644000
2019-03-25,4.307540416717529,4.423296963469352,4.2413582249487405,4.3590980863019135,525212000
2019-03-26,4.384131908416748,4.505093732870823,4.327864415586607,4.449074449778492,703508000
2019-03-27,4.374961853027344,4.4560163056173785,4.305557660121188,4.409664422261027,474372000
2019-03-28,4.393553256988525,4.45923951405101,4.34050820984526,4.400989151580847,480264000
2019-03-29,4.450810432434082,4.475102369682448,4.4099116057171175,4.460229639257601,456896000
2019-04-01,4.518233776092529,4.548474248403036,4.4708899889546245,4.542525248776953,483824000
2019-04-02,4.5360798835754395,4.58044940319599,4.499394940844247,4.542277092500362,440920000
2019-04-03,4.675384044647217,4.734378080160501,4.5806964924996185,4.585654069826234,783504000
2019-04-04,4.666460037231445,4.708846229198485,4.603748065144978,4.660015093181668,457376000
2019-04-05,4.733138084411621,4.750489603716596,4.673153105395864,4.709590303097136,481744000
2019-04-08,4.753960132598877,4.778995283235704,4.678606470878102,4.7026502006155395,424192000
2019-04-09,4.691247463226318,4.7316508138308535,4.649109008107119,4.720496502982226,439972000
2019-04-10,4.761643886566162,4.787422721742926,4.686042958630669,4.690504589184223,444772000
2019-04-11,4.747763156890869,4.795602881676551,4.698436537073652,4.764122784482669,374600000
2019-04-12,4.709837913513184,4.790396881960387,4.701162390484168,4.7864307259554595,471708000
2019-04-15,4.578218460083008,4.707112655182622,4.5385587804801535,4.702155077037097,440092000
2019-04-16,4.665220737457275,4.684059151396104,4.584662240587354,4.61738149157994,394964000
2019-04-17,4.642416954040527,4.7209926145799885,4.6201083293303,4.700171357591933,351004000
2019-04-18,4.61787748336792,4.683068255652355,4.590115806147697,4.649109843021277,380988000
2019-04-22,4.671665668487549,4.687281610127979,4.562849551023288,4.59432917131352,279936000
2019-04-23,4.726198673248291,4.757431036430355,4.675136943623363,4.684803889778941,346856000
2019-04-24,4.73859167098999,4.779242762354824,4.67587969287701,4.736608356517647,318204000
2019-04-25,4.632997035980225,4.720744153643242,4.553429966754181,4.698435532353966,499296000
2019-04-26,4.414374351501465,4.483779026018378,4.29564305178191,4.479316922094762,868988000
2019-04-29,4.44511079788208,4.4728724787623,4.350175021216706,4.422306222315708,391920000
2019-04-30,4.486504554748535,4.512035177805658,4.39379985128873,4.412886002523264,362920000
2019-05-01,4.473366737365723,4.580943682956027,4.473118527608206,4.538805230617688,354280000
2019-05-02,4.540788650512695,4.582431161421947,4.439904372692867,4.4830342512147485,394684000
2019-05-03,4.536327362060547,4.559131460862227,4.474854539101852,4.549216779186023,336824000
2019-05-06,4.458000659942627,4.470146396533805,4.312994559353153,4.350175453192779,422176000
2019-05-07,4.290933609008789,4.409664906665212,4.2428461427667425,4.409664906665212,555220000
2019-05-08,4.311009407043457,4.3910724144750946,4.251519914220429,4.263417907341127,419168000
2019-05-09,4.21855354309082,4.251768743017239,4.099822736698089,4.242101798416919,660248000
2019-05-10,4.184593677520752,4.253254632302171,4.065118756018369,4.187816148860922,569500000
2019-05-13,3.9275500774383545,4.075778349719839,3.91168616389326,4.052726044945658,656912000
2019-05-14,4.016537189483643,4.051735230769413,3.9285420862692155,3.9672101006105938,524880000
2019-05-15,3.955559253692627,3.991996443103901,3.9017707853143304,3.9610123034223483,502320000
2019-05-16,3.9706809520721436,4.013315365970031,3.9077214614296283,3.950107665483691,781088000
2019-05-17,3.8799588680267334,4.057931913926064,3.8405471703393603,3.9287900094486163,1022068000
2019-05-20,3.7614753246307373,3.8363330317771744,3.7366879135846607,3.7813051589114903,572064000
2019-05-21,3.8435208797454834,3.8593847931793843,3.783535671302211,3.8222039159741725,361848000
2019-05-22,3.772630214691162,3.8308803322777694,3.7617236386904684,3.8048537594381067,325868000
2019-05-23,3.6516671180725098,3.7104129301364273,3.5919296489392836,3.7104129301364273,591844000
2019-05-24,3.597879409790039,3.705704114217534,3.5911867278095704,3.670506072343846,357584000
2019-05-28,3.5527665615081787,3.6481977986441865,3.550783483276379,3.615478544356447,428356000
2019-05-29,3.4786527156829834,3.540125071095557,3.4439503813001386,3.5051749996643733,559800000
2019-05-30,3.452099323272705,3.5176125138521255,3.413883216548016,3.4818780247487977,394300000
2019-05-31,3.361522912979126,3.4704634892612543,3.359785827593994,3.403213198882425,389720000
2019-06-03,3.3198330402374268,3.4114025308764644,3.2905506069540187,3.3726901373838083,478644000
2019-06-04,3.5486326217651367,3.553843877651576,3.3617709959566513,3.383856828522054,641836000
2019-06-05,3.5059494972229004,3.627794187677335,3.469718728804367,3.6223346757717674,511616000
2019-06-06,3.567988395690918,3.592555843398238,3.507686457076579,3.5101680748232,408140000
2019-06-07,3.6106715202331543,3.64491694860971,3.5548362996995038,3.573944473908411,348856000
2019-06-10,3.6833808422088623,3.751871926796755,3.6667542880905364,3.6667542880905364,402780000
2019-06-11,3.740952730178833,3.7809059201648365,3.701496053023524,3.74318609127667,383872000
2019-06-12,3.628042459487915,3.7037301521005195,3.612904968297418,3.6975261070813854,358892000
2019-06-13,3.6791629791259766,3.6975263857824703,3.63250945637403,3.6501285669002215,308080000
2019-06-14,3.589329719543457,3.6104229972255584,3.544661783074375,3.5861038057770656,394428000
2019-06-17,3.5990078449249268,3.6359831440619303,3.5647621832656573,3.5875925454851405,276040000
2019-06-18,3.7938103675842285,3.849149070172521,3.6493835766947877,3.6603023633506604,581920000
2019-06-19,3.7997663021087646,3.8404637930278342,3.7737097883346435,3.829048729718864,331644000
2019-06-20,3.8240857124328613,3.9042401265985758,3.809692754251881,3.8903434446776135,350168000
2019-06-21,3.7660176753997803,3.8583319362723727,3.759565609765141,3.8091970295147672,434428000
2019-06-24,3.788350820541382,3.81788150318179,3.7402084784745413,3.7873582681255984,282948000
2019-06-25,3.759068727493286,3.868257549349684,3.756339089777915,3.793314392133921,311868000
2019-06-26,3.952134370803833,4.013181086360025,3.8734690190221097,3.886373148924366,584072000
2019-06-27,4.050652027130127,4.0697599636115775,4.001765150254064,4.037747898512495,445440000
2019-06-28,4.07546854019165,4.103758420847202,4.02881525208753,4.094576480462772,397668000
2019-07-01,4.12360954284668,4.316674934254186,4.086137734084276,4.282429275559038,709756000
2019-07-02,4.02583646774292,4.1280769479164805,4.012684318865418,4.106983432433489,400228000
2019-07-03,4.0387396812438965,4.0548699572717775,3.9789342653880677,4.049162190065574,246636000
2019-07-05,3.976205825805664,3.98489125243947,3.91292574796479,3.980424529216406,396552000
2019-07-08,3.901262044906616,3.935507708463473,3.8712353210074615,3.9166477915283986,329788000
2019-07-09,3.9037444591522217,3.931786083827481,3.8464204006280878,3.8590762755427113,342860000
2019-07-10,3.9719865322113037,4.0293103394768774,3.9332741478297986,3.9471708283790288,452076000
2019-07-11,4.126340866088867,4.1670383682271686,4.007722057593236,4.04494538849193,682560000
2019-07-12,4.1593451499938965,4.2303181080214305,4.154133893564071,4.154133893564071,506392000
2019-07-15,4.15090799331665,4.1965687314558435,4.122618584313724,4.180438921524079,289840000
2019-07-16,4.146191596984863,4.173240422642708,4.0906044072096694,4.1360171073993905,341444000
2019-07-17,4.211457252502441,4.21840559286607,4.118646736708043,4.147929163474818,348204000
2019-07-18,4.223119735717773,4.285903283176077,4.165299423048929,4.22187916368047,442192000
2019-07-19,4.179941177368164,4.2677884566092805,4.173985389511124,4.261336629200927,344896000
2019-07-22,4.251410007476807,4.264314135155811,4.1938377091150825,4.201282562002257,315940000
2019-07-23,4.3591084480285645,4.361093552210239,4.274983386839774,4.290617620560542,428176000
2019-07-24,4.433557033538818,4.439264802250148,4.32635378692082,4.402289498828608,366236000
2019-07-25,4.302530288696289,4.404770764474118,4.279203649431086,4.392114655728459,392700000
2019-07-26,4.344468116760254,4.3911213876879325,4.329578885751874,4.329578885751874,274160000
2019-07-29,4.3382649421691895,4.35439522088235,4.250169641994567,4.337272389733334,248160000
2019-07-30,4.3538994789123535,4.366059076714903,4.277467247976056,4.291860444144905,197772000
2019-07-31,4.186890602111816,4.32337677198391,4.144704036634304,4.322383745983711,359416000
2019-08-01,4.092591285705566,4.287641841421078,4.040478249148422,4.197312925156903,421212000
2019-08-02,4.000027656555176,4.0692635084057995,3.9526300865301973,4.000027656555176,428348000
2019-08-05,3.741945505142212,3.8178812021442226,3.6950439756233027,3.8166403933922854,589156000
2019-08-06,3.780658483505249,3.862053709637955,3.7330126475534997,3.8166412352682992,361272000
2019-08-07,3.8188743591308594,3.8307859357073792,3.7024891776964988,3.7198600296538333,372560000
2019-08-08,3.927318572998047,3.9285593819229723,3.8191225433416642,3.87644659037663,309300000
2019-08-09,3.826070547103882,3.889846652936848,3.775694845156045,3.886372482917003,341816000
2019-08-12,3.758324146270752,3.826070701043557,3.7364863362244636,3.7739579119890703,279200000
2019-08-13,3.872476100921631,3.918385086800619,3.717875040369741,3.7568354485894377,351956000
2019-08-14,3.7240777015686035,3.7955466679181225,3.680402327315028,3.7843796271347574,419880000
2019-08-15,3.6918184757232666,3.7627911868770045,3.657573047446917,3.7429387166698227,477200000
2019-08-16,3.9595792293548584,4.00871389430151,3.893073237992671,3.954367973426272,1007960000
2019-08-19,4.238010883331299,4.253893147176015,4.056608971617907,4.072739255318222,815112000
2019-08-20,4.165796279907227,4.233046554902165,4.144702766969983,4.2325500420541635,463188000
2019-08-21,4.249176502227783,4.304267184161182,4.21021609857475,4.231805651765932,427244000
2019-08-22,4.255379676818848,4.301288408721665,4.216170790266565,4.258853846008034,303488000
2019-08-23,4.0310468673706055,4.233294186666591,4.011194401712848,4.178948044178976,568056000
2019-08-26,4.105743408203125,4.133785268218952,4.067527528758819,4.1097140920359,318208000
2019-08-27,4.015164852142334,4.14668725202946,3.985882431490318,4.143957615073779,290968000
2019-08-28,4.004732608795166,4.057393748788544,3.9495873946582023,3.988835102822662,255612000
2019-08-29,4.148309707641602,4.180601728956362,4.09266748050093,4.0961450900854235,357976000
2019-08-30,4.160977840423584,4.244192678295925,4.14284452290001,4.194512135644787,290616000
2019-09-03,4.078011512756348,4.1212333644939685,4.055158786595906,4.088196075544937,296140000
2019-09-04,4.192028522491455,4.199480746845919,4.138622099089851,4.138622099089851,227728000
2019-09-05,4.464772701263428,4.470982649442789,4.292381848684692,4.29412065312646,695676000
2019-09-06,4.4376959800720215,4.498305861445579,4.3996905531512915,4.441421853679588,376976000
2019-09-09,4.4836506843566895,4.570094847258105,4.467256175256386,4.4687467143896855,417524000
2019-09-10,4.550221920013428,4.57680051169391,4.441173319404587,4.450860874470558,352812000
2019-09-11,4.578789234161377,4.626979230477164,4.535815651439235,4.564878797911657,361512000
2019-09-12,4.577298641204834,4.679888581131553,4.56934988826807,4.6252403716790145,327840000
2019-09-13,4.5194220542907715,4.5477399368594575,4.475703193108127,4.510728029877859,324592000
2019-09-16,4.4764485359191895,4.5109763688048865,4.433971948267542,4.4444047777332525,231832000
2019-09-17,4.497811794281006,4.502034674450324,4.436704875192278,4.4831560832659125,223048000
2019-09-18,4.4707350730896,4.506505179870407,4.384291359052513,4.490855935824604,258152000
2019-09-19,4.3952202796936035,4.495077881473768,4.38453871342928,4.476695827451891,245476000
2019-09-20,4.289649486541748,4.4178249719627845,4.279465397875577,4.394226976885047,350244000
2019-09-23,4.343055725097656,4.388513382593779,4.286171705354058,4.289898053534859,249712000
2019-09-24,4.285676956176758,4.4039161888396166,4.250155580679655,4.374356499121128,317268000
2019-09-25,4.427264213562012,4.4468880685788506,4.240465903650763,4.28517829278737,308432000
2019-09-26,4.40515661239624,4.426271008300639,4.354234270706374,4.4175769846308155,234564000
2019-09-27,4.266548156738281,4.414098746594768,4.205937791199742,4.363424677428959,362056000
2019-09-30,4.323928356170654,4.334112916994965,4.261082660667277,4.292381612686943,186184000
2019-10-01,4.322189807891846,4.4960712003874725,4.317470398867783,4.3470300745038895,366008000
2019-10-02,4.298342704772949,4.312253137631298,4.226057727922389,4.300329774098832,293372000
2019-10-03,4.503772735595703,4.509982685246314,4.272510742473027,4.302815694750589,450588000
2019-10-04,4.520168304443359,4.549479728475312,4.440928058646057,4.506009123193644,265524000
2019-10-07,4.578789234161377,4.678398096787563,4.576305160004113,4.584999182660187,480984000
2019-10-08,4.4024248123168945,4.487129724048681,4.384291493041404,4.487129724048681,444436000
2019-10-09,4.48886775970459,4.538300033345435,4.450365792127868,4.479180201486422,292412000
2019-10-10,4.546497344970703,4.597419687455007,4.481416299085726,4.486632713369001,309124000
2019-10-11,4.62002420425415,4.703238559929826,4.611578446526381,4.630457031874789,446404000
2019-10-14,4.633437633514404,4.6543032887412705,4.580279486712769,4.611329704263812,200040000
2019-10-15,4.877864360809326,4.95039809137239,4.709696384956442,4.723607294423642,664124000
2019-10-16,4.824212074279785,4.948661734931508,4.812785707004097,4.843835937371866,428944000
2019-10-17,4.826198101043701,4.913635344117551,4.771797674871035,4.868674685329174,263436000
2019-10-18,4.731805324554443,4.85923555549414,4.657533247433054,4.826694794334859,307440000
2019-10-21,4.868923187255859,4.882337095465651,4.774281981387723,4.793160569496206,261868000
2019-10-22,4.858987808227539,5.030881713364968,4.851287318324647,4.925807668713271,328720000
2019-10-23,4.846069812774658,4.860228515074197,4.745218670685841,4.777014158325373,279916000
2019-10-24,4.8900370597839355,4.92357087913144,4.853273422604732,4.887304246339131,232020000
2019-10-25,5.080808639526367,5.101674291975892,4.962817733779943,4.970518220820409,423092000
2019-10-28,5.136702060699463,5.189114487100917,5.09521852350652,5.124529949343159,330792000
2019-10-29,5.040566921234131,5.129246409511091,5.021191809739306,5.122787723153741,211236000
2019-10-30,5.04255485534668,5.073108540589757,4.974492740633953,5.067395122739208,205960000
2019-10-31,4.993371963500977,5.042555500236992,4.913635211403139,5.021689843522698,209732000
2019-11-01,5.032370567321777,5.064662581996183,4.933009501701846,4.9580980333721625,283640000
2019-11-04,5.228856563568115,5.2412769351408395,5.090248722853118,5.1133497137797965,376716000
2019-11-05,5.206749439239502,5.25469070257639,5.158807702113853,5.228608631295536,300868000
2019-11-06,5.157565116882324,5.208238712291003,5.070127414387124,5.182653649313797,269012000
2019-11-07,5.1752028465271,5.258665958605948,5.130490448135259,5.244010249079237,280340000
2019-11-08,5.161290645599365,5.192837863322895,5.120801140764416,5.158310041158445,189100000
2019-11-11,5.171228408813477,5.194329402705062,5.074351393267429,5.16054684051113,243436000
2019-11-12,5.206749439239502,5.26263993040473,5.1744569448823645,5.209481779022911,283504000
2019-11-13,5.180915355682373,5.203022811864566,5.114592039558323,5.17545020261961,300188000
2019-11-14,5.2112202644348145,5.213456073459919,5.129992976686992,5.189857604309165,518080000
2019-11-15,5.072116374969482,5.260653055682012,4.983933378230681,5.20898543716974,1053628000
2019-11-18,5.2730712890625,5.2996498835559365,5.061681490379088,5.064662094642309,574588000
2019-11-19,5.166506767272949,5.2656190846197255,5.108380956750247,5.24202109431378,414564000
2019-11-20,5.245748519897461,5.329459888793397,5.130986930145402,5.143655568076796,472588000
2019-11-21,5.220907688140869,5.296918559994119,5.199296763276489,5.241276812771336,288388000
2019-11-22,5.238544940948486,5.289963813904937,5.214946470298649,5.243512616116402,224100000
2019-11-25,5.4948954582214355,5.499863607178879,5.353554794766883,5.366471697782979,506476000
2019-11-26,5.390318870544434,5.481978999429625,5.383860181618634,5.4772591154009564,385244000
2019-11-27,5.425119876861572,5.470113709339363,5.398770112423443,5.435809325871139,215784000
2019-11-29,5.387831687927246,5.422633439116357,5.363967359032828,5.39429514122711,141556000
2019-12-02,5.2016425132751465,5.39429632602774,5.186479092985819,5.380872519541657,372036000
2019-12-03,5.162117004394531,5.166094076664347,4.980898491762538,5.018186152052847,465232000
2019-12-04,5.205867290496826,5.268013544804459,5.177280070411911,5.245640855322648,273424000
2019-12-05,5.188964366912842,5.243404457640698,5.15838813326808,5.227743668078507,184884000
2019-12-06,5.274229526519775,5.307043224374402,5.248128206322438,5.258071837333856,232236000
2019-12-09,5.274229526519775,5.32891854880573,5.242659493749211,5.2513599338149906,211880000
2019-12-10,5.319223880767822,5.370929624486733,5.251608422137787,5.304308434137687,256388000
2019-12-11,5.402746677398682,5.408215862705567,5.327177092503382,5.329662999617729,233796000
2019-12-12,5.570045471191406,5.588192169629249,5.364963076233889,5.373911964126551,404348000
2019-12-13,5.568056583404541,5.692100660056325,5.514113388523606,5.573028398203756,454704000
2019-12-16,5.596892356872559,5.669230698851014,5.58744609823879,5.6155364256371545,320976000
2019-12-17,5.674947738647461,5.697568877641855,5.606089579480036,5.6155358371238275,321196000
2019-12-18,5.705275058746338,5.7656812284331656,5.701297512416588,5.709749502030859,343548000
2019-12-19,5.853183269500732,5.866607074155543,5.734856831472361,5.739828646095502,445360000
2019-12-20,5.950380802154541,5.9757363006490145,5.900415150709161,5.919556117371874,603044000
2019-12-23,5.936707496643066,6.011034365228068,5.926018522750285,5.97896696941142,355060000
2019-12-24,5.931737422943115,5.948889855209329,5.886992029924898,5.921296894457324,138864000
2019-12-26,5.945906639099121,5.973996494995526,5.916324669629933,5.935217188670649,182852000
2019-12-27,5.8882341384887695,5.974493181049771,5.861883899436355,5.961069375956618,254644000
2019-12-30,5.775126934051514,5.871578037548779,5.743805359915575,5.866357775192789,258056000
2019-12-31,5.849206447601318,5.858652706134479,5.72068792633329,5.739828891899906,231004000
2020-01-02,5.963804244995117,5.963804244995117,5.8845060207937,5.934968570207183,237536000
2020-01-03,5.868346691131592,5.912097802856729,5.8193753167124,5.844233913695736,205384000
2020-01-06,5.892956256866455,5.898176519464269,5.74902588859055,5.775127201579622,262636000
2020-01-07,5.964301109313965,6.010040762284661,5.876301978898439,5.921295812236685,314856000
2020-01-08,5.97548770904541,6.016752920110511,5.920053346777654,5.960075367023141,277108000
2020-01-09,6.041113376617432,6.113451710976994,5.987419109058815,6.061745979509196,255112000
2020-01-10,6.073429584503174,6.178581141333891,6.059260434267668,6.148253830514935,316296000
2020-01-13,6.263845920562744,6.288952968255434,6.133835764415242,6.156457378912361,319840000
2020-01-14,6.1470112800598145,6.246445205302498,6.133835923434662,6.221089234322224,359088000
2020-01-15,6.104501724243164,6.1820603134908225,6.0786488611606115,6.1596876252794495,263104000
2020-01-16,6.188026428222656,6.1939925100533255,6.13458061433752,6.157947570616695,284192000
2020-01-17,6.196726322174072,6.214624566096924,6.149246594282197,6.207166845927845,253792000
2020-01-21,6.163416862487793,6.196975895565761,6.129360458357694,6.160185135994632,217916000
2020-01-22,6.21735954284668,6.303867019248585,6.189766591842113,6.208659105515355,239240000
2020-01-23,6.285721778869629,6.294173769700094,6.168638520500725,6.2573834759438345,244516000
2020-01-24,6.226557731628418,6.450781528296051,6.172366094269509,6.401064334103999,373512000
2020-01-27,5.97101354598999,6.0219734668079825,5.772891023514302,5.922290610131101,470536000
2020-01-28,6.164163112640381,6.196478957414824,5.983689951264804,6.036887321336886,310976000
2020-01-29,6.103756427764893,6.18578946048405,6.0639823907408665,6.149744520950623,258848000
2020-01-30,6.110469341278076,6.123893147232895,5.951126602523341,6.006063594772812,290504000
2020-01-31,5.87729549407959,6.076660689920249,5.835533393119387,6.064728525606393,370420000
2020-02-03,5.974244117736816,5.993633529611149,5.852934409802068,5.859148940575211,255564000
2020-02-04,6.143280982971191,6.1624224187891,6.065971316764821,6.115936955202383,271544000
2020-02-05,6.233519554138184,6.274287397486679,6.1502433053192345,6.2640953181149515,208220000
2020-02-06,6.3202738761901855,6.3202738761901855,6.186784032913833,6.267822801669854,218284000
2020-02-07,6.254151821136475,6.302377384992771,6.228795848351484,6.2802531394695045,189752000
2020-02-10,6.537041187286377,6.5377865327702835,6.2718006088987535,6.2767724236215585,529608000
2020-02-11,6.6593451499938965,6.7739429741623995,6.583278181322372,6.645175998628958,638556000
2020-02-12,6.774936199188232,6.781399652596957,6.673264825343856,6.7120441233812835,374644000
2020-02-13,6.7311859130859375,6.798303991866709,6.689672254333135,6.717016762163457,528016000
2020-02-14,7.2037458419799805,7.332512804476498,7.109532184607518,7.140853762856807,1041924000
2020-02-18,7.37228536605835,7.390680982573565,7.081192443769368,7.100581854093952,620164000
2020-02-19,7.822972297668457,7.8406221000745715,7.494591619370636,7.494591619370636,694332000
2020-02-20,7.6738200187683105,7.863241593793257,7.366817357632579,7.774994022694895,810052000
2020-02-21,7.310139179229736,7.5868145075008995,7.2253717906862,7.561707463584029,768180000
2020-02-24,6.793332099914551,7.006866948451461,6.662079222439039,6.716519314840207,856916000
2020-02-25,6.514171600341797,6.930302945472241,6.412500210276758,6.868405127821072,1055496000
2020-02-26,6.653377532958984,6.847274008302336,6.5129273459676815,6.514418510830817,747732000
2020-02-27,6.283013343811035,6.641190006067523,6.190733068633484,6.3402219811763265,906416000
2020-02-28,6.717552661895752,6.777000110355166,6.0141338073688475,6.0307988288926,1133252000
2020-03-02,6.87574577331543,6.904599164176833,6.491949845703625,6.887436477672803,890744000
2020-03-03,6.613581657409668,6.991159391430268,6.528265881212004,6.931463350129404,652792000
2020-03-04,7.076724052429199,7.086175961601068,6.646165702503717,6.720786112979837,597408000
2020-03-05,6.797643661499023,7.044138573937588,6.753120114977706,6.877486969671298,540328000
2020-03-06,6.617312431335449,6.675765011958639,6.417330292148614,6.618307294181749,515412000
2020-03-09,6.10491943359375,6.452151618777206,5.924338828512039,5.967120766033099,614160000
2020-03-10,6.493940353393555,6.493940353393555,6.118601425283802,6.381015119188688,580648000
2020-03-11,6.130541801452637,6.382509261986508,6.0335357713901985,6.354153529119406,499964000
2020-03-12,5.3803582191467285,5.8730993757296215,5.367672653781858,5.607949283641734,816540000
2020-03-13,5.990503311157227,5.99498043118963,5.4624417815793365,5.733312524970292,634836000
2020-03-16,4.885130882263184,5.623870451229937,4.825434836944395,5.28335358926961,726972000
2020-03-17,5.404238700866699,5.49353441701588,4.750815329093607,4.997310313388122,833632000
2020-03-18,5.044816970825195,5.221915344621923,4.494120840313374,4.977161561552436,874268000
2020-03-19,5.2972822189331055,5.390805960383329,4.810261552941919,5.023425962403423,765512000
2020-03-20,5.117696762084961,5.728835253713744,5.102275202274465,5.447268674676942,804636000
2020-03-23,5.290317535400391,5.3845880223773275,4.93786188180685,5.116701401410118,643876000
2020-03-24,6.197946071624756,6.284505766219802,5.672372028631309,5.6960015590237685,1101644000
2020-03-25,6.109396457672119,6.512344736526299,6.060644396576483,6.31286032223068,793432000
2020-03-26,6.398425102233887,6.522294267647864,6.2183416952223975,6.3163425364120025,696108000
2020-03-27,6.2862467765808105,6.544680972514538,6.185509460524416,6.21834230027914,638828000
2020-03-30,6.606119155883789,6.615322467118645,6.307638489346079,6.351664371055623,602252000
2020-03-31,6.556621551513672,6.850127441216497,6.41111206661912,6.646165375488359,949960000
2020-04-01,6.045969009399414,6.505131522867154,6.001445945159804,6.358876290767554,656912000
2020-04-02,6.354400157928467,6.367582918996632,6.027066607171821,6.075071934994346,675764000
2020-04-03,6.066864490509033,6.358380162786701,5.929563462514171,6.316841676132549,663212000
2020-04-06,6.676012992858887,6.712825761305832,6.291221713068466,6.348679425541923,727884000
2020-04-07,6.442950248718262,6.921016732850142,6.3999192267850225,6.897386723143072,784520000
2020-04-08,6.639947414398193,6.664820884410163,6.482001425407464,6.551895643674328,542444000
2020-04-09,6.540453910827637,6.78844139261449,6.477524208175872,6.765558123153106,525564000
2020-04-13,6.712080001831055,6.720785644616619,6.392457189784047,6.480757551993029,398408000
2020-04-14,7.0627946853637695,7.096870991524128,6.8125684130235316,6.840177873439645,530948000
2020-04-15,6.985439300537109,7.068267693803157,6.849630775983694,6.894900126027489,366148000
2020-04-16,7.330183982849121,7.4371395791524915,7.127466303217584,7.140649067693381,745620000
2020-04-17,7.270984649658203,7.433656345818027,7.137165873276941,7.41226513448081,539120000
2020-04-20,7.1399006843566895,7.3003340312313565,7.095626211966253,7.144626875048733,449388000
2020-04-21,6.703622341156006,7.083189755050889,6.643926307064967,7.022001664063456,735160000
2020-04-22,7.117515563964844,7.160297985277611,6.850127091236819,6.8956450294305265,483356000
2020-04-23,7.064286231994629,7.291380147551621,7.039164167732887,7.159551578055297,424160000
2020-04-24,7.203078746795654,7.205068472066318,6.9794671205561025,7.054087511268315,352328000
2020-04-27,7.3893818855285645,7.549068993615915,7.312771754298701,7.337396625716924,479388000
2020-04-28,7.247105598449707,7.566479794148547,7.241633616006236,7.53663153895252,442904000
2020-04-29,7.423706531524658,7.47643805187387,7.306552786236492,7.381670378607925,379160000
2020-04-30,7.26999044418335,7.423707914343984,7.256061414449958,7.369732449705098,375916000
2020-05-01,7.033692836761475,7.185917767812462,6.985438429326991,7.0727439323957615,342096000
2020-05-04,7.245365142822266,7.259045574623268,6.98643322473106,6.98643322473106,317556000
2020-05-05,7.306304454803467,7.468727544198242,7.24536448443354,7.349335472020096,368896000
2020-05-06,7.407042503356934,7.511759773524971,7.347844126312237,7.385651764262597,323464000
2020-05-07,7.583145618438721,7.646323918023772,7.4948452521720315,7.546084248410527,373732000
2020-05-08,7.772928237915039,7.779146485620993,7.620951929825824,7.654779633814353,339216000
2020-05-11,8.02464771270752,8.071409584799568,7.739349814452519,7.7679541359634445,469060000
2020-05-12,7.762979984283447,8.13110581447116,7.753279478256162,8.082354212800311,493060000
2020-05-13,7.740593910217285,8.037581571057249,7.556281934861087,7.877397272370404,625852000
2020-05-14,7.989826202392578,7.995298185675127,7.648563075746474,7.802031949002812,602312000
2020-05-15,8.447745323181152,8.457445355701928,7.8341188748298665,7.849789033988688,987660000
2020-05-18,8.705926895141602,8.871335010528153,8.636530369418866,8.716125066522661,774460000
2020-05-19,8.760899543762207,9.041470783714418,8.71836571880114,8.74572658115145,717320000
2020-05-20,8.924565315246582,8.997195509235931,8.843726673941868,8.945458854708415,587536000
2020-05-21,8.730803489685059,9.006648548506421,8.69324445182905,9.005654160074906,761068000
2020-05-22,8.980528831481934,9.046941243580594,8.669114557191229,8.780546752937473,1038764000
2020-05-26,8.673591613769531,9.13524201478955,8.628073685053018,9.110368077882535,770780000
2020-05-27,8.482070922851562,8.589025573529495,7.956247166584829,8.581315266741862,1175892000
2020-05-28,8.444014549255371,8.716128787061324,8.336809405476911,8.369642255768241,734896000
2020-05-29,8.830545425415039,8.830545425415039,8.442023234926523,8.51117118789498,745256000
2020-06-01,8.761645317077637,8.795970693494391,8.645486899720394,8.788508985175579,389876000
2020-06-02,8.780549049377441,8.792488351879058,8.614146503329726,8.751696604772091,391320000
2020-06-03,8.725078582763672,8.821338761503675,8.65593065978825,8.777561966367868,365440000
2020-06-04,8.72607707977295,8.902011297144291,8.637486770862257,8.687753825722185,424280000
2020-06-05,8.878870964050293,8.955515591607057,8.667848578409801,8.753949903758494,481748000
2020-06-08,8.764399528503418,8.84875796278578,8.645699106542606,8.836315791447598,387736000
2020-06-09,9.004289627075195,9.067745950107147,8.710899416736416,8.759424561032304,468488000
2020-06-10,9.323559761047363,9.456195581866325,9.111292895481155,9.125477940681284,632180000
2020-06-11,8.755692481994629,9.218547656773927,8.745489651692493,9.107810685610414,583652000
2020-06-12,8.891311645507812,9.14488723008976,8.663118775221182,9.120251596693144,570908000
2020-06-15,9.131448745727539,9.139909650009946,8.703431219632431,8.774602299815214,400004000
2020-06-16,9.026684761047363,9.224021398349738,8.797994456053088,9.182463952946726,535716000
2020-06-17,9.193412780761719,9.256122013797047,9.028426554300834,9.071726871522655,408304000
2020-06-18,9.175495147705078,9.239697586467326,9.072472033633701,9.184453472998934,254408000
2020-06-19,9.218544006347656,9.401446849001816,9.184701341752877,9.19988122589456,524160000
2020-06-22,9.482823371887207,9.48730301044965,9.23049223290919,9.257119455133502,398468000
2020-06-23,9.406423568725586,9.598036018461734,9.364120002183721,9.506957666162588,375108000
2020-06-24,9.192914962768555,9.51243491377942,9.102334014129077,9.432554214069048,449372000
2020-06-25,9.446243286132812,9.461174465881994,9.139912510248717,9.312612597311404,376072000
2020-06-26,9.112785339355469,9.456194784156569,9.082923937413547,9.456194784156569,592084000
2020-06-29,9.157578468322754,9.162058106058364,8.858961583091999,9.12746835403248,342248000
2020-06-30,9.45395565032959,9.482323840413832,9.223772146240533,9.271052779473228,367892000
2020-07-01,9.486056327819824,9.531595986934233,9.369596194012617,9.476849291492085,326648000
2020-07-02,9.567928314208984,9.692600650706597,9.534084693053664,9.594554582855501,364056000
2020-07-06,9.793882369995117,9.863061885989403,9.667716802013167,9.696832079128551,315892000
2020-07-07,9.8262300491333,10.023565712221714,9.805326973795573,9.900386604188158,357800000
2020-07-08,10.168890953063965,10.17785022631622,9.919546347573037,9.947665821219816,365480000
2020-07-09,10.460540771484375,10.52125935945527,10.186310859679175,10.332384614793433,494548000
2020-07-10,10.430929183959961,10.606117275097947,10.330892492239586,10.539924201198593,497676000
2020-07-13,10.00589656829834,10.742484022630395,9.97877193601712,10.546144174539222,457076000
2020-07-14,10.329150199890137,10.35478162287087,9.740377400008319,10.028542714415202,542676000
2020-07-15,10.180093765258789,10.384894596483264,10.00938432128849,10.366231809375057,403984000
2020-07-16,10.08801555633545,10.159683091582902,9.849868637880425,9.968817741873723,344964000
2020-07-17,10.154459953308105,10.201243163954526,10.041234957876577,10.178349454335393,266284000
2020-07-20,10.462284088134766,10.482689743606029,10.109916313278463,10.226874817153762,284852000
2020-07-21,10.280878067016602,10.51131131015993,10.239320609763634,10.46452713264485,277036000
2020-07-22,10.39061450958252,10.553609112524057,10.244043342469451,10.319693099595767,367292000
2020-07-23,10.083041191101074,10.498366900172412,9.984995131598533,10.401814053155686,411660000
2020-07-24,10.147494316101074,10.31695925240339,9.731919815684156,9.829467523808882,473292000
2020-07-27,10.373445510864258,10.393601505544966,10.170634417210804,10.185068171231439,292132000
2020-07-28,10.1683931350708,10.334125444616538,10.162172525266845,10.326411622662173,271636000
2020-07-29,10.417243003845215,10.467758773160696,10.29928965550237,10.342837732498475,284508000
2020-07-30,10.565058708190918,10.574017034136663,10.24777809844735,10.327160428519084,308880000
2020-07-31,10.56580638885498,10.716857247191735,10.384894123228854,10.514543531098658,386080000
2020-08-03,10.959481239318848,11.047573183866636,10.665841424159556,10.683011944240379,412720000
2020-08-04,11.17597770690918,11.17597770690918,10.855711635123345,10.999047691929793,310336000
2020-08-05,11.23470401763916,11.319312100889427,11.11476005840119,11.192151740156225,249924000
2020-08-06,11.283230781555176,11.305627070056174,11.127203842921766,11.297414876107878,244316000
2020-08-07,11.147857666015625,11.451700283827373,10.986604966220375,11.26033652411239,342516000
2020-08-10,11.113516807556152,11.355645046304279,10.80643904948696,11.28198686153084,427796000
2020-08-11,10.799971580505371,11.085399231333554,10.745971010645114,11.022689045250187,354512000
2020-08-12,11.387499809265137,11.41412607866207,10.907721944778629,10.940072354232733,464412000
2020-08-13,11.390233993530273,11.667699042003894,11.303386562871257,11.49275872959911,374460000
2020-08-14,11.5106782913208,11.650779221877425,11.387747881419168,11.476834671108962,366436000
2020-08-17,12.280112266540527,12.352526897277611,11.76275926318703,11.796601930068785,621300000
2020-08-18,12.204217910766602,12.438383690123823,12.030522981978192,12.392595308641503,503448000
2020-08-19,12.082528114318848,12.258213621054422,12.042214226825553,12.239799549527746,622624000
2020-08-20,12.085020065307617,12.317941343019479,11.823979300915065,11.919786042955957,921388000
2020-08-21,12.625014305114746,12.74968661731478,12.139014987859298,12.145485258162156,999868000
2020-08-24,12.66159725189209,12.85296104070654,12.449827806001334,12.824343188832731,490564000
2020-08-25,12.691210746765137,12.702408418241676,12.515772966083365,12.572510303018028,289076000
2020-08-26,12.714103698730469,12.809163342409363,12.619292765610336,12.740232546554608,321244000
2020-08-27,12.57002067565918,12.790748434338262,12.508554997682598,12.722563774605414,317604000
2020-08-28,13.087124824523926,13.087373535062817,12.584204585857165,12.616554992173452,537160000
2020-08-31,13.312829971313477,13.51240499533192,12.977632707337218,13.12196361348135,500840000
2020-09-01,13.761384010314941,13.933388384548888,13.37854202757832,13.421854339655281,511316000
2020-09-02,14.284621238708496,14.66323112605834,13.840046302454015,14.640329615319995,874012000
2020-09-03,12.959360122680664,13.8246113357648,12.823199748148971,13.769101909402469,945128000
2020-09-04,12.568055152893066,13.118171798924816,11.654263373150707,12.728608789534096,1463684000
2020-09-08,11.861617088317871,12.495869670621197,11.653767694372018,11.683886817797339,795728000
2020-09-09,12.660157203674316,12.75400040657726,12.17899096545241,12.346515345038622,736200000
2020-09-10,12.258647918701172,13.008897940882886,12.11452165542531,12.933225527994797,698684000
2020-09-11,12.112030029296875,12.59792501247705,11.844439062362628,12.431645530559448,636928000
2020-09-14,12.816731452941895,13.257571844663023,12.57677166336354,13.024581833623778,1201744000
2020-09-15,12.934968948364258,13.241391347213609,12.772423089111419,13.222722027557282,727556000
2020-09-16,12.460522651672363,13.036278499769432,12.4597762967511,12.901362978238856,556384000
2020-09-17,12.409740447998047,12.53544615204914,11.982839763543263,12.079919058916289,792512000
2020-09-18,12.136675834655762,12.578013731233012,11.937041086164525,12.539431169954202,698460000
2020-09-21,12.463260650634766,12.468487983542184,11.85315351112342,11.873565272826937,721044000
2020-09-22,12.58323860168457,12.59344448097838,12.103069452829205,12.520759401296207,646452000
2020-09-23,12.071457862854004,12.672106440614145,12.027150399322249,12.521259187948008,647012000
2020-09-24,12.29473876953125,12.515283765429503,11.962179781141215,12.020178955986067,731240000
2020-09-25,12.81822395324707,12.827932265146119,12.192933271803156,12.393812906216654,588016000
2020-09-28,12.978776931762695,12.995455019452848,12.695006353439096,12.984004264530533,573808000
2020-09-29,13.168702125549316,13.384766127084744,12.87746424849451,12.881695491175353,621460000
2020-09-30,13.472140312194824,13.563743503042675,13.093530438991557,13.100749000983756,689184000
2020-10-01,13.555777549743652,13.703387740885159,13.40269029134298,13.698658927613552,525004000
2020-10-02,13.005908966064453,13.461186360734684,12.994706996717781,13.167957222470799,552496000
2020-10-05,13.583656311035156,13.585398755238357,13.165716588093956,13.178909786872856,479820000
2020-10-06,13.677247047424316,14.080998323137436,13.606055639200289,13.770343869548281,784420000
2020-10-07,13.903769493103027,14.058350407618336,13.803702868616245,13.939365681751335,418084000
2020-10-08,13.779060363769531,14.023750816263338,13.698659142162176,14.01429129045017,378900000
2020-10-09,13.703388214111328,13.764623499410625,13.601828874328715,13.70762040717948,346892000
2020-10-12,14.164637565612793,14.285115934249808,13.852490359908824,13.929157894735607,434744000
2020-10-13,14.186792373657227,14.28661020379566,13.958282468908806,14.234834452215292,344604000
2020-10-14,14.034454345703125,14.280886294295177,13.899787616295503,14.228861750713278,276100000
2020-10-15,13.909745216369629,13.94534045823671,13.70836707735876,13.751181831148036,267224000
2020-10-16,13.751927375793457,14.060590691280174,13.733009274050568,13.976206063082346,242392000
2020-10-19,13.439530372619629,13.923184432811734,13.348922328803374,13.843032003278086,298068000
2020-10-20,13.586644172668457,13.740229003199504,13.448741340593111,13.524911318681056,229212000
2020-10-21,13.466414451599121,13.732014232770208,13.419368456639658,13.56623229376561,219596000
2020-10-22,13.30337142944336,13.553039484968712,13.174678386058064,13.464174825263315,290480000
2020-10-23,13.531631469726562,13.534618788168892,13.233921352971006,13.391986202058305,233484000
2020-10-26,13.084568977355957,13.633690573268522,12.98226233213433,13.369086871327628,336896000
2020-10-27,13.338969230651855,13.384024003134751,13.134603752896393,13.24860995113112,250520000
2020-10-28,12.57253646850586,13.20280655451587,12.554614456414914,13.141073702441242,376520000
2020-10-29,12.967825889587402,13.13584785804943,12.695007521608149,12.78312583190054,320080000
2020-10-30,12.479937553405762,12.880700654470314,12.246946659369481,12.79457453694031,416820000
2020-11-02,12.526488304138184,12.781383714965845,12.341539456733278,12.603155860418942,299652000
2020-11-03,12.963342666625977,13.048473643303717,12.54839028330013,12.653684234543976,272900000
2020-11-04,13.73475170135498,13.767859091534874,13.279474284873544,13.331498827212098,410228000
2020-11-05,14.098925590515137,14.277153437233792,13.930654840153293,14.101415339384825,319028000
2020-11-06,14.499191284179688,14.525825518344906,13.835068378723031,14.048891455608413,383348000
2020-11-09,13.5719575881958,14.628132371643925,13.552044345915604,14.489731966855251,582976000
2020-11-10,12.714920997619629,13.547812230313847,12.573782058299438,13.547812230313847,644068000
2020-11-11,13.360125541687012,13.377052414591688,12.892401270410012,12.997446446842183,404744000
2020-11-12,13.398707389831543,13.706623391136638,13.258564550225856,13.4208615944081,365812000
2020-11-13,13.239646911621094,13.609793346805214,13.002922328890708,13.568472254694553,346312000
2020-11-16,13.45695686340332,13.590627511150926,13.099256295266624,13.115684649662638,413776000
2020-11-17,13.364356994628906,13.537606285755135,13.246368351488899,13.49404517800945,312028000
2020-11-18,13.370829582214355,13.54706619704426,13.128131296756674,13.407172128790208,510924000
2020-11-19,13.382279396057129,13.429325390449687,13.043496960142532,13.155760695717245,565936000
2020-11-20,13.03130054473877,13.436295883226773,13.008647818893134,13.395970878679213,341088000
2020-11-23,13.083324432373047,13.324777827155184,12.959361156671875,13.114439643775567,361356000
2020-11-24,12.901861190795898,13.105229608148392,12.829424883595962,13.085813935486797,346500000
2020-11-25,13.177666664123535,13.212266767837656,12.963843568606508,12.976289464632114,259916000
2020-11-27,13.204048156738281,13.349668040216633,13.11368985820199,13.317307960603586,167276000
2020-11-30,13.343696594238281,13.354649779706577,12.916298264592438,13.20778593658098,286952000
2020-12-01,13.332245826721191,13.470397438236995,13.171192706053294,13.434054894917562,296948000
2020-12-02,13.486080169677734,13.614523477807763,13.177168059878014,13.292916687996875,283360000
2020-12-03,13.34216022491455,13.605099125266102,13.275430066021904,13.532890281081619,199520000
2020-12-04,13.503759384155273,13.505502343250445,13.33494026054711,13.394449728247713,202244000
2020-12-07,13.552064895629883,13.676064811803872,13.445744380440564,13.546587159344568,223244000
2020-12-08,13.296344757080078,13.544094728114345,13.228119551989275,13.530399915409005,271920000
2020-12-09,12.87878131866455,13.360088806654998,12.816532505636271,13.24704531933605,401300000
2020-12-10,12.920112609863281,13.016225157346986,12.797855678959717,12.817278035078495,207764000
2020-12-11,12.96094799041748,12.96767096745661,12.77146224084269,12.915132393146711,209264000
2020-12-14,13.25526237487793,13.334940779426518,13.024941957047123,13.035399712025068,270156000
2020-12-15,13.306802749633789,13.40988618458932,13.133751149437082,13.385733618093893,193016000
2020-12-16,13.189277648925781,13.383244766098352,13.159397537413051,13.368553568795045,223116000
2020-12-17,13.287630081176758,13.325726318719184,13.12553395287217,13.31302693964413,231384000
2020-12-18,13.218658447265625,13.351123325763458,13.017968362309006,13.325227800290302,342064000
2020-12-21,13.278663635253906,13.316262150701352,12.915379757774277,13.022198903065801,302332000
2020-12-22,13.224883079528809,13.283645967615037,13.001534523080034,13.265718661021117,185580000
2020-12-23,12.956964492797852,13.221646354324898,12.952731999410004,13.202722663623348,179144000
2020-12-24,12.941527366638184,13.079719802401335,12.88674905910573,12.984852485701106,97884000
2020-12-28,12.848154067993164,13.010001354735067,12.711954400513704,13.010001354735067,212564000
2020-12-29,12.891228675842285,13.01995972337383,12.790634778448547,12.873052511880598,170372000
2020-12-30,13.092915534973145,13.160642074392083,12.844916701690002,12.938040099740185,225396000
2020-12-31,13.002531051635742,13.0981449376047,12.863093382639896,13.083703548789822,192424000
2021-01-04,13.06079387664795,13.597628037496744,12.9104007529022,13.051581365786737,560640000
2021-01-05,13.350876808166504,13.389470769781441,13.034403853336013,13.047102284937463,322760000
2021-01-06,12.563801765441895,13.191767596146791,12.53541670344203,13.169357986731624,580424000
2021-01-07,13.290367126464844,13.323982009030514,12.834706422620524,12.915380241095589,461480000
2021-01-08,13.223389625549316,13.367059793296423,12.989583303848809,13.308795569096715,292528000
2021-01-11,13.566753387451172,13.904889317137515,13.30879451781324,13.36481806161411,518344000
2021-01-12,13.430551528930664,13.69921793525609,13.291363686969387,13.697225168243882,291476000
2021-01-13,13.477364540100098,13.570240034440598,13.331204841612394,13.4357823822842,210028000
2021-01-14,13.147198677062988,13.545093004651417,13.127528408243663,13.520442716544837,283120000
2021-01-15,12.807817459106445,13.271695346356372,12.796861987374657,13.17483621037775,277780000
2021-01-19,12.97290325164795,13.041376382345534,12.7923811074272,12.963938646680148,226188000
2021-01-20,13.312029838562012,13.376519310088362,13.004271775829071,13.059050070436864,258572000
2021-01-21,13.811765670776367,13.942986262976488,13.199735351672873,13.36456988189232,337780000
2021-01-22,13.657388687133789,13.786119751969078,13.572481408125672,13.684778315815404,246820000
2021-01-25,13.598373413085938,13.772919086251802,13.183298496484424,13.726356919524747,251112000
2021-01-26,13.381250381469727,13.589907706073742,13.333691830499555,13.525915951781524,163980000
2021-01-27,12.865832328796387,13.17956588706727,12.742330152960971,13.176826544521976,371272000
2021-01-28,12.99854564666748,13.286135761458496,12.908409501804401,12.94401620453668,228316000
2021-01-29,12.937542915344238,13.281156594741395,12.85960747764064,13.022450189012595,271552000
2021-02-01,13.183797836303711,13.217411769157819,12.850890817618872,13.00078621894809,217204000
2021-02-02,13.502264022827148,13.517451986494493,13.232103488617547,13.3448990521838,220440000
2021-02-03,13.476119995117188,13.875757217775313,13.4621763232891,13.581195250724157,245408000
2021-02-04,13.609332084655762,13.618544596229361,13.284144388776067,13.476617397100561,201340000
2021-02-05,13.53637409210205,13.682036999895496,13.491306023574886,13.669836288796368,169152000
2021-02-08,14.380721092224121,14.41558027564343,13.672080435543572,13.672080435543572,434624000
2021-02-09,14.205924987792969,14.524638573331769,14.165338264412211,14.283112900004856,287560000
2021-02-10,14.704910278320312,14.845094516583352,14.283859846653357,14.40512039530339,485352000
2021-02-11,15.189456939697266,15.21087111646074,14.865016726806148,14.920044844642259,450828000
2021-02-12,14.901119232177734,15.229792846310929,14.715617109549683,14.989512421221601,374756000
2021-02-16,15.268637657165527,15.310718485509026,14.889915901123095,15.003706913820904,321960000
2021-02-17,14.846092224121094,15.162316290720591,14.720598221294038,15.110026568801802,274756000
2021-02-18,14.769402503967285,14.813474199049633,14.516422672580028,14.669804025488334,233868000
2021-02-19,14.866509437561035,15.116002383057575,14.7870798988498,14.964115141640802,271724000
2021-02-22,14.298052787780762,15.072428084036344,14.267426101767738,14.715368455188019,325884000
2021-02-23,14.085162162780762,14.181523573742238,13.335685999500365,14.018679913027913,391780000
2021-02-24,14.440726280212402,14.448445641095974,13.700712460905951,14.06598916049394,448320000
2021-02-25,13.25401496887207,14.316975775495292,13.163132248759155,13.989048748231403,824436000
2021-02-26,13.659379005432129,13.798815708495557,13.307299430514368,13.697225432091273,500932000
2021-03-01,13.786117553710938,13.869033001931395,13.498777256520254,13.819233771345669,353184000
2021-03-02,13.352370262145996,13.864553293096154,13.342161365725818,13.844135500255799,264116000
2021-03-03,12.753289222717285,13.397439487108313,12.747312819501039,13.372291481457754,377592000
2021-03-04,12.32053279876709,12.922852894444349,12.035184286271841,12.749302617793662,573344000
2021-03-05,12.411417961120605,12.499562306411242,11.63231138583102,12.499562306411242,542840000
2021-03-08,11.546656608581543,12.421127205316727,11.520013555432708,12.399962837749444,543112000
2021-03-09,12.474235534667969,12.570380320180579,12.014929374310588,12.085668531876562,521824000
2021-03-10,12.42242431640625,12.932292694520745,12.411714009519088,12.793305748971898,384376000
2021-03-11,12.945744514465332,12.99830122675379,12.687696596615787,12.902404444000641,299916000
2021-03-12,12.80875015258789,12.841379915385886,12.543727990467413,12.601763379126412,243964000
2021-03-15,13.142769813537598,13.158212916875692,12.720328296789686,12.81746981607065,221988000
2021-03-16,13.242400169372559,13.462836579062207,13.068541055091844,13.307409797577044,272128000
2021-03-17,13.292215347290039,13.403803210626146,12.941757813661807,12.991823175608697,243864000
2021-03-18,12.675739288330078,13.135543248189038,12.670259662780902,13.08821817280706,293896000
2021-03-19,12.798539161682129,12.874011114982835,12.56614673642358,12.703141206459366,299208000
2021-03-22,13.137784957885742,13.345269600925587,12.859312225279986,12.865290689757089,297804000
2021-03-23,13.022710800170898,13.295454030041492,12.973392265762131,13.20553571417136,222048000
2021-03-24,12.59653377532959,13.110887048313957,12.590307315590085,13.102916077650947,245840000
2021-03-25,12.489179611206055,12.668020482645497,12.22689771964549,12.45356156367243,295144000
2021-03-26,12.792058944702148,12.808996658831685,12.32802106742745,12.508355558624196,363968000
2021-03-29,12.900662422180176,13.014492713127513,12.653324782729335,12.773132589205469,273520000
2021-03-30,12.824441909790039,12.927561877681123,12.658304817189459,12.794801380172224,200204000
2021-03-31,13.29919147491455,13.420991773399177,12.934785406687192,12.9676641139645,314776000
2021-04-01,13.760988235473633,13.819023625386853,13.461591793310602,13.522368421618353,308276000
2021-04-05,13.936095237731934,13.962497597701411,13.68253015375256,13.816536359385964,255672000
2021-04-06,13.810555458068848,14.002597032896157,13.722879532840807,13.948297705902563,191744000
2021-04-07,14.091519355773926,14.191151260158252,13.661106906366319,13.829734405751106,251284000
2021-04-08,14.26438045501709,14.418312621618602,14.196629588023145,14.20036660361676,244416000
2021-04-09,14.347075462341309,14.355046432497897,14.12290297240524,14.161759195266548,195172000
2021-04-12,15.153101921081543,15.296074841669363,14.087283745856782,14.237230908904042,869324000
2021-04-13,15.621872901916504,15.642297740883008,15.070158056314497,15.175519477903563,676212000
2021-04-14,15.22085189819336,15.662721441224473,15.171533365001741,15.567572446035657,385500000
2021-04-15,16.07794189453125,16.154658563081032,15.574050016503216,15.604936219474224,598480000
2021-04-16,15.854016304016113,16.10633564214932,15.806939219576352,15.993999034973276,335208000
2021-04-19,15.305289268493652,15.74940120021796,15.177012626643881,15.479397321409937,404420000
2021-04-20,15.11549186706543,15.440044046604253,14.908007196915346,15.266932701181231,334132000
2021-04-21,15.304044723510742,15.306037228333295,15.046743653685485,15.063182531098462,216776000
2021-04-22,14.795670509338379,15.381758649575245,14.729165313862191,15.318491630862203,277788000
2021-04-23,15.209146499633789,15.278639983279946,14.845488196208844,14.879362682597167,227500000
2021-04-26,15.421112060546875,15.4221087880324,15.069409783535395,15.12918967843709,197796000
2021-04-27,15.325218200683594,15.612906665769394,15.29806806262324,15.52124478193989,164572000
2021-04-28,15.220602035522461,15.475163771233227,15.159577417453752,15.30802995583941,209416000
2021-04-29,15.268427848815918,15.37976679134769,15.016108481125764,15.343400960325498,173196000
2021-04-30,14.954336166381836,15.308529842071689,14.941882296807739,15.118730665369561,201912000
2021-05-03,14.782218933105469,15.190711864139518,14.733150296570749,15.069409466583876,203912000
2021-05-04,14.298505783081055,14.583703867134822,13.958759426276734,14.583454922762675,405324000
2021-05-05,14.40536117553711,14.75905695265572,14.334622020113388,14.654940249491606,292024000
2021-05-06,14.469622611999512,14.517695473850004,14.165744240795117,14.441974587843967,193380000
2021-05-07,14.757810592651367,14.91572777547651,14.617826904664591,14.753825582724902,229328000
2021-05-10,14.213318824768066,14.751583061695198,14.197626779371475,14.732901783793752,268904000
2021-05-11,14.253670692443848,14.301992504029124,13.699465425742892,13.774189592576713,285584000
2021-05-12,13.707934379577637,14.207840322870009,13.658865734558306,13.9580113483226,303408000
2021-05-13,13.615023612976074,14.028997093833175,13.409531488565987,13.982168959151704,285404000
2021-05-14,14.190651893615723,14.275339526116129,13.697969198962545,13.838949606962357,258616000
2021-05-17,14.113439559936523,14.11717562615222,13.80258687865569,14.104970699768542,216980000
2021-05-18,13.964237213134766,14.35130955439113,13.952530178000735,14.214564048719183,186256000
2021-05-19,14.014053344726562,14.027752884459964,13.49347368536492,13.516637860643087,344000000
2021-05-20,14.558794975280762,14.629783072668266,14.218051917786887,14.249933897946976,321592000
2021-05-21,14.936651229858398,15.16605535919213,14.814850925300101,15.108019017237964,672992000
2021-05-24,15.554622650146484,15.687133265807587,15.120224232908976,15.156590063922868,554816000
2021-05-25,15.590241432189941,15.760363558877739,15.425598932323531,15.708056734442609,435408000
2021-05-26,15.642297744750977,15.735703186240535,15.528966303165006,15.676422124487875,370440000
2021-05-27,15.431077003479004,15.692114160752126,15.403180033259336,15.642048790934533,581476000
2021-05-28,16.18479347229004,16.21767312523201,15.444027357726569,15.444027357726569,644536000
2021-06-01,16.20471954345703,16.32801538481645,15.84479739278684,16.210200118763833,472804000
2021-06-02,16.716581344604492,16.856565955945943,16.17582681316416,16.192515583059503,594168000
2021-06-03,16.907384872436523,17.195573188555496,16.522056925487203,16.639374356269755,580008000
2021-06-04,17.513643264770508,17.596087541905547,17.032667639127915,17.04960345412486,617120000
2021-06-07,17.55424690246582,17.747036276594248,17.129564882139565,17.506673820238802,575756000
2021-06-08,17.39284324645996,17.55673796608518,17.18759905493115,17.46283462472556,323848000
2021-06-09,17.298419952392578,17.514423962117288,17.19627423364393,17.45537830426716,381656000
2021-06-10,17.364938735961914,17.431709138454295,17.11679834270945,17.290198386485635,287772000
2021-06-11,17.763805389404297,17.877412740518896,17.38362021079101,17.41924641470844,416308000
2021-06-14,17.956642150878906,17.977320675326887,17.60187021649912,17.844281675128062,321376000
2021-06-15,17.72718048095703,17.95414617159391,17.666889838521403,17.85324549808425,243032000
2021-06-16,17.748857498168945,17.892860137369315,17.523885687576584,17.729425885437355,307124000
2021-06-17,18.592945098876953,18.770082098150148,17.69505142637643,17.713238039058268,809656000
2021-06-18,18.574504852294922,19.308217023143403,18.519943127082154,18.71925451472753,968856000
2021-06-21,18.363727569580078,18.47260198225136,17.76131158192782,18.37169941417833,672384000
2021-06-22,18.821645736694336,18.89838188023769,18.32262225653675,18.407828248625574,580144000
2021-06-23,18.99155616760254,19.086727909037208,18.84257162066044,18.942227287360627,332356000
2021-06-24,19.13929557800293,19.3530565919672,19.022449314340957,19.161470004367036,320924000
2021-06-25,18.96539878845215,19.27881548823382,18.829369907690694,19.214039016111002,278364000
2021-06-28,19.916112899780273,20.009539746281707,19.25240821728546,19.294512263445398,495436000
2021-06-29,19.957719802856445,20.029470225090638,19.589243331185592,19.81396615542745,367632000
2021-06-30,19.93355369567871,20.093002037862693,19.795281878543864,19.930314776489794,326568000
2021-07-01,20.14232635498047,20.385484736475224,19.94999086175242,20.05562636236661,480136000
2021-07-02,20.416385650634766,20.43457416136021,20.217823148343758,20.369797668830962,342764000
2021-07-06,20.627151489257812,20.770156218101576,20.280102477408526,20.666016614407923,446708000
2021-07-07,20.30152702331543,20.8030424068204,20.261914895907818,20.78161688378112,418428000
2021-07-08,19.83414649963379,20.063602249461436,19.632843115344528,19.788056528694977,503300000
2021-07-09,19.98114013671875,20.01103741735003,19.686160857432892,19.893693109398352,296624000
2021-07-12,20.441791534423828,20.46197014862544,20.118160092279034,20.170229888571328,321984000
2021-07-13,20.18019676208496,20.390718871936702,20.04466588340788,20.330177323660422,290708000
2021-07-14,19.773107528686523,20.347371324645856,19.684664506102898,20.287578671273554,380100000
2021-07-15,18.900876998901367,19.778591902318016,18.793498450144497,19.743463690189294,550564000
2021-07-16,18.098400115966797,19.090967290639107,18.010704097196164,18.964904144857933,688224000
2021-07-19,18.715017318725586,18.976362343498174,17.803917401134495,17.853497190988364,749060000
2021-07-20,18.547842025756836,18.77306281313049,18.10138637367849,18.665435297973314,434687000
2021-07-21,19.34309196472168,19.459689233832748,18.67739534613808,18.81691214625468,371017000
2021-07-22,19.526460647583008,19.818449966161833,19.209555981723096,19.574295529309875,323826000
2021-07-23,19.490581512451172,19.632092217078913,19.18364266714778,19.58824326752879,195672000
2021-07-26,19.227495193481445,19.374983858977348,18.848803969588506,19.244436793032506,203943000
2021-07-27,19.14179039001465,19.554362894991016,18.676399176562164,19.198593120837312,248863000
2021-07-28,19.435775756835938,19.57828250324593,18.929527349738116,19.252409967559455,202191000
2021-07-29,19.594226837158203,19.78456845561129,19.261376580692936,19.451718199146022,190781000
2021-07-30,19.43178939819336,19.562336470219837,19.1966028063269,19.35106731996473,183497000
2021-08-02,19.681917190551758,19.892190265820158,19.29425822418033,19.63209031240409,217444000
2021-08-03,19.746700286865234,20.152296989603176,19.153749973523123,19.671958043759762,301811000
2021-08-04,20.204120635986328,20.247969602176056,19.759656839937854,19.92109911933117,231309000
2021-08-05,20.56586265563965,20.66153240927619,20.271879455166875,20.429335766295853,211435000
2021-08-06,20.295799255371094,20.499096555119213,20.140336838007727,20.453255584823058,178497000
2021-08-09,20.225040435791016,20.43730554179816,20.073563974802937,20.375518990564935,146443000
2021-08-10,19.867279052734375,20.3595756588384,19.76662547826804,20.251948145392625,179238000
2021-08-11,19.63109588623047,19.979889797414497,19.363024040976125,19.97390996272921,185925000
2021-08-12,19.836389541625977,19.959960768948545,19.552372068752263,19.80151033623967,151652000
2021-08-13,20.118408203125,20.144319549830023,19.782570006779846,19.83638471099879,183063000
2021-08-16,19.881235122680664,20.217073411230743,19.38594658927901,20.065596914124974,210876000
2021-08-17,19.39093017578125,19.70185501306102,19.2005885511107,19.61714701214786,204585000
2021-08-18,18.974369049072266,19.566321363540087,18.934506018766548,19.432782492944614,285913000
2021-08-19,19.729755401611328,20.424353301221036,18.697325356525393,19.426802456904166,766555000
2021-08-20,20.744245529174805,20.793076409277884,19.864289880276367,19.922088611384755,675741000
2021-08-23,21.88231658935547,21.921181725380446,20.877791484608885,20.898719011758836,575807000
2021-08-24,21.717884063720703,21.883312266770652,21.460773905230095,21.67802292246047,297299000
2021-08-25,22.136428833007812,22.392542896960293,21.64712213641012,21.66206982160792,347701000
2021-08-26,21.991933822631836,22.262995617571487,21.71489219229339,22.12347879676051,237940000
2021-08-27,22.557973861694336,22.643677862471055,22.090590631749375,22.107532230785125,304722000
2021-08-30,22.60979461669922,22.963570482185514,22.473267719877327,22.751305343048546,262580000
2021-08-31,22.311771392822266,22.62075674664323,22.04763890496798,22.62075674664323,259850000
2021-09-01,22.367586135864258,22.622749170441693,22.283861299830416,22.411442817119134,201767000
2021-09-02,22.322736740112305,22.51909280352411,22.222067304803737,22.444337387679806,187834000
2021-09-03,22.768278121948242,22.910810001392324,22.127381804573318,22.25197291405603,280532000
2021-09-07,22.587865829467773,22.82409003815894,22.448322522567985,22.758305960984877,198107000
2021-09-08,22.26592445373535,22.53603785625392,21.905107228441466,22.439355044930288,254434000
2021-09-09,22.10445785522461,22.464277065145424,22.058608795237394,22.239016490910437,196856000
2021-09-10,22.404470443725586,22.55198511877038,22.197150672313043,22.2748946360381,248376000
2021-09-13,22.07953643798828,22.88888048395177,21.786497552074803,22.609795740171823,297500000
2021-09-14,22.169240951538086,22.336690647857136,22.013751133052175,22.202132041411108,199755000
2021-09-15,22.267919540405273,22.293835464685625,21.894146209939382,22.236024626845165,166538000
2021-09-16,22.169240951538086,22.204126304937887,21.855270869830687,22.11043394136282,156033000
2021-09-17,21.82836151123047,22.247983887075033,21.758590795663608,22.227052672404977,294503000
2021-09-20,21.04393196105957,21.362884811342862,20.594407146067287,21.076823046954424,349440000
2021-09-21,21.17650032043457,21.35491372577289,20.88146906785273,21.3469404733302,204688000
2021-09-22,21.869226455688477,21.888163405452396,21.12666266761119,21.296106638649068,268726000
2021-09-23,22.408456802368164,22.461282925863888,21.818392405906536,22.067574601135654,248555000
2021-09-24,22.008766174316406,22.076544517927047,21.78948654099759,21.997802477816837,217655000
2021-09-27,21.58914566040039,21.7276909027937,21.255242424863432,21.638981339967028,245215000
2021-09-28,20.63128662109375,21.348932496688196,20.58344330923957,21.144603190689022,343069000
2021-09-29,20.449886322021484,20.94825075454832,20.400048738103138,20.871502966534447,218394000
2021-09-30,20.648229598999023,20.997084994573704,20.620321319441768,20.700059532620926,221009000
2021-10-01,20.674144744873047,20.79076066533888,20.13690658122589,20.682117995560738,240978000
2021-10-04,19.667455673217773,20.47480557735373,19.491034606293546,20.436929771403975,345635000
2021-10-05,20.38409996032715,20.580456026751712,19.789052772537165,19.884739402108554,279282000
2021-10-06,20.632286071777344,20.652219202114356,20.014313404708272,20.054183467600772,297202000
2021-10-07,21.006059646606445,21.252251394930184,20.90339594423825,21.023002332349666,256919000
2021-10-08,20.762859344482422,21.136632686521562,20.707042768746597,21.03197660701689,151258000
2021-10-11,20.627302169799805,20.994098397870303,20.443904055764555,20.507695778664687,163388000
2021-10-12,20.603374481201172,20.988111365227073,20.460842654611554,20.759860446042797,162134000
2021-10-13,20.870506286621094,20.92134005530111,20.645245715278612,20.849575070301597,180652000
2021-10-14,21.67485809326172,21.683827524240495,21.052898966239095,21.218356261055735,243589000
2021-10-15,21.790483474731445,21.85925800191469,21.59113886513245,21.738653534036047,226994000
2021-10-18,22.149307250976562,22.218081780697908,21.57319699245635,21.677854960050606,189494000
2021-10-19,22.21708869934082,22.305796372358465,21.964916022213767,22.20313265408627,161473000
2021-10-20,22.030698776245117,22.359619226163996,21.91009429442329,22.232037672694034,146276000
2021-10-21,22.617767333984375,22.63670618326787,22.010760294577082,22.024714435687386,187590000
2021-10-22,22.651660919189453,23.054338727467037,22.487201638503425,22.748343744609,249384000
2021-10-25,23.090221405029297,23.278602340486742,22.695516863119877,22.897851941944545,230235000
2021-10-26,24.636144638061523,25.17637336256749,23.84573943509634,23.9105273389636,485898000
2021-10-27,24.371013641357422,25.00792321942295,24.20256586759915,24.393939116260093,245990000
2021-10-28,24.859411239624023,24.868382573846535,24.442779360511576,24.79661760339399,234204000
2021-10-29,25.48336410522461,25.624899789420567,24.918219450808614,24.91921563206718,292503000
2021-11-01,25.742511749267578,25.80929200930688,25.144474150231424,25.565094542912135,265740000
2021-11-02,26.314634323120117,26.590728607704555,25.71560052254652,25.737529816984793,294112000
2021-11-03,26.5109920501709,26.696384427226477,26.14918053197211,26.582757025267508,239910000
2021-11-04,29.703514099121094,31.26239704427072,27.02929029769168,27.139927249878582,1153631000
2021-11-05,29.654672622680664,31.29728030818793,29.313790454475946,30.088249068059874,851260000
2021-11-08,30.703237533569336,30.998268813095162,29.809170458233044,30.050379427191398,503101000
2021-11-09,30.556713104248047,32.204307519629445,29.86598118563401,32.17639923609389,646746000
2021-11-10,29.36263084411621,30.74908123163005,28.683858832683175,29.25996904882886,636206000
2021-11-11,30.290586471557617,30.489932984419298,29.679592774599925,30.368332333995184,332172000
2021-11-12,30.290586471557617,30.579638725096128,29.53307238423617,29.911830378451516,413054000
2021-11-15,29.926782608032227,30.543757233968925,29.151327703396426,30.45205912496515,384909000
2021-11-16,30.10419464111328,30.29058317308719,29.608820758848818,29.66164877670332,264484000
2021-11-17,29.165281295776367,30.409199941675634,28.705788874793846,30.31849611458015,428508000
2021-11-18,31.571380615234375,32.65283033546003,31.218538566380822,32.26111820971524,781711000
2021-11-19,32.87710189819336,32.97976560905506,31.800634810586825,32.13752850967371,533867000
2021-11-22,31.851465225219727,34.533662437419686,31.795648655207987,33.40735781762492,754335000
2021-11-23,31.642152786254883,32.25414458908274,30.778984519657556,31.431842568314533,532163000
2021-11-24,32.56711959838867,32.747527284466,30.826830664303046,31.358088106593186,435162000
2021-11-26,31.399948120117188,32.602998628839266,31.247448733080454,32.49335785082512,283069000
2021-11-29,33.266815185546875,33.30269671767384,31.93119862998533,32.26012091262168,454964000
2021-11-30,32.56909942626953,33.24388657306229,31.75975750495304,33.06048661123423,622066000
2021-12-01,31.336002349853516,33.184165606771984,31.281175255165692,33.11438635947544,484368000
2021-12-02,32.02482986450195,32.375722550194084,30.9272972457991,31.11570313644076,472890000
2021-12-03,30.59634017944336,32.02781864594945,30.03511159214112,31.89922328972484,544325000
2021-12-06,29.94240951538086,30.145765658155717,27.94970412663919,29.785902441906565,658938000
2021-12-07,32.32488250732422,32.346816391112846,30.554476224251633,30.859514259780514,593053000
2021-12-08,31.72577476501465,32.18831425036044,31.322049493917223,31.898230293439173,475551000
2021-12-09,30.39397621154785,32.103577136564674,30.33217119720817,31.634057907928252,488507000
2021-12-10,30.1028995513916,31.206413705262143,29.766960947879433,31.051901151200305,488825000
2021-12-13,28.072315216064453,30.19859933646938,28.02745685315274,30.153740973557664,598344000
2021-12-14,28.247760772705078,28.587686497132797,27.16418406880267,27.611769480974516,667035000
2021-12-15,30.363079071044922,30.403950320139508,27.750332756169268,28.31056319651723,698297000
2021-12-16,28.2976016998291,31.061869576386897,28.004528853648427,31.053895348302806,707366000
2021-12-17,27.713449478149414,28.830919505652275,27.67257823059536,27.896870039197612,713758000
2021-12-20,27.631711959838867,28.05537286246123,27.05952009504959,27.219016098484527,461847000
2021-12-21,28.98343849182129,29.028296854991318,27.31470852270142,28.284645850680768,524385000
2021-12-22,29.307415008544922,29.461927576880676,28.359409624344213,28.80001904458484,395184000
2021-12-23,29.546659469604492,29.964340611891693,29.338318000778614,29.66129709262339,343022000
2021-12-27,30.847545623779297,30.989098625583328,29.546655113197424,29.566592584176444,403686000
2021-12-28,30.226511001586914,31.231336047997825,29.917485879079116,31.213393083122995,420591000
2021-12-29,29.90652084350586,30.451799123179573,29.273520345909006,30.177665528495464,343139000
2021-12-30,29.492826461791992,30.361083746132028,29.446971799242743,29.733066714604764,308864000
2021-12-31,29.318378448486328,29.935430483532848,29.23863045980728,29.58055069803875,266530000
2022-01-03,30.026142120361328,30.61428422261977,29.69119982289277,29.721106030264906,391547000
2022-01-04,29.1977596282959,30.372049319821922,28.25972307978426,30.18165084016446,527154000
2022-01-05,27.517070770263672,29.323364772152377,27.446295212189224,28.857834470045624,498064000
2022-01-06,28.089256286621094,28.348437676150166,26.979762580171478,27.552950546238176,454186000
2022-01-07,27.161195755004883,28.332496683528657,26.97179355482779,28.05238144846275,409939000
2022-01-10,27.3137149810791,27.38249793831708,25.563244238566337,26.49729382964366,594681000
2022-01-11,27.729398727416992,27.97661882621992,26.754479886883722,27.23695493896439,404089000
2022-01-12,27.910825729370117,28.50494756627951,27.52105632637495,27.97861047249407,383413000
2022-01-13,26.491308212280273,28.390307586035668,26.414549141387052,28.289625832276567,540171000
2022-01-14,26.857154846191406,27.111352875878474,26.12745967935316,26.21717640732011,395832000
2022-01-18,25.821422576904297,26.554108421926475,25.68884201686206,26.177298613096262,424270000
2022-01-19,24.988054275512695,26.459405643733195,24.97310212443453,25.9968681512823,488315000
2022-01-20,24.073949813842773,25.49845065849649,24.00217604422895,25.224317030343393,435181000
2022-01-21,23.300392150878906,24.744828429105826,23.18974164646766,23.43297273498428,718958000
2022-01-24,23.298397064208984,23.30637129274654,20.82222037714528,22.259678694181396,913982000
2022-01-25,22.25369644165039,22.87074846480711,21.930717378924925,22.47499743870543,664616000
2022-01-26,22.700284957885742,23.98123803745793,22.229771275614063,23.166811526105583,755959000
2022-01-27,21.874889373779297,23.91943050684776,21.606735563815537,23.493775263499373,573353000
2022-01-28,22.76807403564453,22.786017001467613,21.228935667863265,21.942680495703392,543774000
2022-01-31,24.408891677856445,24.431819963911636,22.979407443957587,23.108997226913345,564680000
2022-02-01,24.56041145324707,25.065814798100266,23.814765930647102,25.02494354865154,518925000
2022-02-02,25.162511825561523,25.73569997115753,24.47568045285035,25.712773586139047,543419000
2022-02-03,23.87258529663086,24.99802967321124,23.705115075622988,24.38097948355901,410178000
2022-02-04,24.24241828918457,24.557423171481002,23.557581418595635,23.89651089080567,354829000
2022-02-07,24.650127410888672,25.10269624776117,24.125782912567686,24.29524762592509,376868000
2022-02-08,25.028934478759766,25.150550041052337,23.90448630257758,24.282292539079087,410359000
2022-02-09,26.62090301513672,26.64084048931407,25.27316132302811,25.541313315747384,524282000
2022-02-10,25.742673873901367,26.840206412140088,25.519380273324217,25.91313678658992,513200000
2022-02-11,23.87358283996582,26.06964650484527,23.698138380656843,25.834389619490583,605472000
2022-02-14,24.19057846069336,24.79666354683214,23.680189818886806,23.85862696314563,440424000
2022-02-15,26.411561965942383,26.461403743864466,24.705949858768733,24.870429246985168,699869000
2022-02-16,26.42751121520996,26.498288671486034,25.47153166394175,26.176305909012655,732676000
2022-02-17,24.429824829101562,25.70380014996148,24.08890276641559,25.549287576906618,810595000
2022-02-18,23.56754493713379,24.90731216889236,23.02725202902934,24.59031284874341,761255000
2022-02-22,23.31633758544922,23.988214753545286,22.927566415528347,22.96245603840115,633422000
2022-02-23,22.316495895385742,24.078929495655366,22.230768194872702,23.727040557473366,566511000
2022-02-24,23.67321014404297,23.725046427228275,20.82421097780637,20.948817318078245,735801000
2022-02-25,24.080923080444336,24.140733592878306,23.30736782876033,23.646297234789348,528866000
2022-02-28,24.308208465576172,24.587327391046674,23.632344083996866,23.91644642718018,477319000
2022-03-01,23.403066635131836,24.300233919081215,23.059153777179308,24.214504305072836,412056000
2022-03-02,24.147838592529297,24.336276568768735,23.345238595457605,23.685222229370265,389642000
2022-03-03,23.643348693847656,24.253524852561736,23.39907779476586,24.189714450005976,365095000
2022-03-04,22.867664337158203,23.609447114971164,22.41501653226553,23.314329501450473,431415000
2022-03-07,21.28838348388672,22.964376798114145,21.2664496692882,22.749018838877227,450821000
2022-03-08,21.449907302856445,22.30634749936782,20.588480936976687,21.24551809708056,557467000
2022-03-09,22.945430755615234,23.15081636408371,22.18071580003234,22.32029806776181,492742000
2022-03-10,22.59049415588379,22.720105999777736,21.816805180949956,22.46387173081111,428066000
2022-03-11,22.034160614013672,23.07604745226114,21.980320637514282,22.953412795419776,367209000
2022-03-14,21.266450881958008,22.195673358229172,21.095960818464654,21.80384458359265,385354000
2022-03-15,22.90455436706543,22.96936124008591,21.258474245006287,21.45388943534592,491996000
2022-03-16,24.423019409179688,24.523718332751294,23.10296459283885,23.429986500774472,671422000
2022-03-17,24.692209243774414,24.76798110939854,23.834771047073918,24.048134123477375,471941000
2022-03-18,26.374189376831055,26.489844911193696,24.550639830280833,24.725117703242326,730719000
2022-03-21,26.65435218811035,27.071108036211722,25.889637069261166,26.42802919116261,591727000
2022-03-22,26.444976806640625,27.156850275284068,25.994323791878227,26.647371123248757,547007000
2022-03-23,25.557628631591797,26.532713584181124,25.49880439684632,26.04816147769014,502120000
2022-03-24,28.066131591796875,28.23562518243766,25.829814189665502,26.08804332010231,877379000
2022-03-25,27.609493255615234,28.27350932502247,27.18974806430795,27.802915490968033,579016000
2022-03-28,28.13492774963379,28.165835529081235,27.124945266667112,27.67330780734801,425494000
2022-03-29,28.570629119873047,28.85976417250071,27.89664244362196,28.609512491163258,488984000
2022-03-30,27.60750389099121,28.411102336887122,27.421060745065915,28.21967492416321,463487000
2022-03-31,27.20470428466797,28.163838026854247,27.188753110757293,27.699226807551824,523440000
2022-04-01,26.632413864135742,27.41407840137785,26.188740006342908,27.29343862106805,517235000
2022-04-04,27.278486251831055,27.475896299662303,26.533712066907064,26.648369216228314,397120000
2022-04-05,25.853740692138672,27.237605758755578,25.743071345725753,27.172798887898374,436615000
2022-04-06,24.33428382873535,25.224622964462803,23.93148813508022,24.859714163923694,703833000
2022-04-07,24.135875701904297,24.648344247170577,23.40805109513817,24.36818131196346,557992000
2022-04-08,23.050121307373047,23.851726811207488,22.993291917921837,23.84574416968649,524781000
2022-04-11,21.851699829101562,22.253499000395795,21.595465570939584,22.147815823189774,575207000
2022-04-12,21.43992805480957,22.657290726979376,21.21858938714233,22.4698511510868,662258000
2022-04-13,22.13684844970703,22.432964462991524,21.39107781519928,21.663265165709976,516943000
2022-04-14,21.194665908813477,22.70914138808518,21.099949624918715,22.437950489268136,569097000
2022-04-18,21.718103408813477,22.02219313271973,21.016200346382977,21.13684014323295,525701000
2022-04-19,22.131864547729492,22.306342402426626,21.250497509099134,21.655288033662476,512781000
2022-04-20,21.41799545288086,22.6024555729677,21.13683607316311,22.449911553032234,468974000
2022-04-21,20.122865676879883,22.32528363593372,19.940410359200147,21.64431805927398,656209000
2022-04-22,19.45685577392578,20.424963414737594,19.44190107394043,20.242508087919838,624713000
2022-04-25,19.84270668029785,19.885577840769354,19.039108228053102,19.14479141968029,641566000
2022-04-26,18.732025146484375,19.72904585331805,18.614376672651343,19.659254708106264,653143000
2022-04-27,18.36013412475586,19.10989247416375,18.23550655747405,18.542587544483734,499460000
2022-04-28,19.723060607910156,19.977301919519842,18.434910207307524,18.910488306653104,570327000
2022-04-29,18.49174690246582,20.068036269432913,18.461835591856172,19.344199287343677,500435000
2022-05-02,19.47480583190918,19.515682143130196,18.336208020718836,18.48576074197281,572049000
2022-05-03,19.543596267700195,19.765933327881584,19.075993762803037,19.342198449627805,475751000
2022-05-04,20.273418426513672,20.339221777103816,18.695134485364377,19.863643621096067,648855000
2022-05-05,18.787857055664062,19.86563575823811,18.444882087815973,19.807809899114023,626331000
2022-05-06,18.619361877441406,19.453868144607874,17.936403191321382,18.680180965141894,633297000
2022-05-09,16.899497985839844,18.200608121706267,16.776863370793325,17.98026782674294,644455000
2022-05-10,17.542577743530273,18.143781837571737,16.974276274336525,17.636297548198513,761474000
2022-05-11,16.580453872680664,17.70010924577166,16.518640215360524,17.29531869321598,670167000
2022-05-12,16.126808166503906,16.73798268883239,15.520620763164581,16.170677698614824,708728000
2022-05-13,17.653244018554688,17.874582687114945,16.543561257348554,16.73797994693999,670437000
2022-05-16,17.212566375732422,17.73500542241008,17.055038053763205,17.456837299175664,521446000
2022-05-17,18.122840881347656,18.31626309329952,17.581459503770265,18.020147135380373,585830000
2022-05-18,16.887535095214844,18.064019738570103,16.813756162184983,17.652250113395763,545161000
2022-05-19,17.072980880737305,17.634303190844598,16.684141563200637,16.88653775929863,621310000
2022-05-20,16.644264221191406,17.35813066451446,15.708061631405265,17.280363930362633,739105000
2022-05-23,16.84765625,16.86460579941811,16.13079851441161,16.225514794885957,639889000
2022-05-24,16.105867385864258,16.54754822824325,15.732982147525236,16.460807557170174,588550000
2022-05-25,16.924423217773438,17.06001768509136,15.952327858559343,15.972268724782303,781132000
2022-05-26,17.79781150817871,18.03809265565369,15.974260672186306,15.988218897337006,996575000
2022-05-27,18.754953384399414,18.82474451489988,18.046071370079833,18.131815573979985,738379000
2022-05-31,18.616369247436523,19.14279599466487,18.295328116993222,18.923450248875827,664100000
2022-06-01,18.26542091369629,18.99623696880328,18.068010839185806,18.668218552747707,544514000
2022-06-02,19.53363037109375,19.56055035839236,18.14378428765927,18.23750410498318,648656000
2022-06-03,18.664228439331055,19.274406575530012,18.46681836923716,19.025151378896318,598779000
2022-06-06,18.73002815246582,19.27938709229923,18.508689459205605,19.081977060607624,422406000
2022-06-07,18.869617462158203,18.94339641276168,18.133815197492115,18.41696951836632,388914000
2022-06-08,18.596376419067383,19.126903243016258,18.48368837591233,18.74695746915526,363252000
2022-06-09,17.998035430908203,18.880585584914794,17.99105484045959,18.429837257031576,395574000
2022-06-10,16.9270076751709,17.648005592341615,16.822296926639886,17.551274019304014,465248000
2022-06-13,15.603679656982422,16.266838484183843,15.562792805356883,15.955702020878928,604153000
2022-06-14,15.792157173156738,16.021519942748558,15.369330314017972,15.68744737975274,469680000
2022-06-15,16.48124122619629,16.82129668540045,15.88190446378965,16.05043621718236,563936000
2022-06-16,15.557807922363281,15.897864407425715,15.358361819515217,15.816090696879078,545749000
2022-06-17,15.836034774780273,15.950716157739642,15.285562995334534,15.604676739581116,630334000
2022-06-21,16.5201358795166,16.960911609240924,16.361575686273117,16.429388214877477,483089000
2022-06-22,16.31470489501953,16.615868797299967,16.135202954286214,16.18107512298737,437135000
2022-06-23,16.180076599121094,16.53907853768647,15.809105900398132,16.47326129370827,463680000
2022-06-24,17.078584671020508,17.09254584996885,16.26484385133375,16.454318352824092,472153000
2022-06-27,16.822298049926758,17.282022223468143,16.579970759321082,17.264072406028497,427968000
2022-06-28,15.937750816345215,17.154372304605772,15.900852604328026,16.853208409572957,461149000
2022-06-29,15.498970031738281,15.776200235548698,15.128000214513376,15.770217280899118,482352000
2022-06-30,15.117032051086426,15.523902477901675,14.820854376855518,15.318472470620367,686070000
2022-07-01,14.482792854309082,15.021297826850201,14.352155961339314,14.85775230195311,577610000
2022-07-05,14.922569274902344,14.929549863734284,14.016086557176527,14.13575420188145,651397000
2022-07-06,15.08811092376709,15.276587784305496,14.748054467101642,14.9684432720513,529066000
2022-07-07,15.814093589782715,15.900852605446328,15.34639225199434,15.413207136407195,492903000
2022-07-08,15.79415225982666,15.992601679207207,15.346394973873567,15.387281829188536,467972000
2022-07-11,15.110050201416016,15.484011966579512,14.996365505258906,15.483014331967349,437321000
2022-07-12,15.040243148803711,15.388276870570849,14.83581079611465,15.22572805239749,458483000
2022-07-13,15.122016906738281,15.332433178961859,14.424952733218012,14.549606661502255,521918000
2022-07-14,15.32944107055664,15.430161276206992,14.687223985290593,15.066172037556123,456235000
2022-07-15,15.718361854553223,15.738305988579,15.40223910380052,15.615647329390558,385935000
2022-07-18,16.056427001953125,16.850222942064924,15.957702040170656,16.25687078128728,670517000
2022-07-19,16.944955825805664,17.062629156569145,16.127226415976143,16.440356240924725,702366000
2022-07-20,17.757699966430664,17.88335248572077,16.754486493931914,16.900082197018165,760538000
2022-07-21,18.00002670288086,18.093766321144624,17.496425663382336,17.835484504614854,557049000
2022-07-22,17.27104949951172,17.91725420891557,17.089552288201755,17.843459684574043,536671000
2022-07-25,16.976871490478516,17.076595034209255,16.602909628039537,16.971884267154362,480748000
2022-07-26,16.487226486206055,16.872157459195602,16.43237845884533,16.842239834616713,397865000
2022-07-27,17.740745544433594,17.886341221329417,16.866172897497414,16.984842903526864,569776000
2022-07-28,17.934207916259766,18.089776144359217,17.391715338129444,17.925233960102176,474646000
2022-07-29,18.112714767456055,18.193489890290078,17.64301808926749,17.763683382729887,435460000
2022-08-01,18.389944076538086,18.79382347486427,17.940192505913,18.13166037008038,476469000
2022-08-02,18.474706649780273,18.885566611126666,18.041908238318054,18.071825862895118,489527000
2022-08-03,18.84069061279297,18.915483721167206,18.086783232155426,18.1336539858444,418146000
2022-08-04,19.161806106567383,19.220642788518756,18.708065786644244,18.796820102527445,409652000
2022-08-05,18.936429977416992,19.17576531807126,18.61432423658541,18.75792468015069,386068000
2022-08-08,17.743738174438477,18.188504443935763,17.19426496293747,17.45354536402082,981859000
2022-08-09,17.038694381713867,17.398694940794755,16.677697139131496,17.20423514221183,668263000
2022-08-10,18.04689598083496,18.06783774802281,17.269054837998027,17.64900050219798,597422000
2022-08-11,17.89232635498047,18.65520971795895,17.82650909360647,18.080804181955322,509327000
2022-08-12,18.657201766967773,18.666177625548745,17.903294316475968,18.109721945226894,478094000
2022-08-15,18.979307174682617,19.1109416861416,18.561468505502724,18.649224212452747,457666000
2022-08-16,18.82673454284668,19.089006932991676,18.449780750266285,18.867621402461417,451240000
2022-08-17,18.28423309326172,18.636256345075683,18.094760535224413,18.47171418656249,446799000
2022-08-18,18.721025466918945,18.812769810722802,18.13265879882492,18.250332132443727,415447000
2022-08-19,17.799583435058594,18.468725204485096,17.720801686073024,18.35504051013906,441588000
2022-08-22,16.98683738708496,17.509386725743322,16.919024871308032,17.441574209966397,409593000
2022-08-23,17.133434295654297,17.4166484395593,16.923018006184385,16.94196640912856,369986000
2022-08-24,17.174320220947266,17.357810823683003,16.84822587028311,16.96490062655106,522661000
2022-08-25,17.863405227661133,17.897311489093674,16.786395448843106,16.797364674114142,770691000
2022-08-26,16.214982986450195,17.874375614644485,16.192045948797936,17.807561673056387,769127000
2022-08-29,15.75725269317627,16.29276564803654,15.723347381626995,15.97564717969457,496132000
2022-08-30,15.425178527832031,15.994596909271415,15.139970044184812,15.91581609358087,530181000
2022-08-31,15.05221176147461,15.49697709866868,14.917585283969304,15.34140885146709,573710000
2022-09-01,13.898414611816406,14.340187972290808,13.233261435486058,14.169660919691056,1178865000
2022-09-02,13.60921573638916,14.13176414907431,13.553370076539666,14.060961579559567,743157000
2022-09-06,13.427722930908203,13.740853765969245,13.31403821501639,13.692986316954984,535751000
2022-09-07,13.680094718933105,13.803788702525829,13.313004492414725,13.529468012385438,512657000
2022-09-08,13.955412864685059,13.973368965250524,13.335948799799713,13.425725497360691,624873000
2022-09-09,14.35142993927002,14.43821473558163,14.09107555033519,14.12199809219945,486612000
2022-09-12,14.46914005279541,14.511036035425132,14.162898875313989,14.333476599142045,484159000
2022-09-13,13.09853744506836,13.887582320478687,13.06661696561573,13.767879095556324,714956000
2022-09-14,13.09554386138916,13.257143051448159,12.881075254382225,13.221231803218423,588507000
2022-09-15,12.897035598754883,13.200283922132007,12.758379308646864,12.982823422794079,523625000
2022-09-16,13.165369987487793,13.179335313818578,12.585806090810705,12.710497048087857,670751000
2022-09-19,13.348916053771973,13.429716127163072,12.97783599693244,12.979830907792524,569685000
2022-09-20,13.143425941467285,13.449667136036723,13.024720650726076,13.182330035591837,524818000
2022-09-21,13.2282133102417,13.996310026206283,13.077586618372138,13.180332601437664,807679000
2022-09-22,12.529943466186523,13.116489964270434,12.397272880013201,13.037684815715824,759162000
2022-09-23,12.48505687713623,12.579822277960686,12.22669736982,12.38929449653901,663309000
2022-09-26,12.197769165039062,12.627704338358164,12.183803837251507,12.460119453590893,547343000
2022-09-27,12.38231086730957,12.704512253671364,12.22769434741233,12.476078329732838,553854000
2022-09-28,12.704513549804688,12.791298357950701,12.323457977799615,12.379319288548018,542414000
2022-09-29,12.189789772033691,12.469097284845578,11.916466992118151,12.417225794477423,532763000
2022-09-30,12.108989715576172,12.601768874936441,12.045147807986924,12.057118225117197,565638000
2022-10-03,12.481067657470703,12.646657634128852,12.075073310975306,12.316475611950034,547478000
2022-10-04,13.134448051452637,13.187317472632325,12.847159945252836,12.847159945252836,584182000
2022-10-05,13.17634391784668,13.288067492068219,12.589798244962582,12.879081259534201,507131000
2022-10-06,13.097539901733398,13.622239538294219,13.07060622540916,13.187317554392024,644157000
2022-10-07,12.046144485473633,12.638675790831929,11.992278089651654,12.474083761565735,672478000
2022-10-10,11.641148567199707,12.094025672565365,11.379796220873162,12.007240867482555,698699000
2022-10-11,11.557354927062988,11.8167113736007,11.255103622772118,11.532416166894459,667482000
2022-10-12,11.471569061279297,11.705987738753207,11.316952527256786,11.550374224944592,492590000
2022-10-13,11.93043327331543,12.048141591530223,10.786268503018803,10.943877897680135,850103000
2022-10-14,11.199244499206543,12.081058872016744,11.176301596444594,12.027192471424224,713432000
2022-10-17,11.85860824584961,11.918460323463654,11.488526149600807,11.489523129293081,580774000
2022-10-18,11.93741512298584,12.461116834509994,11.589277945577948,12.313482956867912,659362000
2022-10-19,12.021208763122559,12.319470353317195,11.804745194046799,11.849634027138018,523131000
2022-10-20,12.16385269165039,12.737430913529549,12.07507202855851,12.083052622860917,652398000
2022-10-21,12.435179710388184,12.467101136617279,11.857611660936854,12.068089492311048,609494000
2022-10-24,12.567852020263672,12.678577660700563,12.034174829585528,12.477077391333092,517457000
2022-10-25,13.2282133102417,13.267117396918719,12.632689205587983,12.662615718821524,505482000
2022-10-26,12.864118576049805,13.354901886783574,12.676583621317251,12.837185850244591,532953000
2022-10-27,13.143425941467285,13.803789999892798,13.08955953917814,13.596304034739564,583113000
2022-10-28,13.799798011779785,13.815759201014696,13.028709325811903,13.071603238162181,521040000
2022-10-31,13.463631629943848,13.803789144395994,13.264126272475048,13.74393706149706,486341000
2022-11-01,13.509517669677734,13.890573215216364,13.4855768377865,13.77685473939127,432817000
2022-11-02,13.186320304870605,14.174870563722804,13.178340660596593,13.815760885842039,672628000
2022-11-03,13.38782024383545,13.746930863679363,12.923970612064814,13.010755424842653,500065000
2022-11-04,14.121002197265625,14.193821673388257,13.663136398930058,13.95142241289194,612576000
2022-11-07,14.265645980834961,14.37637163738225,13.919504632950106,14.192826490611674,410061000
2022-11-08,14.565900802612305,14.854185888099915,14.18085444989022,14.764408236163073,595292000
2022-11-09,13.741944313049316,14.175869366228325,13.724986140949703,14.126989761120601,454414000
2022-11-10,15.71106243133545,15.734005334197544,14.511036451418649,14.763411236851555,700819000
2022-11-11,16.286638259887695,16.34848526583695,15.443727839760449,15.767924228372218,655487000
2022-11-14,16.254711151123047,16.499106232735553,15.882633238435714,16.177901866300843,527852000
2022-11-15,16.62479591369629,16.955973916165302,16.34149766989013,16.68065721766376,545876000
2022-11-16,15.870665550231934,16.321547735639033,15.833757322153295,16.12204333727618,649547000
2022-11-17,15.6382417678833,16.225786282199604,15.496592636887353,15.676147926956387,710894000
2022-11-18,15.370903968811035,15.962438276776751,15.082617967788815,15.926526078879489,492072000
2022-11-21,15.279134750366211,15.438739057119866,15.042720181282743,15.109554936611273,404739000
2022-11-22,15.998350143432617,16.018301155042618,15.084614360133106,15.29010540365976,472866000
2022-11-23,16.47816276550293,16.486144313073122,16.008328349427657,16.05820398423219,427241000
2022-11-25,16.22977638244629,16.44623895293213,16.13201909254946,16.277658047637875,167934000
2022-11-28,15.787871360778809,16.316561753105944,15.686124245692138,15.986378789361892,303741000
2022-11-29,15.600335121154785,15.892610948250487,15.481629846314512,15.787870048545495,298384000
2022-11-30,16.885480880737305,16.892465330806235,15.56242050073122,15.662198222921692,565298000
2022-12-01,17.09701156616211,17.22672251600334,16.59812007687738,16.961313400800822,470977000
2022-12-02,16.838584899902344,16.895459640770735,16.408540682249722,16.622066938764753,371389000
2022-12-05,16.573171615600586,16.95731819181008,16.435477112814326,16.642018866993716,352255000
2022-12-06,15.951557159423828,16.53625748277145,15.783929395985323,16.493353544908274,352694000
2022-12-07,16.08426284790039,16.150116510882306,15.632266127408133,15.737033837548465,372388000
2022-12-08,17.130935668945312,17.140913726572844,15.923617339692608,16.236922259213415,515456000
2022-12-09,16.96330451965332,17.54401482926612,16.937363096057506,17.121952377755747,465338000
2022-12-12,17.496124267578125,17.499117875319435,16.75976146929497,16.99922915428006,457328000
2022-12-13,18.03193473815918,18.7483433376604,17.671735017061216,18.48991676619764,656589000
2022-12-14,17.63481903076172,18.211538706655226,17.381382402080057,17.947124880020315,496888000
2022-12-15,16.91441535949707,17.281599496574888,16.662975165285864,17.107985485394817,478542000
2022-12-16,16.53426170349121,17.003220944622573,16.373619336340138,16.82661330300129,478232000
2022-12-19,16.21796226501465,16.572174722426883,16.109204679647327,16.535258005172167,354039000
2022-12-20,16.049339294433594,16.27384085919094,15.81685699546008,16.028385941930914,403260000
2022-12-21,16.464412689208984,16.590134671337612,16.066297202560737,16.07827163091564,325025000
2022-12-22,15.304991722106934,16.102221001275094,14.849005155476785,16.058317929250357,565045000
2022-12-23,15.17228889465332,15.304993457460409,14.850005025607482,15.162310836101799,349326000
2022-12-27,14.089693069458008,15.066522651056324,14.024836646016347,15.04058027199165,464902000
2022-12-28,14.004881858825684,14.230380640006066,13.853218422811985,13.896123310795858,351066000
2022-12-29,14.570625305175781,14.650447871616409,14.195459433216843,14.370071654140734,354923000
2022-12-30,14.581600189208984,14.59656632429452,14.20144437182903,14.302220281186143,310490000
2023-01-03,14.283263206481934,14.962754136499147,14.064748866809973,14.818075144951218,401277000
2023-01-04,14.716300964355469,14.820070487005857,14.209427782320121,14.534705251277302,431324000
2023-01-05,14.233373641967773,14.531710520758232,14.11663246222546,14.458872413551465,389168000
2023-01-06,14.826057434082031,14.976722686175162,14.00288666985135,14.44191076025438,405044000
2023-01-09,15.593352317810059,16.020402921173815,15.107431553171974,15.25011511747284,504231000
2023-01-10,15.87373161315918,15.926613614633704,15.437700127722318,15.472622383707401,384101000
2023-01-11,15.965522766113281,15.992463329246284,15.528494153741377,15.804880428301976,353285000
2023-01-12,16.474393844604492,16.60011394726638,15.457652972865747,16.064305755567425,551409000
2023-01-13,16.861534118652344,16.884483841910928,16.129162184625386,16.241910621869895,447287000
2023-01-17,17.66275405883789,17.68869739083552,16.861534824609727,16.861534824609727,511102000
2023-01-18,17.338472366333008,17.833371016829354,17.243681783190326,17.627828386104188,439624000
2023-01-19,16.727832794189453,17.158876197897794,16.693909676604797,16.998231918602517,452932000
2023-01-20,17.79945182800293,17.816414337109105,16.787699916065623,16.973286475081306,564967000
2023-01-23,19.150449752807617,19.202334514054723,17.77849813911899,18.0239511412495,655163000
2023-01-24,19.222286224365234,19.451777728959655,18.778273155345232,18.7852576049282,496204000
2023-01-25,19.280160903930664,19.327057588077132,18.538808102919397,18.87107002531869,449537000
2023-01-26,19.758098602294922,20.121291926493868,19.235260153653364,19.657322688857523,489535000
2023-01-27,20.31985092163086,20.582268342414245,19.36198013839365,19.418852978689333,542142000
2023-01-30,19.11951446533203,20.095344769702777,19.107540036562035,19.90576740996117,488611000
2023-01-31,19.49368667602539,19.643353741949113,18.90798817511003,19.127499744923487,498017000
2023-02-01,20.896570205688477,21.145016818201913,19.567522516028927,19.647345080075983,660477000
2023-02-02,21.660871505737305,21.900339205368454,20.654109551727693,20.953443700486602,564276000
2023-02-03,21.053218841552734,21.696789246514708,20.74290754825101,20.95344017438409,429366000
2023-02-06,21.042247772216797,21.522180421955568,20.739918102623005,20.7598742206852,452197000
2023-02-07,22.12384033203125,22.20965010200628,21.103107721044175,21.334593701458743,664150000
2023-02-08,22.155773162841797,22.82728150904177,21.95920939412325,22.337368891274036,559651000
2023-02-09,22.287479400634766,22.968965772411735,22.07096142740167,22.55588404014392,523876000
2023-02-10,21.217853546142578,22.02905079986804,20.76486152389426,21.641912436236254,550737000
2023-02-13,21.73969268798828,21.99911645552033,20.91552384659178,21.49024697725974,474919000
2023-02-14,22.92007827758789,22.997904483190926,21.318634814745984,21.53016474399163,675474000
2023-02-15,22.713529586791992,22.804327433692144,22.056989406086455,22.499006113761624,420575000
2023-02-16,21.95322036743164,22.50000383331045,21.878385888019974,22.083928543019674,412026000
2023-02-17,21.3405818939209,21.691800771351655,20.92849743532747,21.58304317749563,465888000
2023-02-21,20.609203338623047,21.446341861161894,20.572284722285456,20.95343770145244,410015000
2023-02-22,20.707990646362305,21.05721512005145,20.375728683689406,20.66109585965175,513184000
2023-02-23,23.611536026000977,23.8350403425162,22.973952761903,23.388033612605756,1117995000
2023-02-24,23.234375,23.421959839225643,22.89612775467356,23.173511315975173,589716000
2023-02-27,23.448894500732422,23.827053916300855,23.401999726272685,23.617520428698207,452994000
2023-02-28,23.164527893066406,23.772178848920596,23.154549835484183,23.320182165733303,455963000
2023-03-01,22.647676467895508,23.204439895549427,22.45809718193452,23.140580708274207,460026000
2023-03-02,23.262310028076172,23.328163685156042,22.382265528634285,22.43814303132255,389415000
2023-03-03,23.837032318115234,23.847010375257764,23.078717103361356,23.268296382829778,412393000
2023-03-06,23.501779556274414,24.19423923751773,23.43492676138987,23.83803229096399,437429000
2023-03-07,23.24031639099121,24.07560247170694,23.193411743392723,23.551677824513874,515154000
2023-03-08,24.131486892700195,24.150448993437568,23.37603695159869,23.438907679098733,513573000
2023-03-09,23.38801383972168,24.403929057492398,23.33512096029611,24.125499097663184,501257000
2023-03-10,22.91797637939453,23.57862150456227,22.679465442665016,23.36106747628327,474866000
2023-03-13,22.918973922729492,23.250294843227117,22.25134506080111,22.705413316762304,421890000
2023-03-14,24.01372718811035,24.169407892174178,23.411961279895785,23.447888767567775,474910000
2023-03-15,24.178390502929688,24.236270399989948,23.31216782093887,23.71234578983034,524486000
2023-03-16,25.48870277404785,25.535605516897093,23.845073897032023,23.977802891862606,583253000
2023-03-17,25.67232894897461,26.344948734040642,25.61544454374299,25.92880271607246,848547000
2023-03-20,25.846967697143555,25.970714347329455,25.07854386503028,25.56255140531931,432747000
2023-03-21,26.145357131958008,26.337962757604163,25.329033093000934,26.12639693275394,547408000
2023-03-22,26.413803100585938,27.532507969585293,26.183275210273973,26.37088997719431,797295000
2023-03-23,27.135324478149414,27.442694389660254,26.635350859477686,27.059479880369732,564889000
2023-03-24,26.724166870117188,27.111372891793874,26.301035262211116,26.975651684052345,454920000
2023-03-27,26.47667694091797,26.944716509158773,26.3110164665487,26.782050151047695,361026000
2023-03-28,26.35592269897461,26.45871243560378,25.79706988863312,26.392847592513167,356104000
2023-03-29,26.928749084472656,27.022556480928984,26.542542341100866,26.770076147029812,393694000
2023-03-30,27.326929092407227,27.4426926938408,27.046504340175957,27.1732450978703,364516000
2023-03-31,27.720123291015625,27.77700578403353,27.049498418004845,27.08442659853217,433933000
2023-04-03,27.907737731933594,27.94266591204821,27.280025990589856,27.45267208283813,398716000
2023-04-04,27.39678955078125,27.942670460474673,27.251088574745484,27.908739678999307,368592000
2023-04-05,26.825956344604492,26.942715439128293,26.340951464980066,26.774062779224042,515015000
2023-04-06,26.981639862060547,27.02455108460632,26.372888285157632,26.529566401792227,397654000
2023-04-10,27.52252769470215,27.56444150970001,26.614391229529172,26.76807521785466,395279000
2023-04-11,27.11336898803711,27.733097708803008,27.07045586293639,27.667232866582555,314378000
2023-04-12,26.440750122070312,27.4117573972983,26.393845475280525,27.313958486817846,446259000
2023-04-13,26.408815383911133,26.831947015202942,26.275090880655256,26.67926041012461,353615000
2023-04-14,26.70320701599121,26.827951053263416,26.16630857297882,26.44972742157741,395660000
2023-04-17,26.94670867919922,26.95070019905627,26.3788735796498,26.510603252147177,321471000
2023-04-18,27.610349655151367,28.05244337278638,27.30098493529646,27.476625156577658,604812000
2023-04-19,27.873807907104492,27.94266686552096,27.176239781728775,27.304975350464428,358660000
2023-04-20,27.048503875732422,27.972608458107462,26.9447167273433,27.61434236358742,427713000
2023-04-21,27.0634708404541,27.127340875735126,26.66728437395246,26.896812971013922,345103000
2023-04-24,26.986629486083984,27.309965480209698,26.61638884445198,26.957689535565127,339282000
2023-04-25,26.18726921081543,27.191209883551597,26.17130312906319,27.02255529680181,378527000
2023-04-26,26.900806427001953,27.274041202719886,26.65032090270942,26.946713672472086,406337000
2023-04-27,27.170249938964844,27.438700120455238,26.57048075680254,27.30697044349632,377161000
2023-04-28,27.692182540893555,27.701162985929276,27.015569392110717,27.169255299832017,292216000
2023-05-01,28.85080337524414,28.998501044313812,27.7231180146928,27.782994624988884,570329000
2023-05-02,28.152236938476562,28.776956510510566,28.025498077141993,28.621275795478528,402730000
2023-05-03,27.745075225830078,28.308918916724693,27.415750979636734,27.782997527115576,383387000
2023-05-04,27.505565643310547,27.80195650009337,27.184224452575453,27.594382208198148,321850000
2023-05-05,28.621274948120117,28.696120235561477,27.67421872062941,27.76902351276572,361494000
2023-05-08,29.0913143157959,29.160173286474592,28.291955620185565,28.46360244125181,344979000
2023-05-09,28.51249885559082,28.913676170511692,28.3917482221622,28.839828282414175,314869000
2023-05-10,28.82585334777832,29.053387119106517,28.402721772055823,28.945606561729885,369350000
2023-05-11,28.519481658935547,28.890721581405018,28.188162647959096,28.8368313012262,322149000
2023-05-12,28.281972885131836,28.721072500751447,27.988574237391727,28.470585077894096,274222000
2023-05-15,28.893712997436523,28.909680980904948,28.094354488734744,28.44962451405931,293926000
2023-05-16,29.153182983398438,29.808839206478215,28.77296450239682,28.781944947212995,449405000
2023-05-17,30.1162052154541,30.13716212322984,29.369737672158177,29.523421662513595,432535000
2023-05-18,31.61313819885254,31.762830690352914,30.25791892725925,30.347734802848134,748725000
2023-05-19,31.199983596801758,31.51533653819643,30.852696589930833,31.47142600851462,473908000
2023-05-22,31.112165451049805,31.455460948812917,30.617180758045432,30.837727010931786,372000000
2023-05-23,30.625164031982422,31.223935873295638,30.568281535055462,30.936525465603022,356253000
2023-05-24,30.475467681884766,30.544326634762978,29.744966242348955,30.148138304684203,721419000
2023-05-25,37.90223693847656,39.399165745558044,36.55998955658973,38.44412443571779,1543911000
2023-05-26,38.866249084472656,39.08978942316248,37.47310777717433,37.8124117084939,714397000
2023-05-30,40.02886962890625,41.85212836748926,39.86720258532556,40.5118797580755,923401000
2023-05-31,37.756526947021484,40.21248609510539,37.74455048395033,39.40713938095961,1002580000
2023-06-01,39.68856430053711,39.967989732477896,38.261492175606385,38.41018533563602,635873000
2023-06-02,39.24647521972656,40.41707376526735,38.97802500871207,40.01489905431234,482731000
2023-06-05,39.09080123901367,39.48399174658822,38.62775054976045,38.82933663228625,396094000
2023-06-06,38.57484436035156,39.07980870034091,38.06988002036221,38.750486448017355,388729000
2023-06-07,37.402137756347656,39.42220466810125,37.283369639735355,38.839340474852015,511998000
2023-06-08,38.435123443603516,38.78843525380602,37.43208020342754,37.650652361661095,417772000
2023-06-09,38.69461441040039,39.63378277087799,38.49201001557308,38.96109353851752,427717000
2023-06-12,39.40522384643555,39.45313084322556,38.54290551877419,39.123774523483576,388701000
2023-06-13,40.94223403930664,41.021082803319786,39.66272914194445,40.10786106340082,613208000
2023-06-14,42.91340637207031,42.916398894689806,40.47315646710425,40.74463080916541,740465000
2023-06-15,42.570072174072266,43.20483722073351,42.06505544214176,42.51917264005908,568622000
2023-06-16,42.60898971557617,43.635988226566326,42.578047952217986,43.36551525859182,655709000
2023-06-20,43.72282409667969,43.90447325497645,42.591030025374586,42.914401391724816,451153000
2023-06-21,42.9613037109375,43.530198935249985,41.998183661789234,43.41641836747542,551603000
2023-06-22,42.94134521484375,43.3415626918256,42.15188284213235,42.170843097037455,417737000
2023-06-23,42.12693786621094,42.72576983708017,41.93331479288893,42.38144316710673,358140000
2023-06-26,40.553001403808594,42.68085624285854,40.02203424973249,42.37844394803587,594322000
2023-06-27,41.794578552246094,41.858453292545065,40.369357466339395,40.71967293420545,462175000
2023-06-28,41.03705596923828,41.76364114383004,40.43922159164072,40.58094379252524,582639000
2023-06-29,40.74263381958008,41.51912113593417,40.52106530278883,41.47720297369155,380514000
2023-06-30,42.219749450683594,42.467268355429134,41.420308161971434,41.59896098123988,501148000
2023-07-03,42.33053207397461,42.814589668673115,42.11994379587202,42.434329951938,198209000
2023-07-05,42.23472213745117,43.09304679541421,42.003170973529485,42.05307299440359,323618000
2023-07-06,42.021141052246094,42.096993500956245,41.2656128948708,41.76264574505463,303582000
2023-07-07,42.420352935791016,43.12997276941171,42.09798294597246,42.23970512687058,355881000
2023-07-10,42.097991943359375,42.727765640952,41.568022298100566,42.57406572515449,353908000
2023-07-11,42.322547912597656,42.67486219078261,41.98520766702778,42.398400353937646,298244000
2023-07-12,43.81664276123047,43.84957954428274,42.69383007327396,42.94933285605686,481277000
2023-07-13,45.88760757446289,46.06525908080091,44.405494267990946,44.43144469055369,478204000
2023-07-14,45.380592346191406,47.99449947378626,44.97238720530781,46.49242471309176,772075000
2023-07-17,46.37065887451172,46.40559066754623,45.17399273078662,46.19899623861634,510488000
2023-07-18,47.401649475097656,47.802868230083774,45.64507339337393,46.61019215993459,569164000
2023-07-19,46.98546600341797,47.725026374946644,46.65111827083296,47.37171457968649,427502000
2023-07-20,45.431495666503906,46.99545027981004,44.974385975713794,46.41657614955658,537865000
2023-07-21,44.22284698486328,45.776822685139486,44.01425371443011,45.698971418551594,963769000
2023-07-24,44.525264739990234,45.02130011597327,43.954378225037345,44.644032862073885,382516000
2023-07-25,45.590187072753906,46.093204951452925,44.835656447425045,44.85362300335587,348081000
2023-07-26,45.363624572753906,45.96345774796509,44.54322423850326,45.93151847506049,364237000
2023-07-27,45.81075668334961,47.30284884094631,45.66104681024001,46.42855262404122,455976000
2023-07-28,46.65909957885742,46.93556140812505,46.290817578046465,46.57725828817055,331194000
2023-07-31,46.638145446777344,47.038366761861774,46.41557944946755,46.66309836248381,251055000
2023-08-01,46.41657638549805,46.8088138287661,45.93751010661882,46.369666884333206,237858000
2023-08-02,44.182926177978516,45.750870737209425,43.302641133046315,45.74188936339505,530142000
2023-08-03,44.42844772338867,45.03027593449394,43.71483776411609,43.71483776411609,324176000
2023-08-04,44.59313201904297,45.553259657619556,44.306691262413594,44.89753933286693,362666000
2023-08-07,45.328697204589844,45.45145915668349,44.47635751419299,45.02329239286848,322154000
2023-08-08,44.57716369628906,45.15403903929904,43.970344091683025,44.76579541158173,353843000
2023-08-09,42.47126007080078,44.2258412871121,42.05207472701769,44.18791316298273,586449000
2023-08-10,42.30558395385742,43.489278793199354,41.75365777083557,42.07802662294512,492705000
2023-08-11,40.77556228637695,41.93630299373014,40.55998266636193,41.669820039034846,533085000
2023-08-14,43.66792678833008,43.71483628671642,40.2326217412967,40.407280716905284,690286000
2023-08-15,43.85456848144531,45.17998944739272,43.62501611478745,44.473365790467945,676512000
2023-08-16,43.40144729614258,44.588134620821634,43.321601018047524,44.43343721611258,527451000
2023-08-17,43.25972366333008,43.97632609118521,42.91738827793847,43.884505920253574,452395000
2023-08-18,43.214805603027344,43.49326242209668,41.57899267212394,42.55209527796399,583768000
2023-08-21,46.87567901611328,46.9734880439128,44.13601730847926,44.4074878070853,692573000
2023-08-22,45.57920837402344,48.09331176452581,45.24486061801989,48.04141091720703,755293000
2023-08-23,47.02439498901367,47.108231304990525,45.120103708429646,45.77682532419549,779046000
2023-08-24,47.071292877197266,50.16825993910355,47.067302847925184,50.118357922243646,1156044000
2023-08-25,45.92852783203125,47.71205208326433,44.936457196698406,46.92059466008382,925341000
2023-08-28,46.743934631347656,46.88865315492435,44.800721716075714,46.391620353475034,685192000
2023-08-29,48.68914031982422,48.98556368912056,46.300791934750826,46.575258722484406,701397000
2023-08-30,49.168216705322266,49.82992584763343,48.33084725951484,48.94864322959215,735206000
2023-08-31,49.259037017822266,49.64728061160453,48.86280955740575,49.283989932424504,528570000
2023-09-01,48.41468048095703,49.7031706927899,48.0483934780796,49.66524637506185,463830000
2023-09-05,48.45361328125,48.7560255895284,47.766951165430406,48.12924438500935,382653000
2023-09-06,46.97336959838867,48.45859779156676,46.49326626281809,48.35080099771677,468670000
2023-09-07,46.15489196777344,46.25770080270002,45.067919183407476,45.440225686097044,433330000
2023-09-08,45.48712921142578,46.519203974426986,45.186691077842774,45.856442896600996,473069000
2023-09-11,45.093875885009766,46.077038527672016,44.22948732817348,46.06206706824175,473966000
2023-09-12,44.786441802978516,45.58794785369134,44.448072389819984,44.654687644477335,349256000
2023-09-13,45.40030288696289,45.844473946840324,44.420129217307256,44.516948715229006,398355000
2023-09-14,45.496124267578125,45.90136648262812,45.04696145729557,45.864436629731664,370097000
2023-09-15,43.81825637817383,45.5140902129406,43.726424825872876,45.25657120735263,506831000
2023-09-18,43.884132385253906,44.15961943213608,41.92179358623107,42.668401863830084,500271000
2023-09-19,43.43895721435547,43.88412581719487,42.921920284010895,43.75137406946149,373064000
2023-09-20,42.16034698486328,43.82124998391259,42.14437793528599,43.51881278602881,367108000
2023-09-21,40.94062042236328,42.021603947761406,40.903690569058845,41.505568360727295,450736000
2023-09-22,41.53252410888672,42.036584881029356,41.1542281804466,41.49459285327168,479236000
2023-09-25,42.143375396728516,42.456789851544556,41.100319388968366,41.51354991090628,419091000
2023-09-26,41.83295822143555,42.74026599878411,41.577434392681035,41.92279078773523,402282000
2023-09-27,42.388919830322266,42.79217068875673,41.55148521974545,42.2511801171412,444935000
2023-09-28,43.00876235961914,43.36509601724836,42.036577072071424,42.38093203987961,424663000
2023-09-29,43.417999267578125,44.06179864340564,43.22635545841842,43.74538760189782,397830000
2023-10-02,44.698612213134766,45.09087814744479,43.77932579033049,43.948009813372195,433298000
2023-10-03,43.43596267700195,45.045961784832514,43.165467413747166,44.724558993956826,470850000
2023-10-04,43.95899200439453,44.06080325905543,43.21138616245394,43.660548982906214,361821000
2023-10-05,44.60478591918945,44.816392949836604,43.80627636575413,43.967973455641534,393483000
2023-10-06,45.67678451538086,45.70373466330227,43.944017177662325,44.11070601288464,434436000
2023-10-09,45.18870544433594,45.52008802775481,44.285391673650516,44.75850816281882,409675000
2023-10-10,45.71271896362305,46.17285906419018,45.004041982640686,45.22562871384522,368582000
2023-10-11,46.71884536743164,46.77174808079545,45.96425254771436,46.109980599288626,378137000
2023-10-12,46.85757827758789,47.52034323269725,46.24372566858878,46.68989185981617,481325000
2023-10-13,45.3763427734375,47.02826348384449,45.195680068516225,46.87255194030723,474115000
2023-10-16,46.00917053222656,46.13892572569301,44.82837085700402,44.97909066386404,375099000
2023-10-17,43.85618591308594,44.67066838631244,42.40090056802487,43.91807074145932,812333000
2023-10-18,42.11742401123047,43.13852165493323,41.74711648202066,42.51168892025405,627294000
2023-10-19,42.022605895996094,43.21637798376251,41.8040119269262,42.73128289845607,501233000
2023-10-20,41.30992889404297,42.390912280968735,41.00150240429951,41.81199054712487,477266000
2023-10-23,42.89497756958008,43.1674718539468,40.86875871685224,41.152230295210934,478530000
2023-10-24,43.58169174194336,43.615628825296106,42.611505424258,42.996784415979555,401463000
2023-10-25,41.70119857788086,43.56871659941446,41.47761668487891,43.317183162193714,398379000
2023-10-26,40.25090789794922,42.17731428874224,39.80573926150373,41.775064849583806,541001000
2023-10-27,40.424583435058594,41.1292700454015,39.94048596248548,41.053411354619094,416784000
2023-10-30,41.08435821533203,41.68823125867914,40.405624059194345,41.01049849985918,388028000
2023-10-31,40.704063415527344,40.802881903079644,39.1569503913023,40.37467987980174,517969000
2023-11-01,42.246192932128906,42.30208841819016,40.79290267934758,40.80787414060049,437593000
2023-11-02,43.42498779296875,43.802282272530825,42.814127888386025,43.247317846401735,409172000
2023-11-03,44.92119598388672,45.22462694220357,43.64158173973637,43.93802957100558,424610000
2023-11-06,45.66580581665039,45.849465106470674,44.815391150878824,45.20067395834923,400733000
2023-11-07,45.86942672729492,46.131933661639785,45.07390997743288,45.63386613375853,343165000
2023-11-08,46.487281799316406,46.77973551029514,45.88240735230462,46.01416154146456,346719000
2023-11-09,46.862571716308594,48.1401869158154,46.662943389487246,47.378607266813916,540496000
2023-11-10,48.2449951171875,48.38174104695151,47.194955890683396,47.41155087354873,421245000
2023-11-13,48.52946472167969,49.02454332437156,48.00943495548385,48.230024106474055,384136000
2023-11-14,49.56353759765625,49.74120755867973,48.948687284637685,49.58749498042509,416954000
2023-11-15,48.79696273803711,49.86696509098912,48.11024418489581,49.8420139297863,475497000
2023-11-16,49.38786315917969,49.432781344923285,48.240006851203624,48.588356005845505,339756000
2023-11-17,49.20620346069336,49.62442196935827,48.915744960766254,49.43178055903223,325205000
2023-11-20,50.31513214111328,50.45387324372552,49.08941820057832,49.22017477900762,414120000
2023-11-21,49.85099411010742,50.42292511523791,49.13033850268946,50.032654396209196,565747000
2023-11-22,48.62528991699219,50.24127480470822,47.601199364673555,49.759176257408164,899420000
2023-11-24,47.687034606933594,48.829902895158824,47.656090292901155,48.37974251431558,294645000
2023-11-27,48.15217208862305,48.43963402417859,47.56327053938668,47.7109937696309,395662000
2023-11-28,47.73195266723633,48.233020614585215,47.38460109717888,48.146180818273855,401491000
2023-11-29,48.050357818603516,48.67120123627393,47.7708804254883,48.288914999950215,382005000
2023-11-30,46.682918548583984,48.020423730668426,46.33556692252438,47.93458151014452,526247000
2023-12-01,46.67792892456055,47.11212038076869,46.101005970212235,46.43837790620727,369317000
2023-12-04,45.425254821777344,45.99120035967438,44.926185864436995,45.99120035967438,437543000
2023-12-05,46.48337936401367,46.51731562556562,45.19067511548695,45.385328820380614,371718000
2023-12-06,45.42226028442383,47.30292009715476,45.331422145943435,47.13122440124437,380590000
2023-12-07,46.51332092285156,46.54626331215597,45.52308054469381,45.618910872891085,350823000
2023-12-08,47.42170715332031,47.65629078492983,46.467402174460815,46.5123243077979,359224000
2023-12-11,46.54426956176758,47.446664942684954,45.74868658721169,47.40673880790064,509728000
2023-12-12,47.57244110107422,47.58142400474077,45.96429952454466,45.96429952454466,372387000
2023-12-13,48.00267791748047,48.50778063121328,47.52353004634861,47.54449269431196,447792000
2023-12-14,48.26420593261719,48.58363781796952,47.33785498826681,48.30413587026834,391232000
2023-12-15,48.80324935913086,49.31633726064535,48.034615184125286,48.10848518903452,479948000
2023-12-18,49.98814010620117,50.343507393679296,49.062786887506995,49.312343272880014,412587000
2023-12-19,49.51598358154297,49.61181391094036,48.80824198487287,49.33630266590499,464444000
2023-12-20,48.025634765625,49.91028529819524,48.012657344636494,49.5668939044448,397894000
2023-12-21,48.903076171875,49.007889407965415,48.333086371904265,48.724392927903814,300425000
2023-12-22,48.74336242675781,49.29537882848635,48.38100372795406,49.107712672335644,252507000
2023-12-26,49.191558837890625,49.51198840359391,48.873124626710656,48.88110985273242,244200000
2023-12-27,49.32931900024414,49.59185284551433,48.997907338293054,49.42315398247824,233648000
2023-12-28,49.43413543701172,49.795492674643874,49.324329994165225,49.554922947314495,246587000
2023-12-29,49.43413543701172,49.908294957673476,48.664503467597335,49.724619498674286,389293000
2024-01-02,48.08252716064453,49.20752624943747,47.51054587491967,49.15661805673898,411254000
2024-01-03,47.48459243774414,48.098499031561545,47.23603372218609,47.40074185532866,320896000
2024-01-04,47.91283416748047,48.413942329548256,47.42370194062123,47.68224124777032,306535000
2024-01-05,49.00988006591797,49.459082326064205,48.22028328844258,48.37600851565981,415039000
2024-01-08,52.1602897644043,52.18225389964643,49.39121320158821,49.424155596522276,642510000
2024-01-09,53.04571533203125,54.22861420741035,51.598287244233845,52.30802809263291,773100000
2024-01-10,54.25356674194336,54.50312317370562,53.39409433002728,53.52087170860792,533796000
2024-01-11,54.72472381591797,55.24779611496442,53.46496584925973,54.90141170121365,596759000
2024-01-12,54.61292266845703,54.872463461679565,54.23359967517569,54.52308221048439,352994000
2024-01-16,56.28196334838867,56.734158722808395,54.80259436306696,54.920385030235444,449580000
2024-01-17,55.953548431396484,56.370806056804064,54.64287831771136,56.24702551752996,474394000
2024-01-18,57.00566864013672,57.497793898777594,56.00744302517233,57.15839703737256,491650000
2024-01-19,59.38544464111328,59.394427545023596,57.12346261571884,57.88610696898355,543501000
2024-01-22,59.548152923583984,60.223953645882176,58.96518950299891,59.942452516713104,452955000
2024-01-23,59.76676940917969,59.803702511682395,58.48105267598879,59.46430561582059,294654000
2024-01-24,61.25312042236328,62.73748144195341,59.83164734308872,60.19699904963291,560271000
2024-01-25,61.50767135620117,62.607717226695215,60.742030169454694,62.239368666397,482777000
2024-01-26,60.92271423339844,61.67338271174931,60.46553046315559,60.85184105783135,390309000
2024-01-29,62.35416793823242,62.37812361839996,60.79893365210522,61.12335395532468,348733000
2024-01-30,62.66261672973633,63.38034275629544,62.14952879417416,62.788396424260334,410735000
2024-01-31,61.4178352355957,62.15851930991276,60.592302887690344,61.33098779929159,453795000
2024-02-01,62.9151725769043,63.07888305643791,61.54061686379006,61.98981538927627,369146000
2024-02-02,66.04261016845703,66.48182425910672,63.57698787949549,63.86048434942647,476578000
2024-02-05,69.20897674560547,69.37368488045085,67.085752030502,68.10393877262449,680078000
2024-02-06,68.10194396972656,69.63022558045657,66.18235963384292,69.50644505901005,683111000
2024-02-07,69.97461700439453,70.09540449820057,67.48005062301553,68.19777661316522,495575000
2024-02-08,69.51742553710938,70.66837949372972,69.33175856710787,69.9496558671256,414422000
2024-02-09,72.00502014160156,72.05692221360141,70.08742326576261,70.40785287358678,436637000
2024-02-12,72.11981201171875,74.4786183227707,71.1235816589561,72.47118484090161,613710000
2024-02-13,72.00003814697266,73.31969142351917,69.49649190429426,70.27510691021548,602580000
2024-02-14,73.76888275146484,74.10428513350574,71.81036588559786,73.0721231436502,504917000
2024-02-15,72.5290756225586,73.8437401296513,72.27153779440317,73.73793302512789,420122000
2024-02-16,72.4841537475586,74.2699807907232,72.37235296886776,73.96851471281462,495327000
2024-02-20,69.32878112792969,71.82833631589585,67.61382690331146,71.81934960299229,704833000
2024-02-21,67.35228729248047,68.76577530674938,66.13045996080022,67.88533642606332,673755000
2024-02-22,78.39865112304688,78.43558041658676,74.08831180865685,74.8918837924214,865100000
2024-02-23,78.67716217041016,82.24781162101127,77.43237298519631,80.64666119604064,829388000
2024-02-26,78.95166778564453,80.5029113343283,78.36570371037314,79.55858308487059,503973000
2024-02-27,78.56135559082031,79.33898034064636,77.0250924240117,79.24014935736925,391705000
2024-02-28,77.52520751953125,78.79295085611872,76.98816006177154,77.48228454390929,393110000
2024-02-29,78.97162628173828,79.84806674793919,78.21097730890395,78.95366047452625,507289000
2024-03-01,82.13301086425781,82.15397732028299,79.29405523547015,79.85805518730493,479135000
2024-03-04,85.08576965332031,87.5394087840452,83.5704651854909,83.98073146925641,615616000
2024-03-05,85.81549835205078,85.94827183043155,83.27290109267872,85.12269695886387,520639000
2024-03-06,88.54676055908203,89.56899358821315,86.87964744648528,87.86993807352297,582520000
2024-03-07,92.5089111328125,92.60674140930558,89.44720809741612,90.00224735235656,608119000
2024-03-08,87.37679290771484,97.23174040772027,86.35655527181379,94.97364703765751,1142269000
2024-03-11,85.62582397460938,88.64359662209651,84.02060015441661,86.27969121669621,678364000
2024-03-12,91.75421905517578,91.80113493638854,86.0011743538899,87.89689583589372,668075000
2024-03-13,90.73099517822266,91.34592838246506,88.28222971094472,90.89770650975179,635713000
2024-03-14,87.79207611083984,90.48941185201531,86.45039611721776,89.42225831640668,602318000
2024-03-15,87.68525695800781,89.39130424407391,86.10799224334774,86.77982614282709,642086000
2024-03-18,88.30220031738281,92.24537384693531,86.93456418081807,90.2318598178106,668976000
2024-03-19,89.24356079101562,90.38757708954982,84.86314090656104,86.55021612428985,672171000
2024-03-20,90.21588134765625,90.25381771221527,88.07059173697641,89.6418701073994,479063000
2024-03-21,91.27704620361328,92.48795583781609,90.24882671788191,92.140557424416,480372000
2024-03-22,94.12611389160156,94.61426754269417,90.67708069798141,90.9835495525749,586719000
2024-03-25,94.83787536621094,96.59882785449742,93.34845614456138,93.77871131394467,552136000
2024-03-26,92.4011001586914,96.20851455285562,92.34220396856466,95.68541767838448,513648000
2024-03-27,90.0940933227539,93.0789259717654,88.96904130951937,92.95114873658731,586067000
2024-03-28,90.19991302490234,91.1422825108375,89.03892009399118,89.8445252112995,435212000
2024-04-01,90.20690155029297,92.06568455405531,89.0499070749777,90.14301673764523,452441000
2024-04-02,89.29747009277344,89.93835929549583,87.46863424504667,88.295199136712,433064000
2024-04-03,88.81031799316406,90.21788597554938,88.24729689318218,88.33115142365672,370067000
2024-04-04,85.756591796875,90.47742601324012,85.73163346290652,90.24981545155312,434965000
2024-04-05,87.85597229003906,88.32815477151372,85.77756814573236,86.71593914747515,399678000
2024-04-08,86.98246765136719,88.67653442305598,86.5821594652945,88.54675414355297,283220000
2024-04-09,85.20654296875,87.4836082761363,82.87857850073121,87.29094090122678,501700000
2024-04-10,86.88864135742188,87.24901778988773,83.56439211342133,83.78102010903869,431929000
2024-04-11,90.45945739746094,90.58224601063488,86.77583708331596,87.2689793680449,431637000
2024-04-12,88.03366088867188,90.01923104025528,87.37879585703206,89.54404775764081,426805000
2024-04-15,85.85243225097656,90.45646450816476,85.78055803275619,88.94408228829708,443077000
2024-04-16,87.26397705078125,87.96575781048008,85.91531319822654,86.2836713637175,370453000
2024-04-17,83.88983154296875,88.62164096734257,83.80497167986917,88.18738725935935,495400000
2024-04-18,84.52472686767578,86.0411075798554,82.25964941091485,84.82321393436638,447260000
2024-04-19,76.06836700439453,84.17833393456459,75.47539894537725,83.00636595540483,875198000
2024-04-22,79.38063049316406,79.93467203595871,76.26802061217705,77.96907171420484,596341000
2024-04-23,82.28062438964844,82.62602740194592,80.12535711810007,80.6294820720588,438559000
2024-04-24,79.53936767578125,83.93675724779338,79.04621772256601,83.80498148732187,512208000
2024-04-25,82.4892578125,83.1790583894206,78.08787011237102,78.73175253009703,424641000
2024-04-26,87.58344268798828,88.17841379736606,83.24295407183207,83.67320929669376,551011000
2024-04-29,87.60540008544922,87.83998710672722,85.11869845127212,87.44367738781547,388971000
2024-04-30,86.25274658203125,88.66557118869024,86.15092540038592,87.08929643239856,363709000
2024-05-01,82.89752960205078,85.85141694267458,81.11461218464028,84.93001509196907,559863000
2024-05-02,85.66876220703125,86.0880348767794,83.05627839074917,84.30312143328865,377898000
2024-05-03,88.6356201171875,89.12676696706856,86.88964093377092,87.63734759857738,398341000
2024-05-06,91.98081970214844,92.06068332323404,88.90115021604193,89.23557056109705,376203000
2024-05-07,90.39757537841797,91.62245320483287,88.8572415302883,90.94063437830519,437342000
2024-05-08,90.25581359863281,91.03646035901207,89.26552291616532,89.32841761603471,325721000
2024-05-09,88.59368896484375,90.91466942223298,88.07858152551931,90.37260819958134,378013000
2024-05-10,89.72274780273438,91.24311967224041,89.07287133117944,90.14901217503873,335325000
2024-05-13,90.24283599853516,90.84080023922876,88.37606371894472,90.32169428450598,289680000
2024-05-14,91.19818878173828,91.49267735254841,88.78036800318161,89.44422015487879,296507000
2024-05-15,94.4665298461914,94.69813133508781,91.44076747625896,92.31226052004403,417735000
2024-05-16,94.19599914550781,95.65347613046144,93.94043705092355,94.74604980958085,323952000
2024-05-17,92.31922912597656,94.57632459586712,91.64739527694968,94.20597095996422,359691000
2024-05-20,94.61627197265625,95.03554461976276,93.27859039868353,93.58805245494568,318764000
2024-05-21,95.22122955322266,95.23520530836203,93.01903897023965,93.43731390021196,328946000
2024-05-22,94.78597259521484,95.85412388547536,93.08791463591838,95.29409598809328,548648000
2024-05-23,103.61969757080078,106.1363388077003,101.34462744914427,101.85175314144693,835065000
2024-05-24,106.28507232666016,106.29105867121642,102.82206339543845,104.2685576920773,429494000
2024-05-28,113.7042236328125,114.74043237669933,109.69316745366345,110.05354384473526,652728000
2024-05-29,114.62662506103516,115.29247256775368,110.70940819239908,112.85469764744549,557442000
2024-05-30,110.3091049194336,115.61891628592592,109.47355289556607,114.45193707992216,484553000
2024-05-31,109.44361114501953,112.52228313915187,106.75526253688238,112.32561724375552,613263000
2024-06-03,114.80133819580078,114.80133819580078,111.80951385006522,113.42472260342709,438392000
2024-06-04,116.23585510253906,116.39857553569502,113.8479889155611,115.51610755402032,403324000
2024-06-05,122.2284927368164,122.23747225440593,117.26508152569082,118.16652151115385,528402000
2024-06-06,120.78898620605469,125.37005594832782,118.1156108470622,123.83371299207869,664696000
2024-06-07,120.6791763305664,121.48178833918006,117.81812979264019,119.56310374577737,412386000
2024-06-10,121.57960510253906,122.88733960177423,116.80786391189227,120.16206002224595,313434100
2024-06-11,120.71105194091797,122.66782593913159,118.54461678500223,121.56962984389475,222551200
2024-06-12,124.99398040771484,126.6712162731191,122.36831081363356,122.85750238613136,299595000
2024-06-13,129.39671325683594,129.58640302855855,126.95074804505506,129.17707407207072,260704500
2024-06-14,131.66299438476562,132.62140615970972,128.10885485479358,129.7461556011969,309320400
2024-06-17,130.7644805908203,133.5099557271365,129.3667902512595,132.77118307637525,288504400
2024-06-18,135.3568878173828,136.10565359767494,130.47493553922533,130.92419196066484,294335100
2024-06-20,130.56480407714844,140.52837801062054,129.30688285479897,139.56996619369176,517768400
2024-06-21,126.36173248291016,130.4150570517715,124.09547105255645,126.91083052082259,649445800
2024-06-24,117.9156494140625,124.25519890170064,117.84576490444155,123.03720520530106,476060900
2024-06-25,125.88251495361328,126.29184395373642,119.1236583558784,121.00056206941291,414192600
2024-06-26,126.19200897216797,127.90917229563556,122.39825886605338,125.92244899462368,362975900
2024-06-27,123.78598022460938,126.20200405764365,122.71774114608809,123.89579983596734,252571700
2024-06-28,123.33672332763672,127.49986001719877,122.54802231076043,124.37501298465715,315516700
2024-07-01,124.09547424316406,124.6345790000873,118.63447360818265,123.26683813440599,284885500
2024-07-02,122.4681396484375,123.20692743216773,120.8308389451457,120.93067286767031,218374000
2024-07-03,128.06890869140625,128.06890869140625,121.16029766804549,121.45980705227005,215749000
2024-07-05,125.6229476928711,128.63798252741702,125.47319299554034,127.17039258704797,214176700
2024-07-08,127.98902893066406,130.55480700867955,126.83094180644568,127.28019823232947,237677300
2024-07-09,131.163818359375,133.59980576329167,128.43829962119838,130.1355144487565,285366600
2024-07-10,134.68800354003906,134.87769332438475,132.20209545632153,133.8094467425138,248978600
2024-07-11,127.19036102294922,135.92595502009132,126.84093848175796,135.52661932549566,374782700
2024-07-12,129.02735900878906,131.70294212873284,127.01067837288572,128.04896049446677,252680500
2024-07-15,128.22865295410156,131.1737956487568,126.97072416574117,130.3451595951711,208326200
2024-07-16,126.1520767211914,128.82765950066548,124.37500690887067,128.22865593379024,214769500
2024-07-17,117.79584503173828,121.64949400158038,116.52793817127537,121.15031675281162,390086200
2024-07-18,120.89073944091797,122.19858897958201,116.36819489836525,121.64949097287113,320979500
2024-07-19,117.73594665527344,121.39990584738524,117.176870571876,120.15196272062997,217223800
2024-07-22,123.33672332763672,123.86585002604772,119.66277824004172,120.15196984200875,258068900
2024-07-23,122.38827514648438,124.48482570104972,121.89908357161131,122.57796493987696,173911000
2024-07-24,114.06200408935547,119.75262181556741,113.25333936427286,118.9739065074374,327776900
2024-07-25,112.09524536132812,116.43808604158575,106.12508953993542,112.85399693651604,460067000
2024-07-26,112.87394714355469,116.00877938122822,111.39638688236367,115.998801321254,293399100
2024-07-29,111.4063720703125,116.08865698961546,111.1168559757427,113.50292255867154,248152100
2024-07-30,103.55931091308594,111.80571322284378,102.37126667488353,111.33648541055072,486833300
2024-07-31,116.82743835449219,118.14526596856572,110.6975424326974,112.71422275560462,473174200
2024-08-01,109.0302963256836,119.9622829008677,106.63424395188704,117.33660563582859,523462300
2024-08-02,107.09349060058594,108.5411092867564,101.20320477351441,103.58927156926894,482027500
2024-08-05,100.28470611572266,103.239842127859,90.5407717150732,91.90851250035082,552842400
2024-08-06,104.0784683227539,107.53277436697496,100.38455930431832,103.66913927566458,409012100
2024-08-07,98.74724578857422,108.62097103799087,98.52760658313275,107.6325946135043,411440400
2024-08-08,104.79727172851562,105.3263983879788,97.3595262295921,101.83215768316434,391910000
2024-08-09,104.57762908935547,106.42458330646772,103.25980151433504,105.46616394434741,290844200
2024-08-12,108.84060668945312,110.88723650727509,106.08515369153115,106.14505252549102,325559900
2024-08-13,115.94888305664062,116.03873891622582,111.39638928672005,112.25497470709487,312646700
2024-08-14,117.88570404052734,118.40484504167927,113.88230026594151,118.33496052966188,339246400
2024-08-15,122.6578369140625,123.03720888953038,117.27670666159618,118.56458490618095,318086700
2024-08-16,124.375,124.79430704362497,120.98059332504539,121.73934484458584,302589900
2024-08-19,129.7860870361328,129.7860870361328,123.21691249503145,124.0754979878485,318333600
2024-08-20,127.04061889648438,129.66629628755138,125.6828560733908,128.18872055728244,300087400
2024-08-21,128.28854370117188,129.13715105648026,126.45157521398528,127.11048517418402,257883600
2024-08-22,123.53639221191406,130.53485987199215,122.89744589722252,129.80606530219129,376189100
2024-08-23,129.1571044921875,129.38673697357257,125.01393980516215,125.65288601497598,323230300
2024-08-26,126.25190734863281,131.04400430992783,124.16535012958609,129.35679802537265,331964700
2024-08-27,128.08888244628906,128.98739538212007,123.6761498691349,124.84423039602758,303134600
2024-08-28,125.40331268310547,128.118838213882,122.43819852070378,127.90917706049713,448101100
2024-08-29,117.39649963378906,124.22524823697073,116.51795043355128,121.16030028839229,453023300
2024-08-30,119.173583984375,121.54966504357485,117.02712020356385,119.33331674975315,333751600
2024-09-03,107.82228088378906,116.01877002584149,107.11345013644421,115.81910218205195,477155100
2024-09-04,106.03523254394531,113.0836130103624,103.94867525541761,105.23655349888746,372470300
2024-09-05,107.03358459472656,109.46957200218677,104.58761912643209,104.8172363950656,306850700
2024-09-06,102.66079711914062,107.97204286084109,100.78388574677186,107.86222325429438,413638100
2024-09-09,106.29480743408203,106.37467762407766,103.51938307487873,104.70741977949132,273912000
2024-09-10,107.92210388183594,109.21996758561849,104.77728615100841,107.63258020585863,268283700
2024-09-11,116.71763610839844,116.9971741685222,107.24324578146685,109.21000549756162,441422400
2024-09-12,118.95413208007812,120.60155948017247,115.19999582839206,116.6577172050991,366052700
2024-09-13,118.9141845703125,119.77284345041441,117.41652479583126,118.8942191250157,238358300
2024-09-16,116.59780883789062,117.99562620382233,114.1815861384539,116.60779536966285,248772300
2024-09-17,115.40966796875,118.61466685067687,114.65085910577872,117.98564481894722,231925900
2024-09-18,113.19313049316406,117.51636932909096,113.04336298957726,115.70919560695407,310318900
2024-09-19,117.68611145019531,119.47331975028854,117.06707598202318,117.16691844656921,293506400
2024-09-20,115.81903076171875,118.43494609535816,115.2099818009,116.87737463970251,382462400
2024-09-23,116.07862854003906,116.80748542405605,114.68081111279044,116.36817703420066,206228500
2024-09-24,120.68143463134766,121.60998405209612,115.19999404233639,116.33821493002908,354966800
2024-09-25,123.31731414794922,124.74508350925583,121.42027681497308,121.82963321276459,284692900
2024-09-26,123.84648132324219,127.47081527785902,121.6099781665842,126.60217747362803,302582900
2024-09-27,121.21060180664062,123.83649592385486,119.07394109309165,123.77659196922,271009200
2024-09-30,121.25054931640625,121.31045327548797,117.96568098439478,118.1254274144435,226553700
2024-10-01,116.81746673583984,122.24898215671047,115.60935538711523,121.58002164337385,302094500
2024-10-02,118.6645736694336,119.19374556676668,114.9603627706106,116.25833761189251,221845900
2024-10-03,122.65834045410156,124.16598683922703,120.15225416683853,120.73135113827638,277118000
2024-10-04,124.72511291503906,124.84492844767553,121.63993722019764,124.7450859792245,243678100
2024-10-07,127.52074432373047,130.43618698242878,124.7550615549546,124.79500006476454,346250200
2024-10-08,132.6826629638672,133.27173878303944,129.21807567689768,130.0567614433445,285722500
2024-10-09,132.44305419921875,134.31014727855833,131.1750464230449,133.9007832398008,246191600
2024-10-10,134.5996856689453,134.7893916948541,130.79563194093248,131.70421594134592,242311300
2024-10-11,134.58970642089844,135.5681732923908,133.4514855032485,133.80093033986074,170209500
2024-10-14,137.85459899902344,139.3822107684187,136.0873561782587,136.2570891265267,232347700
2024-10-15,131.3946990966797,138.3538265330219,128.5391603262797,137.654906403531,377831000
2024-10-16,135.50827026367188,136.40686011825153,131.37472950963348,133.77097927850218,264879700
2024-10-17,136.71636962890625,140.6701983777905,136.65646567187503,139.12261346955344,306435900
2024-10-18,137.7847137451172,138.6833036103306,137.06583575895257,138.45366668655112,176090200
2024-10-21,143.4857940673828,143.4857940673828,137.78469595874105,137.91449801128798,264554500
2024-10-22,143.36598205566406,144.194689003585,141.55880826832362,142.68705023422552,226311600
2024-10-23,139.34226989746094,142.20778753302577,137.24555525009052,141.80841766733155,285930000
2024-10-24,140.19094848632812,141.12948441968888,138.2439937495604,140.6003124972593,172354900
2024-10-25,141.31918334960938,143.90515439009727,140.5803475394567,140.71013437273555,205122100
2024-10-28,140.30079650878906,142.91670449778834,139.83152847847435,142.77692350375753,173586700
2024-10-29,141.02963256835938,142.0380513591214,138.68329276437913,140.0711235834401,157593600
2024-10-30,139.12261962890625,140.11108066863528,136.59656776236113,139.32230457284558,179418100
2024-10-31,132.55287170410156,137.39531116933003,131.90389188236236,137.38533225522045,270039600
2024-11-01,135.1887664794922,137.09579048755296,134.36007470728345,134.4898615442038,207127800
2024-11-04,135.83775329589844,138.74321710094807,135.3585064031532,136.9959472521015,187528200
2024-11-05,139.6917266845703,140.151000495864,137.11574997671616,137.23555788662173,160537400
2024-11-06,145.38282775878906,146.26145970555473,141.73852838547052,142.73696823952852,242043900
2024-11-07,148.64773559570312,148.6976454021817,145.94195679227957,146.16161478672652,207323300
2024-11-08,147.39967346191406,149.53633403774526,146.03180056765603,148.5378942315628,175665800
2024-11-11,145.0333709716797,148.6177817068004,143.3460203778287,148.44803352101476,182325600
2024-11-12,148.0586395263672,149.41651833977537,145.78219787373922,146.55100082856893,198634700
2024-11-13,146.0417938232422,149.0970171738845,145.67236073742527,148.83742831045777,191903300
2024-11-14,146.5310516357422,148.76756276185756,145.32294774490563,147.40968372724925,194463300
2024-11-15,141.75848388671875,145.0134075079149,139.86145428913719,144.6439744081883,250132900
2024-11-18,139.93133544921875,141.32916034590224,136.93601597273187,139.28235565663965,221205300
2024-11-19,146.78065490722656,146.90047806374457,140.77005724054902,141.09954425974988,227834900
2024-11-20,145.6623992919922,147.32979212988033,142.50732548898966,147.18003223590216,309871700
2024-11-21,146.44119262695312,152.65149063112756,140.4805046221909,149.11701974284432,400946600
2024-11-22,141.72854614257812,146.93042492260167,140.8798813363258,145.70233282975542,236406200
2024-11-25,135.80780029296875,141.82839170792872,135.60811535874635,141.76848775116036,344941900
2024-11-26,136.70640563964844,139.08269776121745,135.45835561529256,137.48518763604767,190287700
2024-11-27,135.12884521484375,137.00591700209634,131.59437486042492,134.7993582371888,226370900
2024-11-29,138.03433227539062,139.13262238748922,135.837767286179,136.56662423239774,141863200
2024-12-02,138.41372680664062,140.23087948399635,137.60499293345052,138.6134117376161,171682800
2024-12-03,140.0411834716797,140.32074544201365,137.73478959893222,138.04430354930304,164414000
2024-12-04,144.91355895996094,145.56253876730494,140.07111960214385,141.77845844597738,231224300
2024-12-05,144.84368896484375,146.3214777724878,143.7353435501018,144.89361745373108,172621200
2024-12-06,142.2275848388672,145.4827177885172,141.09926510716357,144.38436733563313,188505600
2024-12-09,138.6029815673828,139.74128080496888,136.92549436926976,138.76274660606958,189308600
2024-12-10,134.86856079101562,141.6084936848826,133.59045579547387,138.80267178561354,210020900
2024-12-11,139.10223388671875,139.9609519122756,135.00835767243856,137.15514511831444,184905200
2024-12-12,137.1351776123047,138.23354324797214,135.59748095840345,136.8755708420711,159211400
2024-12-13,134.04978942871094,139.39181692680097,132.34233289302693,138.7327975455873,231514900
2024-12-16,131.8031463623047,134.19956111084232,130.22550081237128,133.9798879813558,237951100
2024-12-17,130.19554138183594,131.39374870651014,126.67080709010266,128.89747709842524,259410300
2024-12-18,128.71775817871094,136.49613412730267,128.08869283192976,133.6603731199009,277444500
2024-12-19,130.48509216308594,133.8301019554315,129.35678784338916,131.56348324328064,209719200
2024-12-20,134.49911499023438,135.07825184796977,128.02878306565836,129.61640819653473,306528600
2024-12-23,139.4617156982422,139.58153187306692,134.91849782504636,136.07677163513355,176053500
2024-12-24,140.0109100341797,141.68839756334225,138.44324385025058,139.7912368716414,105157000
2024-12-26,139.72132873535156,140.6399702368576,137.52461242783102,139.4916759779926,116205600
2024-12-27,136.8056640625,138.81267619141968,134.50910636621433,138.34337590905767,170582600
2024-12-30,137.28494262695312,140.060795108374,133.82011682531788,134.628906293037,167734700
2024-12-31,134.08973693847656,137.8641141320975,133.63043143330796,137.82416524884428,155659200
